🌊 EcoSpark Python Simulator started — 10 MKCE sensors
   Target: http://localhost:3001/api/sensor-data
   Press Ctrl+C to stop.


⏱ 10:28:39 ────────────────────────────────────────
🟡 [MKCE_LID_01] Main Gate Road         |  69.0% | WARNING
🟡 [MKCE_LID_02] Academic Block Road    |  50.6% | WARNING
🟡 [MKCE_LID_03] Central Avenue         |  41.3% | WARNING
🟢 [MKCE_LID_04] Library Road           |  21.7% | NORMAL
🟢 [MKCE_LID_05] Workshop Road          |  37.7% | NORMAL
🟡 [MKCE_LID_06] Hostel Block Road      |  50.6% | WARNING
🟡 [MKCE_LID_07] Hostel Ring Road       |  52.8% | WARNING
🟢 [MKCE_LID_08] Playground Perimeter Rd |  21.8% | NORMAL
🔴 [MKCE_LID_09] Canteen Road           |  75.8% | CRITICAL
🔴 [MKCE_LID_10] Back Gate Road         |  73.1% | CRITICAL

⏱ 10:28:42 ────────────────────────────────────────
🟡 [MKCE_LID_01] Main Gate Road         |  68.1% | WARNING
🟢 [MKCE_LID_02] Academic Block Road    |  19.1% | NORMAL
🟡 [MKCE_LID_03] Central Avenue         |  43.2% | WARNING
🟢 [MKCE_LID_04] Library Road           |  19.4% | NORMAL
🟢 [MKCE_LID_05] Workshop Road          |  38.7% | NORMAL
🟡 [MKCE_LID_06] Hostel Block Road      |  50.3% | WARNING
🟡 [MKCE_LID_07] Hostel Ring Road       |  51.3% | WARNING
🟢 [MKCE_LID_08] Playground Perimeter Rd |  23.3% | NORMAL
🔴 [MKCE_LID_09] Canteen Road           |  77.3% | CRITICAL
🔴 [MKCE_LID_10] Back Gate Road         |  73.2% | CRITICAL

⏱ 10:28:45 ────────────────────────────────────────
🟡 [MKCE_LID_01] Main Gate Road         |  68.0% | WARNING
🟢 [MKCE_LID_02] Academic Block Road    |  17.9% | NORMAL
🟡 [MKCE_LID_03] Central Avenue         |  45.2% | WARNING
🟢 [MKCE_LID_04] Library Road           |  16.4% | NORMAL
🟢 [MKCE_LID_05] Workshop Road          |  39.5% | NORMAL
🟡 [MKCE_LID_06] Hostel Block Road      |  50.3% | WARNING
🟡 [MKCE_LID_07] Hostel Ring Road       |  49.7% | WARNING
🟢 [MKCE_LID_08] Playground Perimeter Rd |  25.2% | NORMAL
🔴 [MKCE_LID_09] Canteen Road           |  78.5% | CRITICAL
🔴 [MKCE_LID_10] Back Gate Road         |  74.0% | CRITICAL

⏱ 10:28:48 ────────────────────────────────────────
🟡 [MKCE_LID_01] Main Gate Road         |  67.3% | WARNING
🟢 [MKCE_LID_02] Academic Block Road    |  16.7% | NORMAL
🟡 [MKCE_LID_03] Central Avenue         |  46.2% | WARNING
🟢 [MKCE_LID_04] Library Road           |  13.3% | NORMAL
🟡 [MKCE_LID_05] Workshop Road          |  41.0% | WARNING
🟡 [MKCE_LID_06] Hostel Block Road      |  50.7% | WARNING
🟡 [MKCE_LID_07] Hostel Ring Road       |  48.6% | WARNING
🟢 [MKCE_LID_08] Playground Perimeter Rd |  27.2% | NORMAL
🔴 [MKCE_LID_09] Canteen Road           |  80.2% | CRITICAL
🔴 [MKCE_LID_10] Back Gate Road         |  75.6% | CRITICAL

⏱ 10:28:51 ────────────────────────────────────────
🟡 [MKCE_LID_01] Main Gate Road         |  66.7% | WARNING
🟢 [MKCE_LID_02] Academic Block Road    |  15.6% | NORMAL
🟡 [MKCE_LID_03] Central Avenue         |  46.9% | WARNING
🟢 [MKCE_LID_04] Library Road           |   9.9% | NORMAL
🟡 [MKCE_LID_05] Workshop Road          |  43.5% | WARNING
🟡 [MKCE_LID_06] Hostel Block Road      |  51.4% | WARNING
🟡 [MKCE_LID_07] Hostel Ring Road       |  47.6% | WARNING
🟢 [MKCE_LID_08] Playground Perimeter Rd |  29.1% | NORMAL
🔴 [MKCE_LID_09] Canteen Road           |  82.0% | CRITICAL
🔴 [MKCE_LID_10] Back Gate Road         |  76.5% | CRITICAL

⏱ 10:28:54 ────────────────────────────────────────
🟡 [MKCE_LID_01] Main Gate Road         |  65.3% | WARNING
🟡 [MKCE_LID_02] Academic Block Road    |  44.7% | WARNING
🟡 [MKCE_LID_03] Central Avenue         |  46.6% | WARNING
🟢 [MKCE_LID_04] Library Road           |   7.3% | NORMAL
🟡 [MKCE_LID_05] Workshop Road          |  46.1% | WARNING
🟡 [MKCE_LID_06] Hostel Block Road      |  51.7% | WARNING
🟡 [MKCE_LID_07] Hostel Ring Road       |  46.6% | WARNING
🟢 [MKCE_LID_08] Playground Perimeter Rd |  31.7% | NORMAL
🔴 [MKCE_LID_09] Canteen Road           |  83.4% | CRITICAL
🔴 [MKCE_LID_10] Back Gate Road         |  77.5% | CRITICAL

⏱ 10:28:57 ────────────────────────────────────────
🟡 [MKCE_LID_01] Main Gate Road         |  63.4% | WARNING
🟡 [MKCE_LID_02] Academic Block Road    |  43.9% | WARNING
🟡 [MKCE_LID_03] Central Avenue         |  46.5% | WARNING
🟢 [MKCE_LID_04] Library Road           |   5.2% | NORMAL
🟡 [MKCE_LID_05] Workshop Road          |  49.4% | WARNING
🟡 [MKCE_LID_06] Hostel Block Road      |  52.0% | WARNING
🟡 [MKCE_LID_07] Hostel Ring Road       |  45.5% | WARNING
🟢 [MKCE_LID_08] Playground Perimeter Rd |  33.8% | NORMAL
🔴 [MKCE_LID_09] Canteen Road           |  85.8% | CRITICAL
🔴 [MKCE_LID_10] Back Gate Road         |  79.0% | CRITICAL

⏱ 10:29:01 ────────────────────────────────────────
🟡 [MKCE_LID_01] Main Gate Road         |  60.7% | WARNING
🟡 [MKCE_LID_02] Academic Block Road    |  42.4% | WARNING
🟡 [MKCE_LID_03] Central Avenue         |  47.1% | WARNING
🟢 [MKCE_LID_04] Library Road           |   3.0% | NORMAL
🟡 [MKCE_LID_05] Workshop Road          |  53.5% | WARNING
🟡 [MKCE_LID_06] Hostel Block Road      |  52.8% | WARNING
🟢 [MKCE_LID_07] Hostel Ring Road       |  15.0% | NORMAL
❌ [MKCE_LID_08] Failed: ('Connection aborted.', ConnectionResetError(54, 'Connection reset by peer'))
❌ [MKCE_LID_09] Failed: HTTPConnectionPool(host='localhost', port=3001): Max retries exceeded with url: /api/sensor-data (Caused by NewConnectionError("HTTPConnection(host='localhost', port=3001): Failed to establish a new connection: [Errno 61] Connection refused"))
❌ [MKCE_LID_10] Failed: HTTPConnectionPool(host='localhost', port=3001): Max retries exceeded with url: /api/sensor-data (Caused by NewConnectionError("HTTPConnection(host='localhost', port=3001): Failed to establish a new connection: [Errno 61] Connection refused"))

⏱ 10:29:04 ────────────────────────────────────────
🟡 [MKCE_LID_01] Main Gate Road         |  57.4% | WARNING
🟡 [MKCE_LID_02] Academic Block Road    |  40.2% | WARNING
🟡 [MKCE_LID_03] Central Avenue         |  47.0% | WARNING
🟢 [MKCE_LID_04] Library Road           |     0% | NORMAL
🟡 [MKCE_LID_05] Workshop Road          |  57.1% | WARNING
🟡 [MKCE_LID_06] Hostel Block Road      |  53.7% | WARNING
🟢 [MKCE_LID_07] Hostel Ring Road       |  13.8% | NORMAL
🟢 [MKCE_LID_08] Playground Perimeter Rd |  38.7% | NORMAL
🔴 [MKCE_LID_09] Canteen Road           |  90.0% | CRITICAL
🔴 [MKCE_LID_10] Back Gate Road         |  82.2% | CRITICAL

⏱ 10:29:07 ────────────────────────────────────────
🟡 [MKCE_LID_01] Main Gate Road         |  53.2% | WARNING
🟢 [MKCE_LID_02] Academic Block Road    |  37.9% | NORMAL
🟡 [MKCE_LID_03] Central Avenue         |  47.5% | WARNING
🟢 [MKCE_LID_04] Library Road           |     0% | NORMAL
🟡 [MKCE_LID_05] Workshop Road          |  60.3% | WARNING
🟡 [MKCE_LID_06] Hostel Block Road      |  55.5% | WARNING
🟢 [MKCE_LID_07] Hostel Ring Road       |  12.1% | NORMAL
🟡 [MKCE_LID_08] Playground Perimeter Rd |  42.5% | WARNING
🔴 [MKCE_LID_09] Canteen Road           |  91.7% | CRITICAL
🔴 [MKCE_LID_10] Back Gate Road         |  83.0% | CRITICAL

⏱ 10:29:10 ────────────────────────────────────────
🟡 [MKCE_LID_01] Main Gate Road         |  49.8% | WARNING
🟢 [MKCE_LID_02] Academic Block Road    |  35.8% | NORMAL
🟢 [MKCE_LID_03] Central Avenue         |  18.7% | NORMAL
🟢 [MKCE_LID_04] Library Road           |     0% | NORMAL
🟡 [MKCE_LID_05] Workshop Road          |  64.0% | WARNING
🟡 [MKCE_LID_06] Hostel Block Road      |  56.9% | WARNING
🟢 [MKCE_LID_07] Hostel Ring Road       |  10.4% | NORMAL
🟡 [MKCE_LID_08] Playground Perimeter Rd |  45.9% | WARNING
🔴 [MKCE_LID_09] Canteen Road           |  93.3% | CRITICAL
🟡 [MKCE_LID_10] Back Gate Road         |  54.3% | WARNING

⏱ 10:29:13 ────────────────────────────────────────
🟡 [MKCE_LID_01] Main Gate Road         |  46.8% | WARNING
🟢 [MKCE_LID_02] Academic Block Road    |  33.9% | NORMAL
🟢 [MKCE_LID_03] Central Avenue         |  18.9% | NORMAL
🟢 [MKCE_LID_04] Library Road           |     0% | NORMAL
🟡 [MKCE_LID_05] Workshop Road          |  67.8% | WARNING
🟡 [MKCE_LID_06] Hostel Block Road      |  57.9% | WARNING
🟢 [MKCE_LID_07] Hostel Ring Road       |   9.3% | NORMAL
🟡 [MKCE_LID_08] Playground Perimeter Rd |  48.8% | WARNING
🔴 [MKCE_LID_09] Canteen Road           |  94.5% | CRITICAL
🟡 [MKCE_LID_10] Back Gate Road         |  55.8% | WARNING

⏱ 10:29:16 ────────────────────────────────────────
🟡 [MKCE_LID_01] Main Gate Road         |  43.5% | WARNING
🟢 [MKCE_LID_02] Academic Block Road    |  31.1% | NORMAL
🟢 [MKCE_LID_03] Central Avenue         |  18.5% | NORMAL
🟢 [MKCE_LID_04] Library Road           |     0% | NORMAL
🔴 [MKCE_LID_05] Workshop Road          |  71.4% | CRITICAL
🟡 [MKCE_LID_06] Hostel Block Road      |  58.8% | WARNING
🟢 [MKCE_LID_07] Hostel Ring Road       |   8.4% | NORMAL
🟡 [MKCE_LID_08] Playground Perimeter Rd |  52.1% | WARNING
🔴 [MKCE_LID_09] Canteen Road           |  95.5% | CRITICAL
🟡 [MKCE_LID_10] Back Gate Road         |  58.1% | WARNING

⏱ 10:29:19 ────────────────────────────────────────
🟡 [MKCE_LID_01] Main Gate Road         |  41.1% | WARNING
🟢 [MKCE_LID_02] Academic Block Road    |  27.3% | NORMAL
🟢 [MKCE_LID_03] Central Avenue         |  18.2% | NORMAL
🟢 [MKCE_LID_04] Library Road           |    30% | NORMAL
🔴 [MKCE_LID_05] Workshop Road          |  74.8% | CRITICAL
🟡 [MKCE_LID_06] Hostel Block Road      |  60.5% | WARNING
🟢 [MKCE_LID_07] Hostel Ring Road       |   7.4% | NORMAL
🟡 [MKCE_LID_08] Playground Perimeter Rd |  54.5% | WARNING
🔴 [MKCE_LID_09] Canteen Road           |  96.9% | CRITICAL
🟡 [MKCE_LID_10] Back Gate Road         |  60.2% | WARNING

⏱ 10:29:22 ────────────────────────────────────────
🟢 [MKCE_LID_01] Main Gate Road         |  39.1% | NORMAL
🟢 [MKCE_LID_02] Academic Block Road    |  22.9% | NORMAL
🟢 [MKCE_LID_03] Central Avenue         |  17.4% | NORMAL
🟢 [MKCE_LID_04] Library Road           |  26.9% | NORMAL
🔴 [MKCE_LID_05] Workshop Road          |  77.8% | CRITICAL
🟡 [MKCE_LID_06] Hostel Block Road      |  62.3% | WARNING
🟢 [MKCE_LID_07] Hostel Ring Road       |     0% | NORMAL
🟡 [MKCE_LID_08] Playground Perimeter Rd |  56.6% | WARNING
🔴 [MKCE_LID_09] Canteen Road           |  98.6% | CRITICAL
🔴 [MKCE_LID_10] Back Gate Road         |  93.0% | CRITICAL

⏱ 10:29:25 ────────────────────────────────────────
🟢 [MKCE_LID_01] Main Gate Road         |  37.9% | NORMAL
🟢 [MKCE_LID_02] Academic Block Road    |  19.0% | NORMAL
🟢 [MKCE_LID_03] Central Avenue         |  16.9% | NORMAL
🟢 [MKCE_LID_04] Library Road           |  23.0% | NORMAL
🔴 [MKCE_LID_05] Workshop Road          |  81.4% | CRITICAL
🟡 [MKCE_LID_06] Hostel Block Road      |  63.9% | WARNING
🟢 [MKCE_LID_07] Hostel Ring Road       |     0% | NORMAL
🟡 [MKCE_LID_08] Playground Perimeter Rd |  58.6% | WARNING
🔴 [MKCE_LID_09] Canteen Road           |   100% | CRITICAL
🔴 [MKCE_LID_10] Back Gate Road         |  95.4% | CRITICAL

⏱ 10:29:28 ────────────────────────────────────────
🟢 [MKCE_LID_01] Main Gate Road         |  36.3% | NORMAL
🟢 [MKCE_LID_02] Academic Block Road    |  14.6% | NORMAL
🟢 [MKCE_LID_03] Central Avenue         |  16.8% | NORMAL
🟢 [MKCE_LID_04] Library Road           |  19.2% | NORMAL
🔴 [MKCE_LID_05] Workshop Road          |  85.9% | CRITICAL
🟡 [MKCE_LID_06] Hostel Block Road      |  65.6% | WARNING
🟢 [MKCE_LID_07] Hostel Ring Road       |     0% | NORMAL
🟡 [MKCE_LID_08] Playground Perimeter Rd |  59.7% | WARNING
🔴 [MKCE_LID_09] Canteen Road           |   100% | CRITICAL
🔴 [MKCE_LID_10] Back Gate Road         |  98.1% | CRITICAL

⏱ 10:29:31 ────────────────────────────────────────
🟢 [MKCE_LID_01] Main Gate Road         |  35.6% | NORMAL
🟢 [MKCE_LID_02] Academic Block Road    |  10.4% | NORMAL
🟢 [MKCE_LID_03] Central Avenue         |  16.8% | NORMAL
🟢 [MKCE_LID_04] Library Road           |  14.5% | NORMAL
🔴 [MKCE_LID_05] Workshop Road          |  89.5% | CRITICAL
🟡 [MKCE_LID_06] Hostel Block Road      |  67.5% | WARNING
🟢 [MKCE_LID_07] Hostel Ring Road       |     0% | NORMAL
🟡 [MKCE_LID_08] Playground Perimeter Rd |  61.8% | WARNING
🔴 [MKCE_LID_09] Canteen Road           |   100% | CRITICAL
🔴 [MKCE_LID_10] Back Gate Road         |   100% | CRITICAL

⏱ 10:29:34 ────────────────────────────────────────
🟢 [MKCE_LID_01] Main Gate Road         |  35.6% | NORMAL
🟢 [MKCE_LID_02] Academic Block Road    |   6.2% | NORMAL
🟢 [MKCE_LID_03] Central Avenue         |  16.4% | NORMAL
🟢 [MKCE_LID_04] Library Road           |   9.5% | NORMAL
🔴 [MKCE_LID_05] Workshop Road          |  92.4% | CRITICAL
🟡 [MKCE_LID_06] Hostel Block Road      |  68.6% | WARNING
🟢 [MKCE_LID_07] Hostel Ring Road       |     0% | NORMAL
🟡 [MKCE_LID_08] Playground Perimeter Rd |  64.7% | WARNING
🔴 [MKCE_LID_09] Canteen Road           |   100% | CRITICAL
🔴 [MKCE_LID_10] Back Gate Road         |   100% | CRITICAL

⏱ 10:29:37 ────────────────────────────────────────
🟢 [MKCE_LID_01] Main Gate Road         |  35.3% | NORMAL
🟢 [MKCE_LID_02] Academic Block Road    |   1.2% | NORMAL
🟢 [MKCE_LID_03] Central Avenue         |  16.0% | NORMAL
🟢 [MKCE_LID_04] Library Road           |   4.5% | NORMAL
🔴 [MKCE_LID_05] Workshop Road          |  95.2% | CRITICAL
🟡 [MKCE_LID_06] Hostel Block Road      |  69.5% | WARNING
🟢 [MKCE_LID_07] Hostel Ring Road       |     0% | NORMAL
🟡 [MKCE_LID_08] Playground Perimeter Rd |  67.4% | WARNING
🔴 [MKCE_LID_09] Canteen Road           |   100% | CRITICAL
🔴 [MKCE_LID_10] Back Gate Road         |   100% | CRITICAL

⏱ 10:29:40 ────────────────────────────────────────
🟢 [MKCE_LID_01] Main Gate Road         |  35.8% | NORMAL
🟢 [MKCE_LID_02] Academic Block Road    |     0% | NORMAL
🟢 [MKCE_LID_03] Central Avenue         |  15.3% | NORMAL
🟢 [MKCE_LID_04] Library Road           |     0% | NORMAL
🔴 [MKCE_LID_05] Workshop Road          |  97.7% | CRITICAL
🔴 [MKCE_LID_06] Hostel Block Road      |  70.3% | CRITICAL
🟢 [MKCE_LID_07] Hostel Ring Road       |     0% | NORMAL
🟡 [MKCE_LID_08] Playground Perimeter Rd |  69.6% | WARNING
🔴 [MKCE_LID_09] Canteen Road           |   100% | CRITICAL
🔴 [MKCE_LID_10] Back Gate Road         |   100% | CRITICAL

⏱ 10:29:43 ────────────────────────────────────────
🟡 [MKCE_LID_01] Main Gate Road         |  66.0% | WARNING
🟢 [MKCE_LID_02] Academic Block Road    |     0% | NORMAL
🟢 [MKCE_LID_03] Central Avenue         |  15.6% | NORMAL
🟢 [MKCE_LID_04] Library Road           |     0% | NORMAL
🔴 [MKCE_LID_05] Workshop Road          |   100% | CRITICAL
🔴 [MKCE_LID_06] Hostel Block Road      |  72.0% | CRITICAL
🟢 [MKCE_LID_07] Hostel Ring Road       |     0% | NORMAL
🔴 [MKCE_LID_08] Playground Perimeter Rd |  71.6% | CRITICAL
🔴 [MKCE_LID_09] Canteen Road           |   100% | CRITICAL
🔴 [MKCE_LID_10] Back Gate Road         |   100% | CRITICAL

⏱ 10:29:46 ────────────────────────────────────────
🟡 [MKCE_LID_01] Main Gate Road         |  65.3% | WARNING
🟢 [MKCE_LID_02] Academic Block Road    |     0% | NORMAL
🟢 [MKCE_LID_03] Central Avenue         |  15.7% | NORMAL
🟢 [MKCE_LID_04] Library Road           |     0% | NORMAL
🔴 [MKCE_LID_05] Workshop Road          |   100% | CRITICAL
🔴 [MKCE_LID_06] Hostel Block Road      |  73.6% | CRITICAL
🟢 [MKCE_LID_07] Hostel Ring Road       |     0% | NORMAL
🔴 [MKCE_LID_08] Playground Perimeter Rd |  73.1% | CRITICAL
🔴 [MKCE_LID_09] Canteen Road           |   100% | CRITICAL
🔴 [MKCE_LID_10] Back Gate Road         |   100% | CRITICAL

⏱ 10:29:49 ────────────────────────────────────────
🟡 [MKCE_LID_01] Main Gate Road         |  64.8% | WARNING
🟢 [MKCE_LID_02] Academic Block Road    |     0% | NORMAL
🟢 [MKCE_LID_03] Central Avenue         |  15.5% | NORMAL
🟢 [MKCE_LID_04] Library Road           |     0% | NORMAL
🔴 [MKCE_LID_05] Workshop Road          |   100% | CRITICAL
🔴 [MKCE_LID_06] Hostel Block Road      |  75.4% | CRITICAL
🟢 [MKCE_LID_07] Hostel Ring Road       |     0% | NORMAL
🔴 [MKCE_LID_08] Playground Perimeter Rd |  74.5% | CRITICAL
🔴 [MKCE_LID_09] Canteen Road           |   100% | CRITICAL
🔴 [MKCE_LID_10] Back Gate Road         |   100% | CRITICAL

⏱ 10:29:53 ────────────────────────────────────────
🟡 [MKCE_LID_01] Main Gate Road         |  65.1% | WARNING
🟢 [MKCE_LID_02] Academic Block Road    |     0% | NORMAL
🟢 [MKCE_LID_03] Central Avenue         |  16.1% | NORMAL
🟢 [MKCE_LID_04] Library Road           |     0% | NORMAL
🔴 [MKCE_LID_05] Workshop Road          |   100% | CRITICAL
🔴 [MKCE_LID_06] Hostel Block Road      |  77.5% | CRITICAL
🟢 [MKCE_LID_07] Hostel Ring Road       |     0% | NORMAL
🔴 [MKCE_LID_08] Playground Perimeter Rd |  76.2% | CRITICAL
🔴 [MKCE_LID_09] Canteen Road           |   100% | CRITICAL
🔴 [MKCE_LID_10] Back Gate Road         |   100% | CRITICAL

⏱ 10:29:56 ────────────────────────────────────────
🟡 [MKCE_LID_01] Main Gate Road         |  64.5% | WARNING
🟢 [MKCE_LID_02] Academic Block Road    |     0% | NORMAL
🟢 [MKCE_LID_03] Central Avenue         |  16.1% | NORMAL
🟢 [MKCE_LID_04] Library Road           |     0% | NORMAL
🔴 [MKCE_LID_05] Workshop Road          |   100% | CRITICAL
🔴 [MKCE_LID_06] Hostel Block Road      |  79.5% | CRITICAL
🟢 [MKCE_LID_07] Hostel Ring Road       |     0% | NORMAL
🔴 [MKCE_LID_08] Playground Perimeter Rd |  78.2% | CRITICAL
🔴 [MKCE_LID_09] Canteen Road           |   100% | CRITICAL
🔴 [MKCE_LID_10] Back Gate Road         |   100% | CRITICAL

⏱ 10:29:59 ────────────────────────────────────────
🟡 [MKCE_LID_01] Main Gate Road         |  63.9% | WARNING
🟢 [MKCE_LID_02] Academic Block Road    |     0% | NORMAL
🟢 [MKCE_LID_03] Central Avenue         |  16.4% | NORMAL
🟢 [MKCE_LID_04] Library Road           |     0% | NORMAL
🔴 [MKCE_LID_05] Workshop Road          |   100% | CRITICAL
🔴 [MKCE_LID_06] Hostel Block Road      |  81.4% | CRITICAL
🟢 [MKCE_LID_07] Hostel Ring Road       |     0% | NORMAL
🔴 [MKCE_LID_08] Playground Perimeter Rd |  81.1% | CRITICAL
🟡 [MKCE_LID_09] Canteen Road           |    70% | WARNING
🔴 [MKCE_LID_10] Back Gate Road         |   100% | CRITICAL

⏱ 10:30:02 ────────────────────────────────────────
🟡 [MKCE_LID_01] Main Gate Road         |  64.1% | WARNING
🟢 [MKCE_LID_02] Academic Block Road    |     0% | NORMAL
🟢 [MKCE_LID_03] Central Avenue         |  17.2% | NORMAL
🟢 [MKCE_LID_04] Library Road           |     0% | NORMAL
🔴 [MKCE_LID_05] Workshop Road          |   100% | CRITICAL
🔴 [MKCE_LID_06] Hostel Block Road      |  83.6% | CRITICAL
🟢 [MKCE_LID_07] Hostel Ring Road       |     0% | NORMAL
🔴 [MKCE_LID_08] Playground Perimeter Rd |  83.8% | CRITICAL
🔴 [MKCE_LID_09] Canteen Road           |  72.6% | CRITICAL
🔴 [MKCE_LID_10] Back Gate Road         |   100% | CRITICAL

⏱ 10:30:05 ────────────────────────────────────────
🟡 [MKCE_LID_01] Main Gate Road         |  63.6% | WARNING
🟢 [MKCE_LID_02] Academic Block Road    |     0% | NORMAL
🟢 [MKCE_LID_03] Central Avenue         |  17.6% | NORMAL
🟢 [MKCE_LID_04] Library Road           |     0% | NORMAL
🔴 [MKCE_LID_05] Workshop Road          |   100% | CRITICAL
🔴 [MKCE_LID_06] Hostel Block Road      |  86.6% | CRITICAL
🟢 [MKCE_LID_07] Hostel Ring Road       |     0% | NORMAL
🔴 [MKCE_LID_08] Playground Perimeter Rd |  86.5% | CRITICAL
🔴 [MKCE_LID_09] Canteen Road           |  74.9% | CRITICAL
🔴 [MKCE_LID_10] Back Gate Road         |   100% | CRITICAL

⏱ 10:30:08 ────────────────────────────────────────
🟡 [MKCE_LID_01] Main Gate Road         |  63.0% | WARNING
🟢 [MKCE_LID_02] Academic Block Road    |     0% | NORMAL
🟢 [MKCE_LID_03] Central Avenue         |  17.5% | NORMAL
🟢 [MKCE_LID_04] Library Road           |     0% | NORMAL
🔴 [MKCE_LID_05] Workshop Road          |   100% | CRITICAL
🔴 [MKCE_LID_06] Hostel Block Road      |  90.1% | CRITICAL
🟢 [MKCE_LID_07] Hostel Ring Road       |     0% | NORMAL
🔴 [MKCE_LID_08] Playground Perimeter Rd |  89.1% | CRITICAL
🔴 [MKCE_LID_09] Canteen Road           |  76.8% | CRITICAL
🔴 [MKCE_LID_10] Back Gate Road         |   100% | CRITICAL

⏱ 10:30:11 ────────────────────────────────────────
🟡 [MKCE_LID_01] Main Gate Road         |  62.1% | WARNING
🟢 [MKCE_LID_02] Academic Block Road    |     0% | NORMAL
🟢 [MKCE_LID_03] Central Avenue         |  16.6% | NORMAL
🟢 [MKCE_LID_04] Library Road           |     0% | NORMAL
🔴 [MKCE_LID_05] Workshop Road          |   100% | CRITICAL
🔴 [MKCE_LID_06] Hostel Block Road      |  94.3% | CRITICAL
🟢 [MKCE_LID_07] Hostel Ring Road       |     0% | NORMAL
🔴 [MKCE_LID_08] Playground Perimeter Rd |  91.6% | CRITICAL
🔴 [MKCE_LID_09] Canteen Road           |  79.1% | CRITICAL
🔴 [MKCE_LID_10] Back Gate Road         |   100% | CRITICAL

⏱ 10:30:14 ────────────────────────────────────────
🟡 [MKCE_LID_01] Main Gate Road         |  60.7% | WARNING
🟢 [MKCE_LID_02] Academic Block Road    |     0% | NORMAL
🟢 [MKCE_LID_03] Central Avenue         |  15.0% | NORMAL
🟢 [MKCE_LID_04] Library Road           |     0% | NORMAL
🔴 [MKCE_LID_05] Workshop Road          |   100% | CRITICAL
🔴 [MKCE_LID_06] Hostel Block Road      |  98.2% | CRITICAL
🟢 [MKCE_LID_07] Hostel Ring Road       |     0% | NORMAL
🔴 [MKCE_LID_08] Playground Perimeter Rd |  94.9% | CRITICAL
🔴 [MKCE_LID_09] Canteen Road           |  81.1% | CRITICAL
🔴 [MKCE_LID_10] Back Gate Road         |   100% | CRITICAL

⏱ 10:30:18 ────────────────────────────────────────
🟡 [MKCE_LID_01] Main Gate Road         |  58.5% | WARNING
🟢 [MKCE_LID_02] Academic Block Road    |     0% | NORMAL
🟢 [MKCE_LID_03] Central Avenue         |  13.3% | NORMAL
🟢 [MKCE_LID_04] Library Road           |     0% | NORMAL
🔴 [MKCE_LID_05] Workshop Road          |   100% | CRITICAL
🔴 [MKCE_LID_06] Hostel Block Road      |   100% | CRITICAL
🟢 [MKCE_LID_07] Hostel Ring Road       |     0% | NORMAL
🔴 [MKCE_LID_08] Playground Perimeter Rd |  97.6% | CRITICAL
🔴 [MKCE_LID_09] Canteen Road           |  82.1% | CRITICAL
🔴 [MKCE_LID_10] Back Gate Road         |   100% | CRITICAL

⏱ 10:30:21 ────────────────────────────────────────
🟡 [MKCE_LID_01] Main Gate Road         |  55.4% | WARNING
🟢 [MKCE_LID_02] Academic Block Road    |     0% | NORMAL
🟢 [MKCE_LID_03] Central Avenue         |  10.8% | NORMAL
🟢 [MKCE_LID_04] Library Road           |     0% | NORMAL
🔴 [MKCE_LID_05] Workshop Road          |   100% | CRITICAL
🔴 [MKCE_LID_06] Hostel Block Road      |   100% | CRITICAL
🟢 [MKCE_LID_07] Hostel Ring Road       |     0% | NORMAL
🔴 [MKCE_LID_08] Playground Perimeter Rd |  99.3% | CRITICAL
🔴 [MKCE_LID_09] Canteen Road           |  82.8% | CRITICAL
🔴 [MKCE_LID_10] Back Gate Road         |   100% | CRITICAL

⏱ 10:30:24 ────────────────────────────────────────
🟡 [MKCE_LID_01] Main Gate Road         |  52.8% | WARNING
🟢 [MKCE_LID_02] Academic Block Road    |     0% | NORMAL
🟢 [MKCE_LID_03] Central Avenue         |   9.1% | NORMAL
🟢 [MKCE_LID_04] Library Road           |     0% | NORMAL
🔴 [MKCE_LID_05] Workshop Road          |   100% | CRITICAL
🔴 [MKCE_LID_06] Hostel Block Road      |   100% | CRITICAL
🟢 [MKCE_LID_07] Hostel Ring Road       |     0% | NORMAL
🔴 [MKCE_LID_08] Playground Perimeter Rd |   100% | CRITICAL
🔴 [MKCE_LID_09] Canteen Road           |  83.1% | CRITICAL
🔴 [MKCE_LID_10] Back Gate Road         |   100% | CRITICAL

⏱ 10:30:27 ────────────────────────────────────────
🟡 [MKCE_LID_01] Main Gate Road         |  49.5% | WARNING
🟢 [MKCE_LID_02] Academic Block Road    |     0% | NORMAL
🟢 [MKCE_LID_03] Central Avenue         |   7.0% | NORMAL
🟢 [MKCE_LID_04] Library Road           |     0% | NORMAL
🔴 [MKCE_LID_05] Workshop Road          |   100% | CRITICAL
🔴 [MKCE_LID_06] Hostel Block Road      |   100% | CRITICAL
🟢 [MKCE_LID_07] Hostel Ring Road       |     0% | NORMAL
🔴 [MKCE_LID_08] Playground Perimeter Rd |   100% | CRITICAL
🔴 [MKCE_LID_09] Canteen Road           |  82.5% | CRITICAL
🔴 [MKCE_LID_10] Back Gate Road         |   100% | CRITICAL

⏱ 10:30:30 ────────────────────────────────────────
🟡 [MKCE_LID_01] Main Gate Road         |  45.7% | WARNING
🟢 [MKCE_LID_02] Academic Block Road    |     0% | NORMAL
🟢 [MKCE_LID_03] Central Avenue         |   4.1% | NORMAL
🟢 [MKCE_LID_04] Library Road           |     0% | NORMAL
🔴 [MKCE_LID_05] Workshop Road          |   100% | CRITICAL
🔴 [MKCE_LID_06] Hostel Block Road      |   100% | CRITICAL
🟢 [MKCE_LID_07] Hostel Ring Road       |     0% | NORMAL
🔴 [MKCE_LID_08] Playground Perimeter Rd |   100% | CRITICAL
🔴 [MKCE_LID_09] Canteen Road           |  81.6% | CRITICAL
🔴 [MKCE_LID_10] Back Gate Road         |   100% | CRITICAL

⏱ 10:30:33 ────────────────────────────────────────
🟡 [MKCE_LID_01] Main Gate Road         |  41.1% | WARNING
🟢 [MKCE_LID_02] Academic Block Road    |     0% | NORMAL
🟢 [MKCE_LID_03] Central Avenue         |   2.1% | NORMAL
🟢 [MKCE_LID_04] Library Road           |     0% | NORMAL
🟡 [MKCE_LID_05] Workshop Road          |    70% | WARNING
🔴 [MKCE_LID_06] Hostel Block Road      |   100% | CRITICAL
🟢 [MKCE_LID_07] Hostel Ring Road       |     0% | NORMAL
🔴 [MKCE_LID_08] Playground Perimeter Rd |  99.6% | CRITICAL
🔴 [MKCE_LID_09] Canteen Road           |  80.9% | CRITICAL
🔴 [MKCE_LID_10] Back Gate Road         |   100% | CRITICAL

⏱ 10:30:36 ────────────────────────────────────────
🟢 [MKCE_LID_01] Main Gate Road         |  36.4% | NORMAL
🟢 [MKCE_LID_02] Academic Block Road    |     0% | NORMAL
🟢 [MKCE_LID_03] Central Avenue         |   0.5% | NORMAL
🟢 [MKCE_LID_04] Library Road           |     0% | NORMAL
🔴 [MKCE_LID_05] Workshop Road          |  73.6% | CRITICAL
🟡 [MKCE_LID_06] Hostel Block Road      |    70% | WARNING
🟢 [MKCE_LID_07] Hostel Ring Road       |     0% | NORMAL
🔴 [MKCE_LID_08] Playground Perimeter Rd |  99.3% | CRITICAL
🔴 [MKCE_LID_09] Canteen Road           |  80.8% | CRITICAL
🔴 [MKCE_LID_10] Back Gate Road         |   100% | CRITICAL

⏱ 10:30:39 ────────────────────────────────────────
🟢 [MKCE_LID_01] Main Gate Road         |  32.5% | NORMAL
🟢 [MKCE_LID_02] Academic Block Road    |     0% | NORMAL
🟢 [MKCE_LID_03] Central Avenue         |     0% | NORMAL
🟢 [MKCE_LID_04] Library Road           |     0% | NORMAL
🔴 [MKCE_LID_05] Workshop Road          |  77.1% | CRITICAL
🔴 [MKCE_LID_06] Hostel Block Road      |  72.9% | CRITICAL
🟢 [MKCE_LID_07] Hostel Ring Road       |     0% | NORMAL
🔴 [MKCE_LID_08] Playground Perimeter Rd | 100.0% | CRITICAL
🔴 [MKCE_LID_09] Canteen Road           |  81.7% | CRITICAL
🔴 [MKCE_LID_10] Back Gate Road         |   100% | CRITICAL

⏱ 10:30:42 ────────────────────────────────────────
🟢 [MKCE_LID_01] Main Gate Road         |  29.7% | NORMAL
🟢 [MKCE_LID_02] Academic Block Road    |     0% | NORMAL
🟢 [MKCE_LID_03] Central Avenue         |     0% | NORMAL
🟢 [MKCE_LID_04] Library Road           |     0% | NORMAL
🔴 [MKCE_LID_05] Workshop Road          |  80.0% | CRITICAL
🔴 [MKCE_LID_06] Hostel Block Road      |  75.4% | CRITICAL
🟢 [MKCE_LID_07] Hostel Ring Road       |     0% | NORMAL
🔴 [MKCE_LID_08] Playground Perimeter Rd |   100% | CRITICAL
🔴 [MKCE_LID_09] Canteen Road           |  83.3% | CRITICAL
🔴 [MKCE_LID_10] Back Gate Road         |   100% | CRITICAL

⏱ 10:30:45 ────────────────────────────────────────
🟢 [MKCE_LID_01] Main Gate Road         |  26.9% | NORMAL
🟢 [MKCE_LID_02] Academic Block Road    |     0% | NORMAL
🟢 [MKCE_LID_03] Central Avenue         |     0% | NORMAL
🟢 [MKCE_LID_04] Library Road           |     0% | NORMAL
🔴 [MKCE_LID_05] Workshop Road          |  83.3% | CRITICAL
🔴 [MKCE_LID_06] Hostel Block Road      |  77.1% | CRITICAL
🟢 [MKCE_LID_07] Hostel Ring Road       |     0% | NORMAL
🔴 [MKCE_LID_08] Playground Perimeter Rd |   100% | CRITICAL
🔴 [MKCE_LID_09] Canteen Road           |  85.0% | CRITICAL
🔴 [MKCE_LID_10] Back Gate Road         |   100% | CRITICAL

⏱ 10:30:48 ────────────────────────────────────────
🟢 [MKCE_LID_01] Main Gate Road         |  24.0% | NORMAL
🟢 [MKCE_LID_02] Academic Block Road    |     0% | NORMAL
🟢 [MKCE_LID_03] Central Avenue         |   0.0% | NORMAL
🟢 [MKCE_LID_04] Library Road           |     0% | NORMAL
🔴 [MKCE_LID_05] Workshop Road          |  86.2% | CRITICAL
🔴 [MKCE_LID_06] Hostel Block Road      |  78.4% | CRITICAL
🟢 [MKCE_LID_07] Hostel Ring Road       |     0% | NORMAL
🟡 [MKCE_LID_08] Playground Perimeter Rd |    70% | WARNING
🔴 [MKCE_LID_09] Canteen Road           |  87.7% | CRITICAL
🔴 [MKCE_LID_10] Back Gate Road         |   100% | CRITICAL

⏱ 10:30:52 ────────────────────────────────────────
🟢 [MKCE_LID_01] Main Gate Road         |  21.6% | NORMAL
🟢 [MKCE_LID_02] Academic Block Road    |     0% | NORMAL
🟢 [MKCE_LID_03] Central Avenue         |   0.5% | NORMAL
🟢 [MKCE_LID_04] Library Road           |     0% | NORMAL
🔴 [MKCE_LID_05] Workshop Road          |  88.3% | CRITICAL
🔴 [MKCE_LID_06] Hostel Block Road      |  78.9% | CRITICAL
🟢 [MKCE_LID_07] Hostel Ring Road       |     0% | NORMAL
🔴 [MKCE_LID_08] Playground Perimeter Rd |  70.9% | CRITICAL
🔴 [MKCE_LID_09] Canteen Road           |  89.7% | CRITICAL
🔴 [MKCE_LID_10] Back Gate Road         |   100% | CRITICAL

⏱ 10:30:55 ────────────────────────────────────────
🟢 [MKCE_LID_01] Main Gate Road         |  19.6% | NORMAL
🟢 [MKCE_LID_02] Academic Block Road    |     0% | NORMAL
🟢 [MKCE_LID_03] Central Avenue         |   1.5% | NORMAL
🟢 [MKCE_LID_04] Library Road           |     0% | NORMAL
🔴 [MKCE_LID_05] Workshop Road          |  89.7% | CRITICAL
🔴 [MKCE_LID_06] Hostel Block Road      |  78.7% | CRITICAL
🟢 [MKCE_LID_07] Hostel Ring Road       |   0.2% | NORMAL
🔴 [MKCE_LID_08] Playground Perimeter Rd |  71.0% | CRITICAL
🔴 [MKCE_LID_09] Canteen Road           |  92.2% | CRITICAL
🔴 [MKCE_LID_10] Back Gate Road         |   100% | CRITICAL

⏱ 10:30:58 ────────────────────────────────────────
🟢 [MKCE_LID_01] Main Gate Road         |  17.4% | NORMAL
🟢 [MKCE_LID_02] Academic Block Road    |     0% | NORMAL
🟢 [MKCE_LID_03] Central Avenue         |   2.3% | NORMAL
🟢 [MKCE_LID_04] Library Road           |     0% | NORMAL
🔴 [MKCE_LID_05] Workshop Road          |  90.7% | CRITICAL
🔴 [MKCE_LID_06] Hostel Block Road      |  78.6% | CRITICAL
🟢 [MKCE_LID_07] Hostel Ring Road       |     0% | NORMAL
🔴 [MKCE_LID_08] Playground Perimeter Rd |  70.6% | CRITICAL
🔴 [MKCE_LID_09] Canteen Road           |  94.4% | CRITICAL
🔴 [MKCE_LID_10] Back Gate Road         |   100% | CRITICAL

⏱ 10:31:01 ────────────────────────────────────────
🟡 [MKCE_LID_01] Main Gate Road         |  46.1% | WARNING
🟢 [MKCE_LID_02] Academic Block Road    |    30% | NORMAL
🟢 [MKCE_LID_03] Central Avenue         |   3.0% | NORMAL
🟢 [MKCE_LID_04] Library Road           |     0% | NORMAL
🔴 [MKCE_LID_05] Workshop Road          |  91.2% | CRITICAL
🔴 [MKCE_LID_06] Hostel Block Road      |  79.1% | CRITICAL
🟢 [MKCE_LID_07] Hostel Ring Road       |     0% | NORMAL
🔴 [MKCE_LID_08] Playground Perimeter Rd |  71.1% | CRITICAL
🔴 [MKCE_LID_09] Canteen Road           |  97.4% | CRITICAL
🔴 [MKCE_LID_10] Back Gate Road         |   100% | CRITICAL

⏱ 10:31:04 ────────────────────────────────────────
🟡 [MKCE_LID_01] Main Gate Road         |  45.2% | WARNING
🟢 [MKCE_LID_02] Academic Block Road    |  26.0% | NORMAL
🟢 [MKCE_LID_03] Central Avenue         |   2.9% | NORMAL
🟢 [MKCE_LID_04] Library Road           |     0% | NORMAL
🔴 [MKCE_LID_05] Workshop Road          |  92.4% | CRITICAL
🔴 [MKCE_LID_06] Hostel Block Road      |  80.4% | CRITICAL
🟢 [MKCE_LID_07] Hostel Ring Road       |     0% | NORMAL
🔴 [MKCE_LID_08] Playground Perimeter Rd |  72.5% | CRITICAL
🔴 [MKCE_LID_09] Canteen Road           |   100% | CRITICAL
🔴 [MKCE_LID_10] Back Gate Road         |   100% | CRITICAL

⏱ 10:31:07 ────────────────────────────────────────
🟡 [MKCE_LID_01] Main Gate Road         |  44.8% | WARNING
🟢 [MKCE_LID_02] Academic Block Road    |  22.3% | NORMAL
🟢 [MKCE_LID_03] Central Avenue         |   2.8% | NORMAL
🟢 [MKCE_LID_04] Library Road           |     0% | NORMAL
🔴 [MKCE_LID_05] Workshop Road          |  93.7% | CRITICAL
🔴 [MKCE_LID_06] Hostel Block Road      |  81.5% | CRITICAL
🟢 [MKCE_LID_07] Hostel Ring Road       |     0% | NORMAL
🔴 [MKCE_LID_08] Playground Perimeter Rd |  74.7% | CRITICAL
🔴 [MKCE_LID_09] Canteen Road           |   100% | CRITICAL
🔴 [MKCE_LID_10] Back Gate Road         |   100% | CRITICAL

⏱ 10:31:10 ────────────────────────────────────────
🟡 [MKCE_LID_01] Main Gate Road         |  45.0% | WARNING
🟢 [MKCE_LID_02] Academic Block Road    |     0% | NORMAL
🟢 [MKCE_LID_03] Central Avenue         |   2.4% | NORMAL
🟢 [MKCE_LID_04] Library Road           |     0% | NORMAL
🔴 [MKCE_LID_05] Workshop Road          |  94.1% | CRITICAL
🔴 [MKCE_LID_06] Hostel Block Road      |  82.9% | CRITICAL
🟢 [MKCE_LID_07] Hostel Ring Road       |     0% | NORMAL
🔴 [MKCE_LID_08] Playground Perimeter Rd |  76.5% | CRITICAL
🔴 [MKCE_LID_09] Canteen Road           |   100% | CRITICAL
🔴 [MKCE_LID_10] Back Gate Road         |   100% | CRITICAL

⏱ 10:31:13 ────────────────────────────────────────
🟡 [MKCE_LID_01] Main Gate Road         |  45.6% | WARNING
🟢 [MKCE_LID_02] Academic Block Road    |     0% | NORMAL
🟢 [MKCE_LID_03] Central Avenue         |   2.6% | NORMAL
🟢 [MKCE_LID_04] Library Road           |     0% | NORMAL
🟡 [MKCE_LID_05] Workshop Road          |  64.3% | WARNING
🔴 [MKCE_LID_06] Hostel Block Road      |  83.5% | CRITICAL
🟢 [MKCE_LID_07] Hostel Ring Road       |     0% | NORMAL
🔴 [MKCE_LID_08] Playground Perimeter Rd |  79.1% | CRITICAL
🔴 [MKCE_LID_09] Canteen Road           |   100% | CRITICAL
🔴 [MKCE_LID_10] Back Gate Road         |   100% | CRITICAL

⏱ 10:31:16 ────────────────────────────────────────
🟡 [MKCE_LID_01] Main Gate Road         |  46.1% | WARNING
🟢 [MKCE_LID_02] Academic Block Road    |     0% | NORMAL
🟢 [MKCE_LID_03] Central Avenue         |   3.7% | NORMAL
🟢 [MKCE_LID_04] Library Road           |     0% | NORMAL
🟡 [MKCE_LID_05] Workshop Road          |  64.3% | WARNING
🔴 [MKCE_LID_06] Hostel Block Road      |  83.9% | CRITICAL
🟢 [MKCE_LID_07] Hostel Ring Road       |     0% | NORMAL
🔴 [MKCE_LID_08] Playground Perimeter Rd |  81.4% | CRITICAL
🔴 [MKCE_LID_09] Canteen Road           |   100% | CRITICAL
🔴 [MKCE_LID_10] Back Gate Road         |   100% | CRITICAL

⏱ 10:31:19 ────────────────────────────────────────
🟡 [MKCE_LID_01] Main Gate Road         |  47.1% | WARNING
🟢 [MKCE_LID_02] Academic Block Road    |     0% | NORMAL
🟢 [MKCE_LID_03] Central Avenue         |   4.1% | NORMAL
🟢 [MKCE_LID_04] Library Road           |     0% | NORMAL
🟡 [MKCE_LID_05] Workshop Road          |  65.2% | WARNING
🔴 [MKCE_LID_06] Hostel Block Road      |  84.6% | CRITICAL
🟢 [MKCE_LID_07] Hostel Ring Road       |     0% | NORMAL
🔴 [MKCE_LID_08] Playground Perimeter Rd |  82.7% | CRITICAL
🔴 [MKCE_LID_09] Canteen Road           |   100% | CRITICAL
🔴 [MKCE_LID_10] Back Gate Road         |   100% | CRITICAL

⏱ 10:31:22 ────────────────────────────────────────
🟡 [MKCE_LID_01] Main Gate Road         |  48.4% | WARNING
🟢 [MKCE_LID_02] Academic Block Road    |     0% | NORMAL
🟢 [MKCE_LID_03] Central Avenue         |     0% | NORMAL
🟢 [MKCE_LID_04] Library Road           |     0% | NORMAL
🟡 [MKCE_LID_05] Workshop Road          |  65.5% | WARNING
🔴 [MKCE_LID_06] Hostel Block Road      |  85.1% | CRITICAL
🟢 [MKCE_LID_07] Hostel Ring Road       |     0% | NORMAL
🔴 [MKCE_LID_08] Playground Perimeter Rd |  84.2% | CRITICAL
🔴 [MKCE_LID_09] Canteen Road           |   100% | CRITICAL
🔴 [MKCE_LID_10] Back Gate Road         |   100% | CRITICAL

⏱ 10:31:25 ────────────────────────────────────────
🟡 [MKCE_LID_01] Main Gate Road         |  49.4% | WARNING
🟢 [MKCE_LID_02] Academic Block Road    |     0% | NORMAL
🟢 [MKCE_LID_03] Central Avenue         |   0.3% | NORMAL
🟢 [MKCE_LID_04] Library Road           |     0% | NORMAL
🟡 [MKCE_LID_05] Workshop Road          |  65.9% | WARNING
🔴 [MKCE_LID_06] Hostel Block Road      |  85.6% | CRITICAL
🟢 [MKCE_LID_07] Hostel Ring Road       |     0% | NORMAL
🔴 [MKCE_LID_08] Playground Perimeter Rd |  86.4% | CRITICAL
🔴 [MKCE_LID_09] Canteen Road           |   100% | CRITICAL
🔴 [MKCE_LID_10] Back Gate Road         |   100% | CRITICAL

⏱ 10:31:28 ────────────────────────────────────────
🟡 [MKCE_LID_01] Main Gate Road         |  50.6% | WARNING
🟢 [MKCE_LID_02] Academic Block Road    |     0% | NORMAL
🟢 [MKCE_LID_03] Central Avenue         |     0% | NORMAL
🟢 [MKCE_LID_04] Library Road           |     0% | NORMAL
🟡 [MKCE_LID_05] Workshop Road          |  66.5% | WARNING
🔴 [MKCE_LID_06] Hostel Block Road      |  86.6% | CRITICAL
🟢 [MKCE_LID_07] Hostel Ring Road       |     0% | NORMAL
🔴 [MKCE_LID_08] Playground Perimeter Rd |  87.7% | CRITICAL
🔴 [MKCE_LID_09] Canteen Road           |   100% | CRITICAL
🔴 [MKCE_LID_10] Back Gate Road         |   100% | CRITICAL

⏱ 10:31:31 ────────────────────────────────────────
🟡 [MKCE_LID_01] Main Gate Road         |  51.5% | WARNING
🟢 [MKCE_LID_02] Academic Block Road    |     0% | NORMAL
🟢 [MKCE_LID_03] Central Avenue         |   0.3% | NORMAL
🟢 [MKCE_LID_04] Library Road           |     0% | NORMAL
🟡 [MKCE_LID_05] Workshop Road          |  66.2% | WARNING
🔴 [MKCE_LID_06] Hostel Block Road      |  88.5% | CRITICAL
🟢 [MKCE_LID_07] Hostel Ring Road       |     0% | NORMAL
🔴 [MKCE_LID_08] Playground Perimeter Rd |  89.0% | CRITICAL
🔴 [MKCE_LID_09] Canteen Road           |   100% | CRITICAL
🔴 [MKCE_LID_10] Back Gate Road         |   100% | CRITICAL

⏱ 10:31:34 ────────────────────────────────────────
🟡 [MKCE_LID_01] Main Gate Road         |  52.9% | WARNING
🟢 [MKCE_LID_02] Academic Block Road    |     0% | NORMAL
🟢 [MKCE_LID_03] Central Avenue         |   0.8% | NORMAL
🟢 [MKCE_LID_04] Library Road           |     0% | NORMAL
🟡 [MKCE_LID_05] Workshop Road          |  65.5% | WARNING
🔴 [MKCE_LID_06] Hostel Block Road      |  89.9% | CRITICAL
🟢 [MKCE_LID_07] Hostel Ring Road       |     0% | NORMAL
🔴 [MKCE_LID_08] Playground Perimeter Rd |  89.8% | CRITICAL
🔴 [MKCE_LID_09] Canteen Road           |   100% | CRITICAL
🔴 [MKCE_LID_10] Back Gate Road         |   100% | CRITICAL

⏱ 10:31:37 ────────────────────────────────────────
🟡 [MKCE_LID_01] Main Gate Road         |  55.0% | WARNING
🟢 [MKCE_LID_02] Academic Block Road    |     0% | NORMAL
🟢 [MKCE_LID_03] Central Avenue         |   1.6% | NORMAL
🟢 [MKCE_LID_04] Library Road           |    30% | NORMAL
🟡 [MKCE_LID_05] Workshop Road          |  65.2% | WARNING
🔴 [MKCE_LID_06] Hostel Block Road      |  91.6% | CRITICAL
🟢 [MKCE_LID_07] Hostel Ring Road       |     0% | NORMAL
🔴 [MKCE_LID_08] Playground Perimeter Rd |  89.9% | CRITICAL
🔴 [MKCE_LID_09] Canteen Road           |   100% | CRITICAL
🔴 [MKCE_LID_10] Back Gate Road         |   100% | CRITICAL

⏱ 10:31:41 ────────────────────────────────────────
🟡 [MKCE_LID_01] Main Gate Road         |  56.6% | WARNING
🟢 [MKCE_LID_02] Academic Block Road    |     0% | NORMAL
🟢 [MKCE_LID_03] Central Avenue         |   3.4% | NORMAL
🟢 [MKCE_LID_04] Library Road           |  26.4% | NORMAL
🟡 [MKCE_LID_05] Workshop Road          |  65.3% | WARNING
🔴 [MKCE_LID_06] Hostel Block Road      |  94.3% | CRITICAL
🟢 [MKCE_LID_07] Hostel Ring Road       |     0% | NORMAL
🔴 [MKCE_LID_08] Playground Perimeter Rd |  89.9% | CRITICAL
🔴 [MKCE_LID_09] Canteen Road           |   100% | CRITICAL
🔴 [MKCE_LID_10] Back Gate Road         |   100% | CRITICAL

⏱ 10:31:44 ────────────────────────────────────────
🟢 [MKCE_LID_01] Main Gate Road         |  27.7% | NORMAL
🟢 [MKCE_LID_02] Academic Block Road    |     0% | NORMAL
🟢 [MKCE_LID_03] Central Avenue         |   4.5% | NORMAL
🟢 [MKCE_LID_04] Library Road           |  22.5% | NORMAL
🟡 [MKCE_LID_05] Workshop Road          |  65.4% | WARNING
🔴 [MKCE_LID_06] Hostel Block Road      |  97.6% | CRITICAL
🟢 [MKCE_LID_07] Hostel Ring Road       |     0% | NORMAL
🔴 [MKCE_LID_08] Playground Perimeter Rd |  90.5% | CRITICAL
🔴 [MKCE_LID_09] Canteen Road           |   100% | CRITICAL
🔴 [MKCE_LID_10] Back Gate Road         |   100% | CRITICAL

⏱ 10:31:47 ────────────────────────────────────────
🟢 [MKCE_LID_01] Main Gate Road         |  28.1% | NORMAL
🟢 [MKCE_LID_02] Academic Block Road    |     0% | NORMAL
🟢 [MKCE_LID_03] Central Avenue         |   6.4% | NORMAL
🟢 [MKCE_LID_04] Library Road           |  19.2% | NORMAL
🟡 [MKCE_LID_05] Workshop Road          |  66.3% | WARNING
🔴 [MKCE_LID_06] Hostel Block Road      |   100% | CRITICAL
🟢 [MKCE_LID_07] Hostel Ring Road       |     0% | NORMAL
🔴 [MKCE_LID_08] Playground Perimeter Rd |  91.9% | CRITICAL
🔴 [MKCE_LID_09] Canteen Road           |   100% | CRITICAL
🔴 [MKCE_LID_10] Back Gate Road         |   100% | CRITICAL

⏱ 10:31:50 ────────────────────────────────────────
🟢 [MKCE_LID_01] Main Gate Road         |  27.9% | NORMAL
🟢 [MKCE_LID_02] Academic Block Road    |     0% | NORMAL
🟢 [MKCE_LID_03] Central Avenue         |   9.2% | NORMAL
🟢 [MKCE_LID_04] Library Road           |  15.5% | NORMAL
🟡 [MKCE_LID_05] Workshop Road          |  66.4% | WARNING
🔴 [MKCE_LID_06] Hostel Block Road      |   100% | CRITICAL
🟢 [MKCE_LID_07] Hostel Ring Road       |     0% | NORMAL
🔴 [MKCE_LID_08] Playground Perimeter Rd |  94.4% | CRITICAL
🔴 [MKCE_LID_09] Canteen Road           |   100% | CRITICAL
🔴 [MKCE_LID_10] Back Gate Road         |   100% | CRITICAL

⏱ 10:31:53 ────────────────────────────────────────
🟢 [MKCE_LID_01] Main Gate Road         |  26.9% | NORMAL
🟢 [MKCE_LID_02] Academic Block Road    |     0% | NORMAL
🟢 [MKCE_LID_03] Central Avenue         |     0% | NORMAL
🟢 [MKCE_LID_04] Library Road           |  11.2% | NORMAL
🟡 [MKCE_LID_05] Workshop Road          |  67.2% | WARNING
🔴 [MKCE_LID_06] Hostel Block Road      |   100% | CRITICAL
🟢 [MKCE_LID_07] Hostel Ring Road       |     0% | NORMAL
🔴 [MKCE_LID_08] Playground Perimeter Rd |  96.9% | CRITICAL
🔴 [MKCE_LID_09] Canteen Road           |   100% | CRITICAL
🔴 [MKCE_LID_10] Back Gate Road         |   100% | CRITICAL

⏱ 10:31:56 ────────────────────────────────────────
🟢 [MKCE_LID_01] Main Gate Road         |  26.2% | NORMAL
🟢 [MKCE_LID_02] Academic Block Road    |     0% | NORMAL
🟢 [MKCE_LID_03] Central Avenue         |   3.0% | NORMAL
🟢 [MKCE_LID_04] Library Road           |   6.2% | NORMAL
🟡 [MKCE_LID_05] Workshop Road          |  67.9% | WARNING
🔴 [MKCE_LID_06] Hostel Block Road      |   100% | CRITICAL
🟢 [MKCE_LID_07] Hostel Ring Road       |     0% | NORMAL
🔴 [MKCE_LID_08] Playground Perimeter Rd |  99.0% | CRITICAL
🔴 [MKCE_LID_09] Canteen Road           |   100% | CRITICAL
🔴 [MKCE_LID_10] Back Gate Road         |   100% | CRITICAL

⏱ 10:31:59 ────────────────────────────────────────
🟢 [MKCE_LID_01] Main Gate Road         |  24.9% | NORMAL
🟢 [MKCE_LID_02] Academic Block Road    |    30% | NORMAL
🟢 [MKCE_LID_03] Central Avenue         |   6.7% | NORMAL
🟢 [MKCE_LID_04] Library Road           |   2.1% | NORMAL
🟡 [MKCE_LID_05] Workshop Road          |  68.0% | WARNING
🔴 [MKCE_LID_06] Hostel Block Road      |   100% | CRITICAL
🟢 [MKCE_LID_07] Hostel Ring Road       |     0% | NORMAL
🔴 [MKCE_LID_08] Playground Perimeter Rd |   100% | CRITICAL
🔴 [MKCE_LID_09] Canteen Road           |   100% | CRITICAL
🔴 [MKCE_LID_10] Back Gate Road         |   100% | CRITICAL

⏱ 10:32:02 ────────────────────────────────────────
🟢 [MKCE_LID_01] Main Gate Road         |  22.8% | NORMAL
🟢 [MKCE_LID_02] Academic Block Road    |  25.0% | NORMAL
🟢 [MKCE_LID_03] Central Avenue         |  10.9% | NORMAL
🟢 [MKCE_LID_04] Library Road           |     0% | NORMAL
🟡 [MKCE_LID_05] Workshop Road          |  67.5% | WARNING
🔴 [MKCE_LID_06] Hostel Block Road      |   100% | CRITICAL
🟢 [MKCE_LID_07] Hostel Ring Road       |     0% | NORMAL
🔴 [MKCE_LID_08] Playground Perimeter Rd |   100% | CRITICAL
🔴 [MKCE_LID_09] Canteen Road           |   100% | CRITICAL
🔴 [MKCE_LID_10] Back Gate Road         |   100% | CRITICAL

⏱ 10:32:05 ────────────────────────────────────────
🟢 [MKCE_LID_01] Main Gate Road         |  20.1% | NORMAL
🟢 [MKCE_LID_02] Academic Block Road    |     0% | NORMAL
🟡 [MKCE_LID_03] Central Avenue         |  44.9% | WARNING
🟢 [MKCE_LID_04] Library Road           |     0% | NORMAL
🟡 [MKCE_LID_05] Workshop Road          |  66.4% | WARNING
🔴 [MKCE_LID_06] Hostel Block Road      |   100% | CRITICAL
🟢 [MKCE_LID_07] Hostel Ring Road       |     0% | NORMAL
🔴 [MKCE_LID_08] Playground Perimeter Rd |   100% | CRITICAL
🔴 [MKCE_LID_09] Canteen Road           |   100% | CRITICAL
🔴 [MKCE_LID_10] Back Gate Road         |   100% | CRITICAL

⏱ 10:32:08 ────────────────────────────────────────
🟡 [MKCE_LID_01] Main Gate Road         |  47.4% | WARNING
🟢 [MKCE_LID_02] Academic Block Road    |     0% | NORMAL
🟡 [MKCE_LID_03] Central Avenue         |  49.2% | WARNING
🟢 [MKCE_LID_04] Library Road           |     0% | NORMAL
🟡 [MKCE_LID_05] Workshop Road          |  65.4% | WARNING
🔴 [MKCE_LID_06] Hostel Block Road      |   100% | CRITICAL
🟢 [MKCE_LID_07] Hostel Ring Road       |     0% | NORMAL
🔴 [MKCE_LID_08] Playground Perimeter Rd |   100% | CRITICAL
🔴 [MKCE_LID_09] Canteen Road           |   100% | CRITICAL
🔴 [MKCE_LID_10] Back Gate Road         |   100% | CRITICAL

⏱ 10:32:11 ────────────────────────────────────────
🟡 [MKCE_LID_01] Main Gate Road         |  44.3% | WARNING
🟢 [MKCE_LID_02] Academic Block Road    |     0% | NORMAL
🟡 [MKCE_LID_03] Central Avenue         |  53.3% | WARNING
🟢 [MKCE_LID_04] Library Road           |     0% | NORMAL
🟡 [MKCE_LID_05] Workshop Road          |  65.1% | WARNING
🔴 [MKCE_LID_06] Hostel Block Road      |   100% | CRITICAL
🟢 [MKCE_LID_07] Hostel Ring Road       |     0% | NORMAL
🔴 [MKCE_LID_08] Playground Perimeter Rd |   100% | CRITICAL
🔴 [MKCE_LID_09] Canteen Road           |   100% | CRITICAL
🔴 [MKCE_LID_10] Back Gate Road         |   100% | CRITICAL

⏱ 10:32:14 ────────────────────────────────────────
🟡 [MKCE_LID_01] Main Gate Road         |  41.8% | WARNING
🟢 [MKCE_LID_02] Academic Block Road    |     0% | NORMAL
🟡 [MKCE_LID_03] Central Avenue         |  57.4% | WARNING
🟢 [MKCE_LID_04] Library Road           |     0% | NORMAL
🟡 [MKCE_LID_05] Workshop Road          |  64.5% | WARNING
🔴 [MKCE_LID_06] Hostel Block Road      |   100% | CRITICAL
🟢 [MKCE_LID_07] Hostel Ring Road       |     0% | NORMAL
🔴 [MKCE_LID_08] Playground Perimeter Rd |   100% | CRITICAL
🔴 [MKCE_LID_09] Canteen Road           |   100% | CRITICAL
🔴 [MKCE_LID_10] Back Gate Road         |   100% | CRITICAL

⏱ 10:32:17 ────────────────────────────────────────
🟢 [MKCE_LID_01] Main Gate Road         |  39.7% | NORMAL
🟢 [MKCE_LID_02] Academic Block Road    |     0% | NORMAL
🟡 [MKCE_LID_03] Central Avenue         |  62.3% | WARNING
🟢 [MKCE_LID_04] Library Road           |     0% | NORMAL
🟡 [MKCE_LID_05] Workshop Road          |  63.4% | WARNING
🔴 [MKCE_LID_06] Hostel Block Road      |   100% | CRITICAL
🟢 [MKCE_LID_07] Hostel Ring Road       |     0% | NORMAL
🔴 [MKCE_LID_08] Playground Perimeter Rd |   100% | CRITICAL
🔴 [MKCE_LID_09] Canteen Road           |   100% | CRITICAL
🔴 [MKCE_LID_10] Back Gate Road         |   100% | CRITICAL

⏱ 10:32:20 ────────────────────────────────────────
🟢 [MKCE_LID_01] Main Gate Road         |  37.8% | NORMAL
🟢 [MKCE_LID_02] Academic Block Road    |     0% | NORMAL
🟡 [MKCE_LID_03] Central Avenue         |  67.3% | WARNING
🟢 [MKCE_LID_04] Library Road           |     0% | NORMAL
🟡 [MKCE_LID_05] Workshop Road          |  62.6% | WARNING
🔴 [MKCE_LID_06] Hostel Block Road      |   100% | CRITICAL
🟢 [MKCE_LID_07] Hostel Ring Road       |     0% | NORMAL
🔴 [MKCE_LID_08] Playground Perimeter Rd |   100% | CRITICAL
🔴 [MKCE_LID_09] Canteen Road           |   100% | CRITICAL
🔴 [MKCE_LID_10] Back Gate Road         |   100% | CRITICAL

⏱ 10:32:23 ────────────────────────────────────────
🟢 [MKCE_LID_01] Main Gate Road         |  36.2% | NORMAL
🟢 [MKCE_LID_02] Academic Block Road    |     0% | NORMAL
🔴 [MKCE_LID_03] Central Avenue         |  72.3% | CRITICAL
🟢 [MKCE_LID_04] Library Road           |     0% | NORMAL
🟡 [MKCE_LID_05] Workshop Road          |  62.5% | WARNING
🔴 [MKCE_LID_06] Hostel Block Road      |   100% | CRITICAL
🟢 [MKCE_LID_07] Hostel Ring Road       |     0% | NORMAL
🔴 [MKCE_LID_08] Playground Perimeter Rd |   100% | CRITICAL
🔴 [MKCE_LID_09] Canteen Road           |   100% | CRITICAL
🔴 [MKCE_LID_10] Back Gate Road         |   100% | CRITICAL

⏱ 10:32:26 ────────────────────────────────────────
🟢 [MKCE_LID_01] Main Gate Road         |  34.2% | NORMAL
🟢 [MKCE_LID_02] Academic Block Road    |     0% | NORMAL
🔴 [MKCE_LID_03] Central Avenue         |  77.3% | CRITICAL
🟢 [MKCE_LID_04] Library Road           |     0% | NORMAL
🟡 [MKCE_LID_05] Workshop Road          |  62.1% | WARNING
🔴 [MKCE_LID_06] Hostel Block Road      |   100% | CRITICAL
🟢 [MKCE_LID_07] Hostel Ring Road       |     0% | NORMAL
🔴 [MKCE_LID_08] Playground Perimeter Rd |   100% | CRITICAL
🔴 [MKCE_LID_09] Canteen Road           |   100% | CRITICAL
🔴 [MKCE_LID_10] Back Gate Road         |   100% | CRITICAL

⏱ 10:32:29 ────────────────────────────────────────
🟢 [MKCE_LID_01] Main Gate Road         |  31.6% | NORMAL
🟢 [MKCE_LID_02] Academic Block Road    |     0% | NORMAL
🔴 [MKCE_LID_03] Central Avenue         |  81.3% | CRITICAL
🟢 [MKCE_LID_04] Library Road           |     0% | NORMAL
🟡 [MKCE_LID_05] Workshop Road          |  62.3% | WARNING
🔴 [MKCE_LID_06] Hostel Block Road      |   100% | CRITICAL
🟢 [MKCE_LID_07] Hostel Ring Road       |     0% | NORMAL
🔴 [MKCE_LID_08] Playground Perimeter Rd |   100% | CRITICAL
🔴 [MKCE_LID_09] Canteen Road           |  99.5% | CRITICAL
🔴 [MKCE_LID_10] Back Gate Road         |   100% | CRITICAL

⏱ 10:32:33 ────────────────────────────────────────
🟢 [MKCE_LID_01] Main Gate Road         |  28.4% | NORMAL
🟢 [MKCE_LID_02] Academic Block Road    |     0% | NORMAL
🔴 [MKCE_LID_03] Central Avenue         |  85.8% | CRITICAL
🟢 [MKCE_LID_04] Library Road           |     0% | NORMAL
🟢 [MKCE_LID_05] Workshop Road          |  32.8% | NORMAL
🔴 [MKCE_LID_06] Hostel Block Road      |   100% | CRITICAL
🟢 [MKCE_LID_07] Hostel Ring Road       |     0% | NORMAL
🔴 [MKCE_LID_08] Playground Perimeter Rd |   100% | CRITICAL
🔴 [MKCE_LID_09] Canteen Road           |  99.3% | CRITICAL
🔴 [MKCE_LID_10] Back Gate Road         |   100% | CRITICAL

⏱ 10:32:36 ────────────────────────────────────────
🟢 [MKCE_LID_01] Main Gate Road         |  24.8% | NORMAL
🟢 [MKCE_LID_02] Academic Block Road    |     0% | NORMAL
🔴 [MKCE_LID_03] Central Avenue         |   100% | CRITICAL
🟢 [MKCE_LID_04] Library Road           |     0% | NORMAL
🟢 [MKCE_LID_05] Workshop Road          |  32.4% | NORMAL
🔴 [MKCE_LID_06] Hostel Block Road      |   100% | CRITICAL
🟢 [MKCE_LID_07] Hostel Ring Road       |     0% | NORMAL
🔴 [MKCE_LID_08] Playground Perimeter Rd |   100% | CRITICAL
🟡 [MKCE_LID_09] Canteen Road           |  68.6% | WARNING
🔴 [MKCE_LID_10] Back Gate Road         |   100% | CRITICAL

⏱ 10:32:39 ────────────────────────────────────────
🟢 [MKCE_LID_01] Main Gate Road         |  21.2% | NORMAL
🟢 [MKCE_LID_02] Academic Block Road    |     0% | NORMAL
🔴 [MKCE_LID_03] Central Avenue         |   100% | CRITICAL
🟢 [MKCE_LID_04] Library Road           |     0% | NORMAL
🟢 [MKCE_LID_05] Workshop Road          |  31.6% | NORMAL
🔴 [MKCE_LID_06] Hostel Block Road      |   100% | CRITICAL
🟢 [MKCE_LID_07] Hostel Ring Road       |   0.4% | NORMAL
🔴 [MKCE_LID_08] Playground Perimeter Rd |   100% | CRITICAL
🟡 [MKCE_LID_09] Canteen Road           |  67.5% | WARNING
🔴 [MKCE_LID_10] Back Gate Road         |   100% | CRITICAL

⏱ 10:32:42 ────────────────────────────────────────
🟢 [MKCE_LID_01] Main Gate Road         |  17.4% | NORMAL
🟢 [MKCE_LID_02] Academic Block Road    |     0% | NORMAL
🔴 [MKCE_LID_03] Central Avenue         |   100% | CRITICAL
🟢 [MKCE_LID_04] Library Road           |     0% | NORMAL
🟢 [MKCE_LID_05] Workshop Road          |  30.2% | NORMAL
🔴 [MKCE_LID_06] Hostel Block Road      |   100% | CRITICAL
🟢 [MKCE_LID_07] Hostel Ring Road       |   0.7% | NORMAL
🔴 [MKCE_LID_08] Playground Perimeter Rd |   100% | CRITICAL
🟡 [MKCE_LID_09] Canteen Road           |  65.8% | WARNING
🔴 [MKCE_LID_10] Back Gate Road         |   100% | CRITICAL

⏱ 10:32:45 ────────────────────────────────────────
🟢 [MKCE_LID_01] Main Gate Road         |  13.6% | NORMAL
🟢 [MKCE_LID_02] Academic Block Road    |     0% | NORMAL
🔴 [MKCE_LID_03] Central Avenue         |   100% | CRITICAL
🟢 [MKCE_LID_04] Library Road           |     0% | NORMAL
🟢 [MKCE_LID_05] Workshop Road          |  28.3% | NORMAL
🔴 [MKCE_LID_06] Hostel Block Road      |   100% | CRITICAL
🟢 [MKCE_LID_07] Hostel Ring Road       |   0.4% | NORMAL
🔴 [MKCE_LID_08] Playground Perimeter Rd |   100% | CRITICAL
🟢 [MKCE_LID_09] Canteen Road           |  33.5% | NORMAL
🔴 [MKCE_LID_10] Back Gate Road         |   100% | CRITICAL

⏱ 10:32:48 ────────────────────────────────────────
🟢 [MKCE_LID_01] Main Gate Road         |  39.6% | NORMAL
🟢 [MKCE_LID_02] Academic Block Road    |     0% | NORMAL
🔴 [MKCE_LID_03] Central Avenue         |   100% | CRITICAL
🟢 [MKCE_LID_04] Library Road           |     0% | NORMAL
🟢 [MKCE_LID_05] Workshop Road          |  26.5% | NORMAL
🔴 [MKCE_LID_06] Hostel Block Road      |   100% | CRITICAL
🟢 [MKCE_LID_07] Hostel Ring Road       |   0.9% | NORMAL
🔴 [MKCE_LID_08] Playground Perimeter Rd |   100% | CRITICAL
🟢 [MKCE_LID_09] Canteen Road           |  31.0% | NORMAL
🔴 [MKCE_LID_10] Back Gate Road         |   100% | CRITICAL

⏱ 10:32:51 ────────────────────────────────────────
🟢 [MKCE_LID_01] Main Gate Road         |  35.5% | NORMAL
🟢 [MKCE_LID_02] Academic Block Road    |     0% | NORMAL
🔴 [MKCE_LID_03] Central Avenue         |   100% | CRITICAL
🟢 [MKCE_LID_04] Library Road           |     0% | NORMAL
🟢 [MKCE_LID_05] Workshop Road          |  25.2% | NORMAL
🔴 [MKCE_LID_06] Hostel Block Road      |   100% | CRITICAL
🟢 [MKCE_LID_07] Hostel Ring Road       |   1.0% | NORMAL
🔴 [MKCE_LID_08] Playground Perimeter Rd |   100% | CRITICAL
🟢 [MKCE_LID_09] Canteen Road           |  29.1% | NORMAL
🔴 [MKCE_LID_10] Back Gate Road         |   100% | CRITICAL

⏱ 10:32:54 ────────────────────────────────────────
🟢 [MKCE_LID_01] Main Gate Road         |  31.6% | NORMAL
🟢 [MKCE_LID_02] Academic Block Road    |     0% | NORMAL
🔴 [MKCE_LID_03] Central Avenue         |   100% | CRITICAL
🟢 [MKCE_LID_04] Library Road           |     0% | NORMAL
🟢 [MKCE_LID_05] Workshop Road          |  23.1% | NORMAL
🔴 [MKCE_LID_06] Hostel Block Road      |   100% | CRITICAL
🟢 [MKCE_LID_07] Hostel Ring Road       |   1.6% | NORMAL
🔴 [MKCE_LID_08] Playground Perimeter Rd |   100% | CRITICAL
🟢 [MKCE_LID_09] Canteen Road           |  27.2% | NORMAL
🔴 [MKCE_LID_10] Back Gate Road         |   100% | CRITICAL

⏱ 10:32:57 ────────────────────────────────────────
🟢 [MKCE_LID_01] Main Gate Road         |  28.1% | NORMAL
🟢 [MKCE_LID_02] Academic Block Road    |     0% | NORMAL
🔴 [MKCE_LID_03] Central Avenue         |   100% | CRITICAL
🟢 [MKCE_LID_04] Library Road           |     0% | NORMAL
🟢 [MKCE_LID_05] Workshop Road          |  21.7% | NORMAL
🔴 [MKCE_LID_06] Hostel Block Road      |   100% | CRITICAL
🟢 [MKCE_LID_07] Hostel Ring Road       |   1.6% | NORMAL
🔴 [MKCE_LID_08] Playground Perimeter Rd |   100% | CRITICAL
🟢 [MKCE_LID_09] Canteen Road           |  24.3% | NORMAL
🔴 [MKCE_LID_10] Back Gate Road         |   100% | CRITICAL

⏱ 10:33:00 ────────────────────────────────────────
🟢 [MKCE_LID_01] Main Gate Road         |  25.2% | NORMAL
🟢 [MKCE_LID_02] Academic Block Road    |     0% | NORMAL
🔴 [MKCE_LID_03] Central Avenue         |   100% | CRITICAL
🟢 [MKCE_LID_04] Library Road           |     0% | NORMAL
🟢 [MKCE_LID_05] Workshop Road          |  21.3% | NORMAL
🔴 [MKCE_LID_06] Hostel Block Road      |   100% | CRITICAL
🟢 [MKCE_LID_07] Hostel Ring Road       |   1.9% | NORMAL
🔴 [MKCE_LID_08] Playground Perimeter Rd |   100% | CRITICAL
🟢 [MKCE_LID_09] Canteen Road           |  21.2% | NORMAL
🔴 [MKCE_LID_10] Back Gate Road         |   100% | CRITICAL

⏱ 10:33:03 ────────────────────────────────────────
🟢 [MKCE_LID_01] Main Gate Road         |  22.4% | NORMAL
🟢 [MKCE_LID_02] Academic Block Road    |    30% | NORMAL
🔴 [MKCE_LID_03] Central Avenue         |   100% | CRITICAL
🟢 [MKCE_LID_04] Library Road           |     0% | NORMAL
🟢 [MKCE_LID_05] Workshop Road          |  21.3% | NORMAL
🔴 [MKCE_LID_06] Hostel Block Road      |   100% | CRITICAL
🟢 [MKCE_LID_07] Hostel Ring Road       |   2.8% | NORMAL
🔴 [MKCE_LID_08] Playground Perimeter Rd |   100% | CRITICAL
🟢 [MKCE_LID_09] Canteen Road           |  17.3% | NORMAL
🔴 [MKCE_LID_10] Back Gate Road         |   100% | CRITICAL

⏱ 10:33:06 ────────────────────────────────────────
🟢 [MKCE_LID_01] Main Gate Road         |  19.9% | NORMAL
🟢 [MKCE_LID_02] Academic Block Road    |  26.9% | NORMAL
🔴 [MKCE_LID_03] Central Avenue         |   100% | CRITICAL
🟢 [MKCE_LID_04] Library Road           |     0% | NORMAL
🟢 [MKCE_LID_05] Workshop Road          |  21.3% | NORMAL
🔴 [MKCE_LID_06] Hostel Block Road      |   100% | CRITICAL
🟢 [MKCE_LID_07] Hostel Ring Road       |   3.5% | NORMAL
🔴 [MKCE_LID_08] Playground Perimeter Rd |   100% | CRITICAL
🟢 [MKCE_LID_09] Canteen Road           |  13.1% | NORMAL
🔴 [MKCE_LID_10] Back Gate Road         |   100% | CRITICAL

⏱ 10:33:09 ────────────────────────────────────────
🟢 [MKCE_LID_01] Main Gate Road         |  17.2% | NORMAL
🟢 [MKCE_LID_02] Academic Block Road    |  24.8% | NORMAL
🔴 [MKCE_LID_03] Central Avenue         |   100% | CRITICAL
🟢 [MKCE_LID_04] Library Road           |     0% | NORMAL
🟢 [MKCE_LID_05] Workshop Road          |  20.8% | NORMAL
🔴 [MKCE_LID_06] Hostel Block Road      |   100% | CRITICAL
🟢 [MKCE_LID_07] Hostel Ring Road       |   3.7% | NORMAL
🔴 [MKCE_LID_08] Playground Perimeter Rd |   100% | CRITICAL
🟢 [MKCE_LID_09] Canteen Road           |   9.8% | NORMAL
🔴 [MKCE_LID_10] Back Gate Road         |   100% | CRITICAL

⏱ 10:33:12 ────────────────────────────────────────
🟢 [MKCE_LID_01] Main Gate Road         |  13.9% | NORMAL
🟢 [MKCE_LID_02] Academic Block Road    |  22.6% | NORMAL
🔴 [MKCE_LID_03] Central Avenue         |   100% | CRITICAL
🟢 [MKCE_LID_04] Library Road           |     0% | NORMAL
🟢 [MKCE_LID_05] Workshop Road          |  20.3% | NORMAL
🔴 [MKCE_LID_06] Hostel Block Road      |   100% | CRITICAL
🟢 [MKCE_LID_07] Hostel Ring Road       |   3.4% | NORMAL
🔴 [MKCE_LID_08] Playground Perimeter Rd |   100% | CRITICAL
🟢 [MKCE_LID_09] Canteen Road           |   7.4% | NORMAL
🔴 [MKCE_LID_10] Back Gate Road         |   100% | CRITICAL

⏱ 10:33:15 ────────────────────────────────────────
🟢 [MKCE_LID_01] Main Gate Road         |  10.9% | NORMAL
🟢 [MKCE_LID_02] Academic Block Road    |  19.8% | NORMAL
🔴 [MKCE_LID_03] Central Avenue         |   100% | CRITICAL
🟢 [MKCE_LID_04] Library Road           |     0% | NORMAL
🟢 [MKCE_LID_05] Workshop Road          |  18.9% | NORMAL
🔴 [MKCE_LID_06] Hostel Block Road      |   100% | CRITICAL
🟢 [MKCE_LID_07] Hostel Ring Road       |   2.5% | NORMAL
🔴 [MKCE_LID_08] Playground Perimeter Rd |   100% | CRITICAL
🟢 [MKCE_LID_09] Canteen Road           |   6.0% | NORMAL
🔴 [MKCE_LID_10] Back Gate Road         |   100% | CRITICAL

⏱ 10:33:18 ────────────────────────────────────────
🟢 [MKCE_LID_01] Main Gate Road         |   8.6% | NORMAL
🟢 [MKCE_LID_02] Academic Block Road    |  17.7% | NORMAL
🔴 [MKCE_LID_03] Central Avenue         |   100% | CRITICAL
🟢 [MKCE_LID_04] Library Road           |     0% | NORMAL
🟢 [MKCE_LID_05] Workshop Road          |  18.2% | NORMAL
🔴 [MKCE_LID_06] Hostel Block Road      |   100% | CRITICAL
🟢 [MKCE_LID_07] Hostel Ring Road       |   2.5% | NORMAL
🔴 [MKCE_LID_08] Playground Perimeter Rd |   100% | CRITICAL
🟢 [MKCE_LID_09] Canteen Road           |   5.4% | NORMAL
🔴 [MKCE_LID_10] Back Gate Road         |   100% | CRITICAL

⏱ 10:33:21 ────────────────────────────────────────
🟢 [MKCE_LID_01] Main Gate Road         |   7.1% | NORMAL
🟢 [MKCE_LID_02] Academic Block Road    |  15.6% | NORMAL
🔴 [MKCE_LID_03] Central Avenue         |   100% | CRITICAL
🟢 [MKCE_LID_04] Library Road           |     0% | NORMAL
🟢 [MKCE_LID_05] Workshop Road          |  18.2% | NORMAL
🔴 [MKCE_LID_06] Hostel Block Road      |   100% | CRITICAL
🟢 [MKCE_LID_07] Hostel Ring Road       |   2.1% | NORMAL
🔴 [MKCE_LID_08] Playground Perimeter Rd |   100% | CRITICAL
🟢 [MKCE_LID_09] Canteen Road           |   5.1% | NORMAL
🔴 [MKCE_LID_10] Back Gate Road         |   100% | CRITICAL

⏱ 10:33:24 ────────────────────────────────────────
🟢 [MKCE_LID_01] Main Gate Road         |   5.1% | NORMAL
🟢 [MKCE_LID_02] Academic Block Road    |     0% | NORMAL
🔴 [MKCE_LID_03] Central Avenue         |   100% | CRITICAL
🟢 [MKCE_LID_04] Library Road           |     0% | NORMAL
🟢 [MKCE_LID_05] Workshop Road          |  18.8% | NORMAL
🔴 [MKCE_LID_06] Hostel Block Road      |   100% | CRITICAL
🟢 [MKCE_LID_07] Hostel Ring Road       |   2.6% | NORMAL
🔴 [MKCE_LID_08] Playground Perimeter Rd |  99.7% | CRITICAL
🟢 [MKCE_LID_09] Canteen Road           |   4.2% | NORMAL
🔴 [MKCE_LID_10] Back Gate Road         |   100% | CRITICAL

⏱ 10:33:27 ────────────────────────────────────────
🟢 [MKCE_LID_01] Main Gate Road         |   2.8% | NORMAL
🟢 [MKCE_LID_02] Academic Block Road    |     0% | NORMAL
🔴 [MKCE_LID_03] Central Avenue         |   100% | CRITICAL
🟢 [MKCE_LID_04] Library Road           |     0% | NORMAL
🟢 [MKCE_LID_05] Workshop Road          |  18.7% | NORMAL
🔴 [MKCE_LID_06] Hostel Block Road      |   100% | CRITICAL
🟢 [MKCE_LID_07] Hostel Ring Road       |   3.3% | NORMAL
🔴 [MKCE_LID_08] Playground Perimeter Rd |  98.4% | CRITICAL
🟢 [MKCE_LID_09] Canteen Road           |   4.2% | NORMAL
🔴 [MKCE_LID_10] Back Gate Road         |   100% | CRITICAL

⏱ 10:33:30 ────────────────────────────────────────
🟢 [MKCE_LID_01] Main Gate Road         |   1.3% | NORMAL
🟢 [MKCE_LID_02] Academic Block Road    |     0% | NORMAL
🔴 [MKCE_LID_03] Central Avenue         |   100% | CRITICAL
🟢 [MKCE_LID_04] Library Road           |     0% | NORMAL
🟢 [MKCE_LID_05] Workshop Road          |  18.7% | NORMAL
🔴 [MKCE_LID_06] Hostel Block Road      |   100% | CRITICAL
🟢 [MKCE_LID_07] Hostel Ring Road       |   4.9% | NORMAL
🔴 [MKCE_LID_08] Playground Perimeter Rd |  96.3% | CRITICAL
🟢 [MKCE_LID_09] Canteen Road           |   3.4% | NORMAL
🔴 [MKCE_LID_10] Back Gate Road         |   100% | CRITICAL

⏱ 10:33:34 ────────────────────────────────────────
🟢 [MKCE_LID_01] Main Gate Road         |     0% | NORMAL
🟢 [MKCE_LID_02] Academic Block Road    |     0% | NORMAL
🔴 [MKCE_LID_03] Central Avenue         |   100% | CRITICAL
🟢 [MKCE_LID_04] Library Road           |     0% | NORMAL
🟢 [MKCE_LID_05] Workshop Road          |  17.7% | NORMAL
🔴 [MKCE_LID_06] Hostel Block Road      |   100% | CRITICAL
🟢 [MKCE_LID_07] Hostel Ring Road       |  36.1% | NORMAL
🔴 [MKCE_LID_08] Playground Perimeter Rd |  94.3% | CRITICAL
🟢 [MKCE_LID_09] Canteen Road           |   3.5% | NORMAL
🟡 [MKCE_LID_10] Back Gate Road         |    70% | WARNING

⏱ 10:33:37 ────────────────────────────────────────
🟢 [MKCE_LID_01] Main Gate Road         |     0% | NORMAL
🟢 [MKCE_LID_02] Academic Block Road    |   0.1% | NORMAL
🔴 [MKCE_LID_03] Central Avenue         |   100% | CRITICAL
🟢 [MKCE_LID_04] Library Road           |     0% | NORMAL
🟢 [MKCE_LID_05] Workshop Road          |  16.0% | NORMAL
🔴 [MKCE_LID_06] Hostel Block Road      |   100% | CRITICAL
🟢 [MKCE_LID_07] Hostel Ring Road       |  36.7% | NORMAL
🔴 [MKCE_LID_08] Playground Perimeter Rd |  92.7% | CRITICAL
🟢 [MKCE_LID_09] Canteen Road           |     0% | NORMAL
🔴 [MKCE_LID_10] Back Gate Road         |  73.8% | CRITICAL

⏱ 10:33:40 ────────────────────────────────────────
🟢 [MKCE_LID_01] Main Gate Road         |     0% | NORMAL
🟢 [MKCE_LID_02] Academic Block Road    |   0.7% | NORMAL
🔴 [MKCE_LID_03] Central Avenue         |   100% | CRITICAL
🟢 [MKCE_LID_04] Library Road           |     0% | NORMAL
🟢 [MKCE_LID_05] Workshop Road          |  13.7% | NORMAL
🔴 [MKCE_LID_06] Hostel Block Road      |   100% | CRITICAL
🟢 [MKCE_LID_07] Hostel Ring Road       |  37.0% | NORMAL
🔴 [MKCE_LID_08] Playground Perimeter Rd |  90.4% | CRITICAL
🟢 [MKCE_LID_09] Canteen Road           |   1.3% | NORMAL
🔴 [MKCE_LID_10] Back Gate Road         |  77.6% | CRITICAL

⏱ 10:33:43 ────────────────────────────────────────
🟢 [MKCE_LID_01] Main Gate Road         |     0% | NORMAL
🟢 [MKCE_LID_02] Academic Block Road    |   0.3% | NORMAL
🔴 [MKCE_LID_03] Central Avenue         |   100% | CRITICAL
🟢 [MKCE_LID_04] Library Road           |     0% | NORMAL
🟢 [MKCE_LID_05] Workshop Road          |  10.6% | NORMAL
🔴 [MKCE_LID_06] Hostel Block Road      |   100% | CRITICAL
🟢 [MKCE_LID_07] Hostel Ring Road       |  38.0% | NORMAL
🔴 [MKCE_LID_08] Playground Perimeter Rd |   100% | CRITICAL
🟢 [MKCE_LID_09] Canteen Road           |   2.1% | NORMAL
🔴 [MKCE_LID_10] Back Gate Road         |  81.9% | CRITICAL

⏱ 10:33:46 ────────────────────────────────────────
🟢 [MKCE_LID_01] Main Gate Road         |     0% | NORMAL
🟢 [MKCE_LID_02] Academic Block Road    |     0% | NORMAL
🔴 [MKCE_LID_03] Central Avenue         |   100% | CRITICAL
🟢 [MKCE_LID_04] Library Road           |     0% | NORMAL
🟢 [MKCE_LID_05] Workshop Road          |   6.6% | NORMAL
🔴 [MKCE_LID_06] Hostel Block Road      |   100% | CRITICAL
🟢 [MKCE_LID_07] Hostel Ring Road       |  38.4% | NORMAL
🔴 [MKCE_LID_08] Playground Perimeter Rd |  97.3% | CRITICAL
🟢 [MKCE_LID_09] Canteen Road           |   3.3% | NORMAL
🔴 [MKCE_LID_10] Back Gate Road         |  85.9% | CRITICAL

⏱ 10:33:49 ────────────────────────────────────────
🟢 [MKCE_LID_01] Main Gate Road         |     0% | NORMAL
🟢 [MKCE_LID_02] Academic Block Road    |     0% | NORMAL
🔴 [MKCE_LID_03] Central Avenue         |   100% | CRITICAL
🟢 [MKCE_LID_04] Library Road           |     0% | NORMAL
🟢 [MKCE_LID_05] Workshop Road          |   1.6% | NORMAL
🔴 [MKCE_LID_06] Hostel Block Road      |   100% | CRITICAL
🟢 [MKCE_LID_07] Hostel Ring Road       |  39.5% | NORMAL
🔴 [MKCE_LID_08] Playground Perimeter Rd |  93.7% | CRITICAL
🟢 [MKCE_LID_09] Canteen Road           |   5.2% | NORMAL
🔴 [MKCE_LID_10] Back Gate Road         |  90.5% | CRITICAL

⏱ 10:33:52 ────────────────────────────────────────
🟢 [MKCE_LID_01] Main Gate Road         |     0% | NORMAL
🟢 [MKCE_LID_02] Academic Block Road    |     0% | NORMAL
🔴 [MKCE_LID_03] Central Avenue         |   100% | CRITICAL
🟢 [MKCE_LID_04] Library Road           |     0% | NORMAL
🟢 [MKCE_LID_05] Workshop Road          |     0% | NORMAL
🔴 [MKCE_LID_06] Hostel Block Road      |   100% | CRITICAL
🟡 [MKCE_LID_07] Hostel Ring Road       |  40.3% | WARNING
🔴 [MKCE_LID_08] Playground Perimeter Rd |  90.3% | CRITICAL
🟢 [MKCE_LID_09] Canteen Road           |   6.7% | NORMAL
🔴 [MKCE_LID_10] Back Gate Road         |  95.2% | CRITICAL

⏱ 10:33:55 ────────────────────────────────────────
🟢 [MKCE_LID_01] Main Gate Road         |     0% | NORMAL
🟢 [MKCE_LID_02] Academic Block Road    |    30% | NORMAL
🔴 [MKCE_LID_03] Central Avenue         |   100% | CRITICAL
🟢 [MKCE_LID_04] Library Road           |     0% | NORMAL
🟢 [MKCE_LID_05] Workshop Road          |     0% | NORMAL
🔴 [MKCE_LID_06] Hostel Block Road      |   100% | CRITICAL
🟡 [MKCE_LID_07] Hostel Ring Road       |  40.6% | WARNING
🔴 [MKCE_LID_08] Playground Perimeter Rd |  87.0% | CRITICAL
🟢 [MKCE_LID_09] Canteen Road           |   8.4% | NORMAL
🔴 [MKCE_LID_10] Back Gate Road         |   100% | CRITICAL

⏱ 10:33:58 ────────────────────────────────────────
🟢 [MKCE_LID_01] Main Gate Road         |     0% | NORMAL
🟢 [MKCE_LID_02] Academic Block Road    |  29.7% | NORMAL
🔴 [MKCE_LID_03] Central Avenue         |   100% | CRITICAL
🟢 [MKCE_LID_04] Library Road           |     0% | NORMAL
🟢 [MKCE_LID_05] Workshop Road          |     0% | NORMAL
🔴 [MKCE_LID_06] Hostel Block Road      |   100% | CRITICAL
🟡 [MKCE_LID_07] Hostel Ring Road       |  41.3% | WARNING
🔴 [MKCE_LID_08] Playground Perimeter Rd |  83.2% | CRITICAL
🟢 [MKCE_LID_09] Canteen Road           |  10.5% | NORMAL
🔴 [MKCE_LID_10] Back Gate Road         |   100% | CRITICAL

⏱ 10:34:01 ────────────────────────────────────────
🟢 [MKCE_LID_01] Main Gate Road         |     0% | NORMAL
🟢 [MKCE_LID_02] Academic Block Road    |  30.3% | NORMAL
🔴 [MKCE_LID_03] Central Avenue         |   100% | CRITICAL
🟢 [MKCE_LID_04] Library Road           |     0% | NORMAL
🟢 [MKCE_LID_05] Workshop Road          |     0% | NORMAL
🔴 [MKCE_LID_06] Hostel Block Road      |   100% | CRITICAL
🟡 [MKCE_LID_07] Hostel Ring Road       |  41.2% | WARNING
🔴 [MKCE_LID_08] Playground Perimeter Rd |  79.4% | CRITICAL
🟢 [MKCE_LID_09] Canteen Road           |  13.2% | NORMAL
🔴 [MKCE_LID_10] Back Gate Road         |   100% | CRITICAL

⏱ 10:34:04 ────────────────────────────────────────
🟢 [MKCE_LID_01] Main Gate Road         |     0% | NORMAL
🟢 [MKCE_LID_02] Academic Block Road    |  30.7% | NORMAL
🔴 [MKCE_LID_03] Central Avenue         |   100% | CRITICAL
🟢 [MKCE_LID_04] Library Road           |     0% | NORMAL
🟢 [MKCE_LID_05] Workshop Road          |     0% | NORMAL
🔴 [MKCE_LID_06] Hostel Block Road      |   100% | CRITICAL
🟢 [MKCE_LID_07] Hostel Ring Road       |  11.8% | NORMAL
🔴 [MKCE_LID_08] Playground Perimeter Rd |  76.0% | CRITICAL
🟢 [MKCE_LID_09] Canteen Road           |     0% | NORMAL
🔴 [MKCE_LID_10] Back Gate Road         |   100% | CRITICAL

⏱ 10:34:07 ────────────────────────────────────────
🟢 [MKCE_LID_01] Main Gate Road         |     0% | NORMAL
🟢 [MKCE_LID_02] Academic Block Road    |  32.2% | NORMAL
🔴 [MKCE_LID_03] Central Avenue         |   100% | CRITICAL
🟢 [MKCE_LID_04] Library Road           |   0.1% | NORMAL
🟢 [MKCE_LID_05] Workshop Road          |     0% | NORMAL
🔴 [MKCE_LID_06] Hostel Block Road      |   100% | CRITICAL
🟢 [MKCE_LID_07] Hostel Ring Road       |  13.0% | NORMAL
🟡 [MKCE_LID_08] Playground Perimeter Rd |  42.9% | WARNING
🟢 [MKCE_LID_09] Canteen Road           |   3.3% | NORMAL
🔴 [MKCE_LID_10] Back Gate Road         |   100% | CRITICAL

⏱ 10:34:10 ────────────────────────────────────────
🟢 [MKCE_LID_01] Main Gate Road         |     0% | NORMAL
🟢 [MKCE_LID_02] Academic Block Road    |  33.9% | NORMAL
🔴 [MKCE_LID_03] Central Avenue         |   100% | CRITICAL
🟢 [MKCE_LID_04] Library Road           |     0% | NORMAL
🟢 [MKCE_LID_05] Workshop Road          |     0% | NORMAL
🟡 [MKCE_LID_06] Hostel Block Road      |    70% | WARNING
🟢 [MKCE_LID_07] Hostel Ring Road       |  13.8% | NORMAL
🟡 [MKCE_LID_08] Playground Perimeter Rd |  40.0% | WARNING
🟢 [MKCE_LID_09] Canteen Road           |     0% | NORMAL
🔴 [MKCE_LID_10] Back Gate Road         |   100% | CRITICAL

⏱ 10:34:13 ────────────────────────────────────────
🟢 [MKCE_LID_01] Main Gate Road         |     0% | NORMAL
🟢 [MKCE_LID_02] Academic Block Road    |  36.5% | NORMAL
🔴 [MKCE_LID_03] Central Avenue         |   100% | CRITICAL
🟢 [MKCE_LID_04] Library Road           |   0.2% | NORMAL
🟢 [MKCE_LID_05] Workshop Road          |     0% | NORMAL
🔴 [MKCE_LID_06] Hostel Block Road      |  71.1% | CRITICAL
🟢 [MKCE_LID_07] Hostel Ring Road       |  15.1% | NORMAL
🟢 [MKCE_LID_08] Playground Perimeter Rd |  36.1% | NORMAL
🟢 [MKCE_LID_09] Canteen Road           |   2.0% | NORMAL
🔴 [MKCE_LID_10] Back Gate Road         |   100% | CRITICAL

⏱ 10:34:16 ────────────────────────────────────────
🟢 [MKCE_LID_01] Main Gate Road         |     0% | NORMAL
🟢 [MKCE_LID_02] Academic Block Road    |  39.7% | NORMAL
🔴 [MKCE_LID_03] Central Avenue         |   100% | CRITICAL
🟢 [MKCE_LID_04] Library Road           |   0.9% | NORMAL
🟢 [MKCE_LID_05] Workshop Road          |     0% | NORMAL
🔴 [MKCE_LID_06] Hostel Block Road      |  71.5% | CRITICAL
🟢 [MKCE_LID_07] Hostel Ring Road       |  16.0% | NORMAL
🟢 [MKCE_LID_08] Playground Perimeter Rd |  33.3% | NORMAL
🟢 [MKCE_LID_09] Canteen Road           |   3.3% | NORMAL
🔴 [MKCE_LID_10] Back Gate Road         |   100% | CRITICAL

⏱ 10:34:19 ────────────────────────────────────────
🟢 [MKCE_LID_01] Main Gate Road         |     0% | NORMAL
🟡 [MKCE_LID_02] Academic Block Road    |  42.1% | WARNING
🔴 [MKCE_LID_03] Central Avenue         |   100% | CRITICAL
🟢 [MKCE_LID_04] Library Road           |   0.9% | NORMAL
🟢 [MKCE_LID_05] Workshop Road          |    30% | NORMAL
🔴 [MKCE_LID_06] Hostel Block Road      |  71.1% | CRITICAL
🟢 [MKCE_LID_07] Hostel Ring Road       |  17.2% | NORMAL
🟢 [MKCE_LID_08] Playground Perimeter Rd |  31.1% | NORMAL
🟢 [MKCE_LID_09] Canteen Road           |   5.2% | NORMAL
🔴 [MKCE_LID_10] Back Gate Road         |   100% | CRITICAL

⏱ 10:34:22 ────────────────────────────────────────
🟢 [MKCE_LID_01] Main Gate Road         |     0% | NORMAL
🟡 [MKCE_LID_02] Academic Block Road    |  44.7% | WARNING
🔴 [MKCE_LID_03] Central Avenue         |   100% | CRITICAL
🟢 [MKCE_LID_04] Library Road           |   1.3% | NORMAL
🟢 [MKCE_LID_05] Workshop Road          |  26.0% | NORMAL
🔴 [MKCE_LID_06] Hostel Block Road      |  70.1% | CRITICAL
🟢 [MKCE_LID_07] Hostel Ring Road       |  19.3% | NORMAL
🟢 [MKCE_LID_08] Playground Perimeter Rd |  29.0% | NORMAL
🟢 [MKCE_LID_09] Canteen Road           |   7.2% | NORMAL
🔴 [MKCE_LID_10] Back Gate Road         |   100% | CRITICAL

⏱ 10:34:25 ────────────────────────────────────────
🟢 [MKCE_LID_01] Main Gate Road         |     0% | NORMAL
🟡 [MKCE_LID_02] Academic Block Road    |  47.7% | WARNING
🔴 [MKCE_LID_03] Central Avenue         |   100% | CRITICAL
🟢 [MKCE_LID_04] Library Road           |   0.9% | NORMAL
🟢 [MKCE_LID_05] Workshop Road          |  21.4% | NORMAL
🟡 [MKCE_LID_06] Hostel Block Road      |  68.7% | WARNING
🟢 [MKCE_LID_07] Hostel Ring Road       |  21.0% | NORMAL
🟢 [MKCE_LID_08] Playground Perimeter Rd |  26.8% | NORMAL
🟢 [MKCE_LID_09] Canteen Road           |   9.6% | NORMAL
🔴 [MKCE_LID_10] Back Gate Road         |   100% | CRITICAL

⏱ 10:34:28 ────────────────────────────────────────
🟢 [MKCE_LID_01] Main Gate Road         |     0% | NORMAL
🟡 [MKCE_LID_02] Academic Block Road    |  51.1% | WARNING
🔴 [MKCE_LID_03] Central Avenue         |   100% | CRITICAL
🟢 [MKCE_LID_04] Library Road           |   1.1% | NORMAL
🟢 [MKCE_LID_05] Workshop Road          |  16.4% | NORMAL
🟡 [MKCE_LID_06] Hostel Block Road      |  66.8% | WARNING
🟢 [MKCE_LID_07] Hostel Ring Road       |  21.9% | NORMAL
🟢 [MKCE_LID_08] Playground Perimeter Rd |  25.4% | NORMAL
🟢 [MKCE_LID_09] Canteen Road           |  11.9% | NORMAL
🔴 [MKCE_LID_10] Back Gate Road         |   100% | CRITICAL

⏱ 10:34:32 ────────────────────────────────────────
🟢 [MKCE_LID_01] Main Gate Road         |     0% | NORMAL
🟡 [MKCE_LID_02] Academic Block Road    |  55.2% | WARNING
🔴 [MKCE_LID_03] Central Avenue         |   100% | CRITICAL
🟢 [MKCE_LID_04] Library Road           |   2.4% | NORMAL
🟢 [MKCE_LID_05] Workshop Road          |  11.4% | NORMAL
🟡 [MKCE_LID_06] Hostel Block Road      |  63.9% | WARNING
🟢 [MKCE_LID_07] Hostel Ring Road       |  23.0% | NORMAL
🟢 [MKCE_LID_08] Playground Perimeter Rd |  24.2% | NORMAL
🟢 [MKCE_LID_09] Canteen Road           |  13.7% | NORMAL
🔴 [MKCE_LID_10] Back Gate Road         |   100% | CRITICAL

⏱ 10:34:35 ────────────────────────────────────────
🟢 [MKCE_LID_01] Main Gate Road         |     0% | NORMAL
🟡 [MKCE_LID_02] Academic Block Road    |  60.2% | WARNING
🟡 [MKCE_LID_03] Central Avenue         |    70% | WARNING
🟢 [MKCE_LID_04] Library Road           |   3.2% | NORMAL
🟢 [MKCE_LID_05] Workshop Road          |   6.5% | NORMAL
🟡 [MKCE_LID_06] Hostel Block Road      |  60.9% | WARNING
🟢 [MKCE_LID_07] Hostel Ring Road       |  24.2% | NORMAL
🟢 [MKCE_LID_08] Playground Perimeter Rd |  22.8% | NORMAL
🟡 [MKCE_LID_09] Canteen Road           |  45.9% | WARNING
🔴 [MKCE_LID_10] Back Gate Road         |   100% | CRITICAL

⏱ 10:34:38 ────────────────────────────────────────
🟢 [MKCE_LID_01] Main Gate Road         |     0% | NORMAL
🟡 [MKCE_LID_02] Academic Block Road    |  64.4% | WARNING
🔴 [MKCE_LID_03] Central Avenue         |  74.4% | CRITICAL
🟢 [MKCE_LID_04] Library Road           |   4.4% | NORMAL
🟢 [MKCE_LID_05] Workshop Road          |   1.8% | NORMAL
🟡 [MKCE_LID_06] Hostel Block Road      |  57.3% | WARNING
🟢 [MKCE_LID_07] Hostel Ring Road       |  25.3% | NORMAL
🟢 [MKCE_LID_08] Playground Perimeter Rd |  21.6% | NORMAL
🟡 [MKCE_LID_09] Canteen Road           |  47.9% | WARNING
🔴 [MKCE_LID_10] Back Gate Road         |   100% | CRITICAL

⏱ 10:34:41 ────────────────────────────────────────
🟢 [MKCE_LID_01] Main Gate Road         |     0% | NORMAL
🟡 [MKCE_LID_02] Academic Block Road    |  69.4% | WARNING
🔴 [MKCE_LID_03] Central Avenue         |  79.3% | CRITICAL
🟢 [MKCE_LID_04] Library Road           |     0% | NORMAL
🟢 [MKCE_LID_05] Workshop Road          |     0% | NORMAL
🟡 [MKCE_LID_06] Hostel Block Road      |  52.8% | WARNING
🟢 [MKCE_LID_07] Hostel Ring Road       |  26.3% | NORMAL
🟢 [MKCE_LID_08] Playground Perimeter Rd |  19.5% | NORMAL
🟡 [MKCE_LID_09] Canteen Road           |  50.6% | WARNING
🔴 [MKCE_LID_10] Back Gate Road         |   100% | CRITICAL

⏱ 10:34:44 ────────────────────────────────────────
🟢 [MKCE_LID_01] Main Gate Road         |     0% | NORMAL
🔴 [MKCE_LID_02] Academic Block Road    |  74.4% | CRITICAL
🔴 [MKCE_LID_03] Central Avenue         |  84.3% | CRITICAL
🟢 [MKCE_LID_04] Library Road           |   1.1% | NORMAL
🟢 [MKCE_LID_05] Workshop Road          |     0% | NORMAL
🟡 [MKCE_LID_06] Hostel Block Road      |  48.1% | WARNING
🟢 [MKCE_LID_07] Hostel Ring Road       |  26.5% | NORMAL
🟢 [MKCE_LID_08] Playground Perimeter Rd |  17.2% | NORMAL
🟡 [MKCE_LID_09] Canteen Road           |  54.0% | WARNING
🔴 [MKCE_LID_10] Back Gate Road         |   100% | CRITICAL

⏱ 10:34:47 ────────────────────────────────────────
🟢 [MKCE_LID_01] Main Gate Road         |    30% | NORMAL
🔴 [MKCE_LID_02] Academic Block Road    |  79.4% | CRITICAL
🔴 [MKCE_LID_03] Central Avenue         |  89.3% | CRITICAL
🟢 [MKCE_LID_04] Library Road           |   1.7% | NORMAL
🟢 [MKCE_LID_05] Workshop Road          |     0% | NORMAL
🟡 [MKCE_LID_06] Hostel Block Road      |  43.1% | WARNING
🟢 [MKCE_LID_07] Hostel Ring Road       |  27.0% | NORMAL
🟢 [MKCE_LID_08] Playground Perimeter Rd |  15.5% | NORMAL
🟡 [MKCE_LID_09] Canteen Road           |  58.3% | WARNING
🔴 [MKCE_LID_10] Back Gate Road         |   100% | CRITICAL

⏱ 10:34:50 ────────────────────────────────────────
🟢 [MKCE_LID_01] Main Gate Road         |  25.6% | NORMAL
🔴 [MKCE_LID_02] Academic Block Road    |  84.4% | CRITICAL
🔴 [MKCE_LID_03] Central Avenue         |  94.3% | CRITICAL
🟢 [MKCE_LID_04] Library Road           |   2.7% | NORMAL
🟢 [MKCE_LID_05] Workshop Road          |     0% | NORMAL
🟢 [MKCE_LID_06] Hostel Block Road      |  38.2% | NORMAL
🟢 [MKCE_LID_07] Hostel Ring Road       |  28.1% | NORMAL
🟢 [MKCE_LID_08] Playground Perimeter Rd |  14.3% | NORMAL
🟡 [MKCE_LID_09] Canteen Road           |  62.8% | WARNING
🔴 [MKCE_LID_10] Back Gate Road         |   100% | CRITICAL

⏱ 10:34:53 ────────────────────────────────────────
🟢 [MKCE_LID_01] Main Gate Road         |  20.6% | NORMAL
🔴 [MKCE_LID_02] Academic Block Road    |  89.4% | CRITICAL
🔴 [MKCE_LID_03] Central Avenue         |  99.3% | CRITICAL
🟢 [MKCE_LID_04] Library Road           |   4.5% | NORMAL
🟢 [MKCE_LID_05] Workshop Road          |     0% | NORMAL
🟢 [MKCE_LID_06] Hostel Block Road      |  33.2% | NORMAL
🟢 [MKCE_LID_07] Hostel Ring Road       |  30.1% | NORMAL
🟢 [MKCE_LID_08] Playground Perimeter Rd |  12.5% | NORMAL
🟡 [MKCE_LID_09] Canteen Road           |  67.3% | WARNING
🔴 [MKCE_LID_10] Back Gate Road         |   100% | CRITICAL

⏱ 10:34:56 ────────────────────────────────────────
🟢 [MKCE_LID_01] Main Gate Road         |  15.7% | NORMAL
🔴 [MKCE_LID_02] Academic Block Road    |  94.3% | CRITICAL
🔴 [MKCE_LID_03] Central Avenue         |   100% | CRITICAL
🟢 [MKCE_LID_04] Library Road           |   5.4% | NORMAL
🟢 [MKCE_LID_05] Workshop Road          |     0% | NORMAL
🟢 [MKCE_LID_06] Hostel Block Road      |  28.2% | NORMAL
🟢 [MKCE_LID_07] Hostel Ring Road       |  31.5% | NORMAL
🟢 [MKCE_LID_08] Playground Perimeter Rd |  10.6% | NORMAL
🔴 [MKCE_LID_09] Canteen Road           |  72.3% | CRITICAL
🔴 [MKCE_LID_10] Back Gate Road         |   100% | CRITICAL

⏱ 10:34:59 ────────────────────────────────────────
🟢 [MKCE_LID_01] Main Gate Road         |  10.8% | NORMAL
🔴 [MKCE_LID_02] Academic Block Road    |  99.3% | CRITICAL
🔴 [MKCE_LID_03] Central Avenue         |   100% | CRITICAL
🟢 [MKCE_LID_04] Library Road           |   5.9% | NORMAL
🟢 [MKCE_LID_05] Workshop Road          |     0% | NORMAL
🟢 [MKCE_LID_06] Hostel Block Road      |     0% | NORMAL
🟢 [MKCE_LID_07] Hostel Ring Road       |  33.1% | NORMAL
🟢 [MKCE_LID_08] Playground Perimeter Rd |   9.2% | NORMAL
🔴 [MKCE_LID_09] Canteen Road           |  76.4% | CRITICAL
🔴 [MKCE_LID_10] Back Gate Road         |   100% | CRITICAL

⏱ 10:35:02 ────────────────────────────────────────
🟢 [MKCE_LID_01] Main Gate Road         |   6.8% | NORMAL
🔴 [MKCE_LID_02] Academic Block Road    |   100% | CRITICAL
🔴 [MKCE_LID_03] Central Avenue         |   100% | CRITICAL
🟢 [MKCE_LID_04] Library Road           |   5.5% | NORMAL
🟢 [MKCE_LID_05] Workshop Road          |     0% | NORMAL
🟢 [MKCE_LID_06] Hostel Block Road      |     0% | NORMAL
🟢 [MKCE_LID_07] Hostel Ring Road       |  34.4% | NORMAL
🟢 [MKCE_LID_08] Playground Perimeter Rd |   8.3% | NORMAL
🔴 [MKCE_LID_09] Canteen Road           |  80.1% | CRITICAL
🔴 [MKCE_LID_10] Back Gate Road         |   100% | CRITICAL

⏱ 10:35:05 ────────────────────────────────────────
🟢 [MKCE_LID_01] Main Gate Road         |   2.0% | NORMAL
🔴 [MKCE_LID_02] Academic Block Road    |   100% | CRITICAL
🔴 [MKCE_LID_03] Central Avenue         |   100% | CRITICAL
🟢 [MKCE_LID_04] Library Road           |   4.9% | NORMAL
🟢 [MKCE_LID_05] Workshop Road          |     0% | NORMAL
🟢 [MKCE_LID_06] Hostel Block Road      |     0% | NORMAL
🟢 [MKCE_LID_07] Hostel Ring Road       |  36.5% | NORMAL
🟢 [MKCE_LID_08] Playground Perimeter Rd |   6.5% | NORMAL
🔴 [MKCE_LID_09] Canteen Road           |  83.1% | CRITICAL
🔴 [MKCE_LID_10] Back Gate Road         |   100% | CRITICAL

⏱ 10:35:08 ────────────────────────────────────────
🟢 [MKCE_LID_01] Main Gate Road         |     0% | NORMAL
🔴 [MKCE_LID_02] Academic Block Road    |   100% | CRITICAL
🔴 [MKCE_LID_03] Central Avenue         |   100% | CRITICAL
🟢 [MKCE_LID_04] Library Road           |   3.5% | NORMAL
🟢 [MKCE_LID_05] Workshop Road          |     0% | NORMAL
🟢 [MKCE_LID_06] Hostel Block Road      |     0% | NORMAL
🟢 [MKCE_LID_07] Hostel Ring Road       |  38.7% | NORMAL
🟢 [MKCE_LID_08] Playground Perimeter Rd |   4.8% | NORMAL
🔴 [MKCE_LID_09] Canteen Road           |  85.7% | CRITICAL
🔴 [MKCE_LID_10] Back Gate Road         |   100% | CRITICAL

⏱ 10:35:11 ────────────────────────────────────────
🟢 [MKCE_LID_01] Main Gate Road         |    30% | NORMAL
🔴 [MKCE_LID_02] Academic Block Road    |   100% | CRITICAL
🔴 [MKCE_LID_03] Central Avenue         |   100% | CRITICAL
🟢 [MKCE_LID_04] Library Road           |   2.7% | NORMAL
🟢 [MKCE_LID_05] Workshop Road          |     0% | NORMAL
🟢 [MKCE_LID_06] Hostel Block Road      |     0% | NORMAL
🟡 [MKCE_LID_07] Hostel Ring Road       |  41.3% | WARNING
🟢 [MKCE_LID_08] Playground Perimeter Rd |   3.4% | NORMAL
🔴 [MKCE_LID_09] Canteen Road           |  89.1% | CRITICAL
🔴 [MKCE_LID_10] Back Gate Road         |   100% | CRITICAL

⏱ 10:35:14 ────────────────────────────────────────
🟢 [MKCE_LID_01] Main Gate Road         |  25.4% | NORMAL
🔴 [MKCE_LID_02] Academic Block Road    |   100% | CRITICAL
🔴 [MKCE_LID_03] Central Avenue         |   100% | CRITICAL
🟢 [MKCE_LID_04] Library Road           |   2.5% | NORMAL
🟢 [MKCE_LID_05] Workshop Road          |     0% | NORMAL
🟢 [MKCE_LID_06] Hostel Block Road      |     0% | NORMAL
🟡 [MKCE_LID_07] Hostel Ring Road       |  44.4% | WARNING
🟢 [MKCE_LID_08] Playground Perimeter Rd |   2.7% | NORMAL
🟡 [MKCE_LID_09] Canteen Road           |  62.8% | WARNING
🔴 [MKCE_LID_10] Back Gate Road         |   100% | CRITICAL

⏱ 10:35:17 ────────────────────────────────────────
🟢 [MKCE_LID_01] Main Gate Road         |  21.4% | NORMAL
🔴 [MKCE_LID_02] Academic Block Road    |   100% | CRITICAL
🔴 [MKCE_LID_03] Central Avenue         |   100% | CRITICAL
🟢 [MKCE_LID_04] Library Road           |   2.6% | NORMAL
🟢 [MKCE_LID_05] Workshop Road          |     0% | NORMAL
🟢 [MKCE_LID_06] Hostel Block Road      |     0% | NORMAL
🟡 [MKCE_LID_07] Hostel Ring Road       |  47.1% | WARNING
🟢 [MKCE_LID_08] Playground Perimeter Rd |   1.9% | NORMAL
🟡 [MKCE_LID_09] Canteen Road           |  67.0% | WARNING
🔴 [MKCE_LID_10] Back Gate Road         |   100% | CRITICAL

⏱ 10:35:20 ────────────────────────────────────────
🟢 [MKCE_LID_01] Main Gate Road         |  16.7% | NORMAL
🔴 [MKCE_LID_02] Academic Block Road    |   100% | CRITICAL
🔴 [MKCE_LID_03] Central Avenue         |   100% | CRITICAL
🟢 [MKCE_LID_04] Library Road           |   3.6% | NORMAL
🟢 [MKCE_LID_05] Workshop Road          |    30% | NORMAL
🟢 [MKCE_LID_06] Hostel Block Road      |     0% | NORMAL
🟡 [MKCE_LID_07] Hostel Ring Road       |  49.7% | WARNING
🟢 [MKCE_LID_08] Playground Perimeter Rd |   1.2% | NORMAL
🔴 [MKCE_LID_09] Canteen Road           |  71.1% | CRITICAL
🔴 [MKCE_LID_10] Back Gate Road         |   100% | CRITICAL

⏱ 10:35:23 ────────────────────────────────────────
🟢 [MKCE_LID_01] Main Gate Road         |  11.7% | NORMAL
🔴 [MKCE_LID_02] Academic Block Road    |   100% | CRITICAL
🔴 [MKCE_LID_03] Central Avenue         |   100% | CRITICAL
🟢 [MKCE_LID_04] Library Road           |   4.1% | NORMAL
🟢 [MKCE_LID_05] Workshop Road          |  26.6% | NORMAL
🟢 [MKCE_LID_06] Hostel Block Road      |     0% | NORMAL
🟡 [MKCE_LID_07] Hostel Ring Road       |  51.7% | WARNING
🟢 [MKCE_LID_08] Playground Perimeter Rd |     0% | NORMAL
🔴 [MKCE_LID_09] Canteen Road           |  75.7% | CRITICAL
🔴 [MKCE_LID_10] Back Gate Road         |   100% | CRITICAL

⏱ 10:35:26 ────────────────────────────────────────
🟢 [MKCE_LID_01] Main Gate Road         |   6.7% | NORMAL
🔴 [MKCE_LID_02] Academic Block Road    |   100% | CRITICAL
🔴 [MKCE_LID_03] Central Avenue         |   100% | CRITICAL
🟢 [MKCE_LID_04] Library Road           |   4.6% | NORMAL
🟢 [MKCE_LID_05] Workshop Road          |  22.9% | NORMAL
🟢 [MKCE_LID_06] Hostel Block Road      |     0% | NORMAL
🟡 [MKCE_LID_07] Hostel Ring Road       |  54.2% | WARNING
🟢 [MKCE_LID_08] Playground Perimeter Rd |     0% | NORMAL
🔴 [MKCE_LID_09] Canteen Road           |  80.6% | CRITICAL
🔴 [MKCE_LID_10] Back Gate Road         |   100% | CRITICAL

⏱ 10:35:29 ────────────────────────────────────────
🟢 [MKCE_LID_01] Main Gate Road         |   1.7% | NORMAL
🔴 [MKCE_LID_02] Academic Block Road    |   100% | CRITICAL
🔴 [MKCE_LID_03] Central Avenue         |   100% | CRITICAL
🟢 [MKCE_LID_04] Library Road           |   5.8% | NORMAL
🟢 [MKCE_LID_05] Workshop Road          |  18.4% | NORMAL
🟢 [MKCE_LID_06] Hostel Block Road      |     0% | NORMAL
🟡 [MKCE_LID_07] Hostel Ring Road       |  56.9% | WARNING
🟢 [MKCE_LID_08] Playground Perimeter Rd |     0% | NORMAL
🔴 [MKCE_LID_09] Canteen Road           |  85.6% | CRITICAL
🔴 [MKCE_LID_10] Back Gate Road         |   100% | CRITICAL

⏱ 10:35:33 ────────────────────────────────────────
🟢 [MKCE_LID_01] Main Gate Road         |     0% | NORMAL
🔴 [MKCE_LID_02] Academic Block Road    |   100% | CRITICAL
🔴 [MKCE_LID_03] Central Avenue         |   100% | CRITICAL
🟢 [MKCE_LID_04] Library Road           |     0% | NORMAL
🟢 [MKCE_LID_05] Workshop Road          |  13.8% | NORMAL
🟢 [MKCE_LID_06] Hostel Block Road      |     0% | NORMAL
🟡 [MKCE_LID_07] Hostel Ring Road       |  60.0% | WARNING
🟢 [MKCE_LID_08] Playground Perimeter Rd |     0% | NORMAL
🔴 [MKCE_LID_09] Canteen Road           |  90.6% | CRITICAL
🔴 [MKCE_LID_10] Back Gate Road         |   100% | CRITICAL

⏱ 10:35:36 ────────────────────────────────────────
🟢 [MKCE_LID_01] Main Gate Road         |     0% | NORMAL
🟡 [MKCE_LID_02] Academic Block Road    |    70% | WARNING
🔴 [MKCE_LID_03] Central Avenue         |   100% | CRITICAL
🟢 [MKCE_LID_04] Library Road           |     0% | NORMAL
🟢 [MKCE_LID_05] Workshop Road          |   8.8% | NORMAL
🟢 [MKCE_LID_06] Hostel Block Road      |     0% | NORMAL
🟡 [MKCE_LID_07] Hostel Ring Road       |  63.8% | WARNING
🟢 [MKCE_LID_08] Playground Perimeter Rd |     0% | NORMAL
🔴 [MKCE_LID_09] Canteen Road           |  94.7% | CRITICAL
🔴 [MKCE_LID_10] Back Gate Road         |   100% | CRITICAL

⏱ 10:35:39 ────────────────────────────────────────
🟢 [MKCE_LID_01] Main Gate Road         |     0% | NORMAL
🔴 [MKCE_LID_02] Academic Block Road    |  74.3% | CRITICAL
🔴 [MKCE_LID_03] Central Avenue         |   100% | CRITICAL
🟢 [MKCE_LID_04] Library Road           |     0% | NORMAL
🟢 [MKCE_LID_05] Workshop Road          |   3.8% | NORMAL
🟢 [MKCE_LID_06] Hostel Block Road      |     0% | NORMAL
🟡 [MKCE_LID_07] Hostel Ring Road       |  68.3% | WARNING
🟢 [MKCE_LID_08] Playground Perimeter Rd |     0% | NORMAL
🔴 [MKCE_LID_09] Canteen Road           |  98.1% | CRITICAL
🔴 [MKCE_LID_10] Back Gate Road         |   100% | CRITICAL

⏱ 10:35:42 ────────────────────────────────────────
🟢 [MKCE_LID_01] Main Gate Road         |     0% | NORMAL
🔴 [MKCE_LID_02] Academic Block Road    |  78.9% | CRITICAL
🔴 [MKCE_LID_03] Central Avenue         |   100% | CRITICAL
🟢 [MKCE_LID_04] Library Road           |   0.4% | NORMAL
🟢 [MKCE_LID_05] Workshop Road          |     0% | NORMAL
🟢 [MKCE_LID_06] Hostel Block Road      |     0% | NORMAL
🔴 [MKCE_LID_07] Hostel Ring Road       |  73.3% | CRITICAL
🟢 [MKCE_LID_08] Playground Perimeter Rd |     0% | NORMAL
🔴 [MKCE_LID_09] Canteen Road           |   100% | CRITICAL
🔴 [MKCE_LID_10] Back Gate Road         |   100% | CRITICAL

⏱ 10:35:45 ────────────────────────────────────────
🟢 [MKCE_LID_01] Main Gate Road         |     0% | NORMAL
🔴 [MKCE_LID_02] Academic Block Road    |  83.3% | CRITICAL
🔴 [MKCE_LID_03] Central Avenue         |   100% | CRITICAL
🟢 [MKCE_LID_04] Library Road           |   1.6% | NORMAL
🟢 [MKCE_LID_05] Workshop Road          |     0% | NORMAL
🟢 [MKCE_LID_06] Hostel Block Road      |     0% | NORMAL
🔴 [MKCE_LID_07] Hostel Ring Road       |  78.3% | CRITICAL
🟢 [MKCE_LID_08] Playground Perimeter Rd |     0% | NORMAL
🔴 [MKCE_LID_09] Canteen Road           |   100% | CRITICAL
🔴 [MKCE_LID_10] Back Gate Road         |   100% | CRITICAL

⏱ 10:35:48 ────────────────────────────────────────
🟢 [MKCE_LID_01] Main Gate Road         |     0% | NORMAL
🔴 [MKCE_LID_02] Academic Block Road    |  88.3% | CRITICAL
🔴 [MKCE_LID_03] Central Avenue         |   100% | CRITICAL
🟢 [MKCE_LID_04] Library Road           |   2.8% | NORMAL
🟢 [MKCE_LID_05] Workshop Road          |     0% | NORMAL
🟢 [MKCE_LID_06] Hostel Block Road      |     0% | NORMAL
🔴 [MKCE_LID_07] Hostel Ring Road       |  83.3% | CRITICAL
🟢 [MKCE_LID_08] Playground Perimeter Rd |     0% | NORMAL
🔴 [MKCE_LID_09] Canteen Road           |   100% | CRITICAL
🔴 [MKCE_LID_10] Back Gate Road         |   100% | CRITICAL

⏱ 10:35:51 ────────────────────────────────────────
🟢 [MKCE_LID_01] Main Gate Road         |     0% | NORMAL
🔴 [MKCE_LID_02] Academic Block Road    |  93.3% | CRITICAL
🔴 [MKCE_LID_03] Central Avenue         |   100% | CRITICAL
🟢 [MKCE_LID_04] Library Road           |   3.5% | NORMAL
🟢 [MKCE_LID_05] Workshop Road          |     0% | NORMAL
🟢 [MKCE_LID_06] Hostel Block Road      |     0% | NORMAL
🔴 [MKCE_LID_07] Hostel Ring Road       |  88.3% | CRITICAL
🟢 [MKCE_LID_08] Playground Perimeter Rd |     0% | NORMAL
🟡 [MKCE_LID_09] Canteen Road           |    70% | WARNING
🔴 [MKCE_LID_10] Back Gate Road         |   100% | CRITICAL

⏱ 10:35:54 ────────────────────────────────────────
🟢 [MKCE_LID_01] Main Gate Road         |     0% | NORMAL
🔴 [MKCE_LID_02] Academic Block Road    |  97.8% | CRITICAL
🔴 [MKCE_LID_03] Central Avenue         |   100% | CRITICAL
🟢 [MKCE_LID_04] Library Road           |   3.9% | NORMAL
🟢 [MKCE_LID_05] Workshop Road          |     0% | NORMAL
🟢 [MKCE_LID_06] Hostel Block Road      |     0% | NORMAL
🔴 [MKCE_LID_07] Hostel Ring Road       |  92.8% | CRITICAL
🟢 [MKCE_LID_08] Playground Perimeter Rd |     0% | NORMAL
🔴 [MKCE_LID_09] Canteen Road           |  74.9% | CRITICAL
🔴 [MKCE_LID_10] Back Gate Road         |   100% | CRITICAL

⏱ 10:35:57 ────────────────────────────────────────
🟢 [MKCE_LID_01] Main Gate Road         |     0% | NORMAL
🔴 [MKCE_LID_02] Academic Block Road    |   100% | CRITICAL
🔴 [MKCE_LID_03] Central Avenue         |   100% | CRITICAL
🟢 [MKCE_LID_04] Library Road           |   3.7% | NORMAL
🟢 [MKCE_LID_05] Workshop Road          |     0% | NORMAL
🟢 [MKCE_LID_06] Hostel Block Road      |     0% | NORMAL
🔴 [MKCE_LID_07] Hostel Ring Road       |  97.7% | CRITICAL
🟢 [MKCE_LID_08] Playground Perimeter Rd |     0% | NORMAL
🔴 [MKCE_LID_09] Canteen Road           |  79.9% | CRITICAL
🔴 [MKCE_LID_10] Back Gate Road         |   100% | CRITICAL

⏱ 10:36:00 ────────────────────────────────────────
🟢 [MKCE_LID_01] Main Gate Road         |     0% | NORMAL
🔴 [MKCE_LID_02] Academic Block Road    |   100% | CRITICAL
🟡 [MKCE_LID_03] Central Avenue         |    70% | WARNING
🟢 [MKCE_LID_04] Library Road           |   4.3% | NORMAL
🟢 [MKCE_LID_05] Workshop Road          |     0% | NORMAL
🟢 [MKCE_LID_06] Hostel Block Road      |     0% | NORMAL
🔴 [MKCE_LID_07] Hostel Ring Road       |   100% | CRITICAL
🟢 [MKCE_LID_08] Playground Perimeter Rd |     0% | NORMAL
🔴 [MKCE_LID_09] Canteen Road           |  84.4% | CRITICAL
🔴 [MKCE_LID_10] Back Gate Road         |   100% | CRITICAL

⏱ 10:36:03 ────────────────────────────────────────
🟢 [MKCE_LID_01] Main Gate Road         |     0% | NORMAL
🔴 [MKCE_LID_02] Academic Block Road    |   100% | CRITICAL
🔴 [MKCE_LID_03] Central Avenue         |  72.9% | CRITICAL
🟢 [MKCE_LID_04] Library Road           |   5.8% | NORMAL
🟢 [MKCE_LID_05] Workshop Road          |     0% | NORMAL
🟢 [MKCE_LID_06] Hostel Block Road      |     0% | NORMAL
🔴 [MKCE_LID_07] Hostel Ring Road       |   100% | CRITICAL
🟢 [MKCE_LID_08] Playground Perimeter Rd |     0% | NORMAL
🔴 [MKCE_LID_09] Canteen Road           |  89.4% | CRITICAL
🔴 [MKCE_LID_10] Back Gate Road         |   100% | CRITICAL

⏱ 10:36:06 ────────────────────────────────────────
🟢 [MKCE_LID_01] Main Gate Road         |     0% | NORMAL
🔴 [MKCE_LID_02] Academic Block Road    |   100% | CRITICAL
🔴 [MKCE_LID_03] Central Avenue         |  76.2% | CRITICAL
🟢 [MKCE_LID_04] Library Road           |   7.6% | NORMAL
🟢 [MKCE_LID_05] Workshop Road          |     0% | NORMAL
🟢 [MKCE_LID_06] Hostel Block Road      |     0% | NORMAL
🔴 [MKCE_LID_07] Hostel Ring Road       |   100% | CRITICAL
🟢 [MKCE_LID_08] Playground Perimeter Rd |     0% | NORMAL
🔴 [MKCE_LID_09] Canteen Road           |  93.7% | CRITICAL
🟡 [MKCE_LID_10] Back Gate Road         |    70% | WARNING

⏱ 10:36:09 ────────────────────────────────────────
🟢 [MKCE_LID_01] Main Gate Road         |     0% | NORMAL
🔴 [MKCE_LID_02] Academic Block Road    |   100% | CRITICAL
🔴 [MKCE_LID_03] Central Avenue         |  79.0% | CRITICAL
🟢 [MKCE_LID_04] Library Road           |   9.8% | NORMAL
🟢 [MKCE_LID_05] Workshop Road          |     0% | NORMAL
🟢 [MKCE_LID_06] Hostel Block Road      |     0% | NORMAL
🔴 [MKCE_LID_07] Hostel Ring Road       |   100% | CRITICAL
🟢 [MKCE_LID_08] Playground Perimeter Rd |     0% | NORMAL
🔴 [MKCE_LID_09] Canteen Road           |  97.7% | CRITICAL
🔴 [MKCE_LID_10] Back Gate Road         |  74.2% | CRITICAL

⏱ 10:36:12 ────────────────────────────────────────
🟢 [MKCE_LID_01] Main Gate Road         |     0% | NORMAL
🔴 [MKCE_LID_02] Academic Block Road    |   100% | CRITICAL
🔴 [MKCE_LID_03] Central Avenue         |  81.6% | CRITICAL
🟢 [MKCE_LID_04] Library Road           |  11.1% | NORMAL
🟢 [MKCE_LID_05] Workshop Road          |     0% | NORMAL
🟢 [MKCE_LID_06] Hostel Block Road      |    30% | NORMAL
🔴 [MKCE_LID_07] Hostel Ring Road       |   100% | CRITICAL
🟢 [MKCE_LID_08] Playground Perimeter Rd |   0.1% | NORMAL
🔴 [MKCE_LID_09] Canteen Road           |   100% | CRITICAL
🔴 [MKCE_LID_10] Back Gate Road         |  77.6% | CRITICAL

⏱ 10:36:15 ────────────────────────────────────────
🟢 [MKCE_LID_01] Main Gate Road         |     0% | NORMAL
🔴 [MKCE_LID_02] Academic Block Road    |   100% | CRITICAL
🔴 [MKCE_LID_03] Central Avenue         |  84.6% | CRITICAL
🟢 [MKCE_LID_04] Library Road           |     0% | NORMAL
🟢 [MKCE_LID_05] Workshop Road          |     0% | NORMAL
🟢 [MKCE_LID_06] Hostel Block Road      |  27.5% | NORMAL
🔴 [MKCE_LID_07] Hostel Ring Road       |   100% | CRITICAL
🟢 [MKCE_LID_08] Playground Perimeter Rd |   0.6% | NORMAL
🔴 [MKCE_LID_09] Canteen Road           |   100% | CRITICAL
🔴 [MKCE_LID_10] Back Gate Road         |  81.0% | CRITICAL

⏱ 10:36:18 ────────────────────────────────────────
🟢 [MKCE_LID_01] Main Gate Road         |     0% | NORMAL
🔴 [MKCE_LID_02] Academic Block Road    |   100% | CRITICAL
🔴 [MKCE_LID_03] Central Avenue         |  87.2% | CRITICAL
🟢 [MKCE_LID_04] Library Road           |   0.3% | NORMAL
🟢 [MKCE_LID_05] Workshop Road          |     0% | NORMAL
🟢 [MKCE_LID_06] Hostel Block Road      |  25.0% | NORMAL
🔴 [MKCE_LID_07] Hostel Ring Road       |   100% | CRITICAL
🟢 [MKCE_LID_08] Playground Perimeter Rd |   1.7% | NORMAL
🔴 [MKCE_LID_09] Canteen Road           |   100% | CRITICAL
🔴 [MKCE_LID_10] Back Gate Road         |  85.2% | CRITICAL

⏱ 10:36:21 ────────────────────────────────────────
🟢 [MKCE_LID_01] Main Gate Road         |     0% | NORMAL
🔴 [MKCE_LID_02] Academic Block Road    |   100% | CRITICAL
🔴 [MKCE_LID_03] Central Avenue         |  88.9% | CRITICAL
🟢 [MKCE_LID_04] Library Road           |   1.5% | NORMAL
🟢 [MKCE_LID_05] Workshop Road          |    30% | NORMAL
🟢 [MKCE_LID_06] Hostel Block Road      |  22.4% | NORMAL
🔴 [MKCE_LID_07] Hostel Ring Road       |   100% | CRITICAL
🟢 [MKCE_LID_08] Playground Perimeter Rd |   2.7% | NORMAL
🔴 [MKCE_LID_09] Canteen Road           |   100% | CRITICAL
🔴 [MKCE_LID_10] Back Gate Road         |  90.2% | CRITICAL

⏱ 10:36:25 ────────────────────────────────────────
🟢 [MKCE_LID_01] Main Gate Road         |     0% | NORMAL
🔴 [MKCE_LID_02] Academic Block Road    |   100% | CRITICAL
🔴 [MKCE_LID_03] Central Avenue         |  91.4% | CRITICAL
🟢 [MKCE_LID_04] Library Road           |   1.8% | NORMAL
🟢 [MKCE_LID_05] Workshop Road          |  26.8% | NORMAL
🟢 [MKCE_LID_06] Hostel Block Road      |  20.0% | NORMAL
🔴 [MKCE_LID_07] Hostel Ring Road       |   100% | CRITICAL
🟢 [MKCE_LID_08] Playground Perimeter Rd |   4.5% | NORMAL
🔴 [MKCE_LID_09] Canteen Road           |   100% | CRITICAL
🔴 [MKCE_LID_10] Back Gate Road         |  95.2% | CRITICAL

⏱ 10:36:28 ────────────────────────────────────────
🟢 [MKCE_LID_01] Main Gate Road         |     0% | NORMAL
🔴 [MKCE_LID_02] Academic Block Road    |   100% | CRITICAL
🔴 [MKCE_LID_03] Central Avenue         |  93.2% | CRITICAL
🟢 [MKCE_LID_04] Library Road           |  32.6% | NORMAL
🟢 [MKCE_LID_05] Workshop Road          |  22.7% | NORMAL
🟢 [MKCE_LID_06] Hostel Block Road      |  17.4% | NORMAL
🔴 [MKCE_LID_07] Hostel Ring Road       |   100% | CRITICAL
🟢 [MKCE_LID_08] Playground Perimeter Rd |   7.2% | NORMAL
🔴 [MKCE_LID_09] Canteen Road           |   100% | CRITICAL
🔴 [MKCE_LID_10] Back Gate Road         |  99.7% | CRITICAL

⏱ 10:36:31 ────────────────────────────────────────
🟢 [MKCE_LID_01] Main Gate Road         |     0% | NORMAL
🔴 [MKCE_LID_02] Academic Block Road    |   100% | CRITICAL
🔴 [MKCE_LID_03] Central Avenue         |  94.1% | CRITICAL
🟢 [MKCE_LID_04] Library Road           |  33.5% | NORMAL
🟢 [MKCE_LID_05] Workshop Road          |  17.7% | NORMAL
🟢 [MKCE_LID_06] Hostel Block Road      |     0% | NORMAL
🔴 [MKCE_LID_07] Hostel Ring Road       |   100% | CRITICAL
🟢 [MKCE_LID_08] Playground Perimeter Rd |   9.0% | NORMAL
🔴 [MKCE_LID_09] Canteen Road           |   100% | CRITICAL
🔴 [MKCE_LID_10] Back Gate Road         |   100% | CRITICAL

⏱ 10:36:34 ────────────────────────────────────────
🟢 [MKCE_LID_01] Main Gate Road         |     0% | NORMAL
🔴 [MKCE_LID_02] Academic Block Road    |   100% | CRITICAL
🔴 [MKCE_LID_03] Central Avenue         |  95.6% | CRITICAL
🟢 [MKCE_LID_04] Library Road           |  34.9% | NORMAL
🟢 [MKCE_LID_05] Workshop Road          |  13.7% | NORMAL
🟢 [MKCE_LID_06] Hostel Block Road      |     0% | NORMAL
🔴 [MKCE_LID_07] Hostel Ring Road       |   100% | CRITICAL
🟢 [MKCE_LID_08] Playground Perimeter Rd |  10.0% | NORMAL
🔴 [MKCE_LID_09] Canteen Road           |   100% | CRITICAL
🔴 [MKCE_LID_10] Back Gate Road         |   100% | CRITICAL

⏱ 10:36:37 ────────────────────────────────────────
🟢 [MKCE_LID_01] Main Gate Road         |     0% | NORMAL
🔴 [MKCE_LID_02] Academic Block Road    |   100% | CRITICAL
🔴 [MKCE_LID_03] Central Avenue         |  96.2% | CRITICAL
🟢 [MKCE_LID_04] Library Road           |  36.8% | NORMAL
🟢 [MKCE_LID_05] Workshop Road          |  10.3% | NORMAL
🟢 [MKCE_LID_06] Hostel Block Road      |     0% | NORMAL
🔴 [MKCE_LID_07] Hostel Ring Road       |   100% | CRITICAL
🟢 [MKCE_LID_08] Playground Perimeter Rd |  12.0% | NORMAL
🔴 [MKCE_LID_09] Canteen Road           |   100% | CRITICAL
🔴 [MKCE_LID_10] Back Gate Road         |   100% | CRITICAL

⏱ 10:36:40 ────────────────────────────────────────
🟢 [MKCE_LID_01] Main Gate Road         |     0% | NORMAL
🔴 [MKCE_LID_02] Academic Block Road    |   100% | CRITICAL
🔴 [MKCE_LID_03] Central Avenue         |   100% | CRITICAL
🟢 [MKCE_LID_04] Library Road           |  39.4% | NORMAL
🟢 [MKCE_LID_05] Workshop Road          |   7.0% | NORMAL
🟢 [MKCE_LID_06] Hostel Block Road      |     0% | NORMAL
🔴 [MKCE_LID_07] Hostel Ring Road       |   100% | CRITICAL
🟢 [MKCE_LID_08] Playground Perimeter Rd |  13.8% | NORMAL
🔴 [MKCE_LID_09] Canteen Road           |   100% | CRITICAL
🟡 [MKCE_LID_10] Back Gate Road         |    70% | WARNING

⏱ 10:36:43 ────────────────────────────────────────
🟢 [MKCE_LID_01] Main Gate Road         |     0% | NORMAL
🔴 [MKCE_LID_02] Academic Block Road    |   100% | CRITICAL
🔴 [MKCE_LID_03] Central Avenue         |   100% | CRITICAL
🟡 [MKCE_LID_04] Library Road           |  41.2% | WARNING
🟢 [MKCE_LID_05] Workshop Road          |   2.9% | NORMAL
🟢 [MKCE_LID_06] Hostel Block Road      |     0% | NORMAL
🔴 [MKCE_LID_07] Hostel Ring Road       |   100% | CRITICAL
🟡 [MKCE_LID_08] Playground Perimeter Rd |  46.2% | WARNING
🔴 [MKCE_LID_09] Canteen Road           |   100% | CRITICAL
🔴 [MKCE_LID_10] Back Gate Road         |    75% | CRITICAL

⏱ 10:36:46 ────────────────────────────────────────
🟢 [MKCE_LID_01] Main Gate Road         |     0% | NORMAL
🔴 [MKCE_LID_02] Academic Block Road    |   100% | CRITICAL
🔴 [MKCE_LID_03] Central Avenue         |   100% | CRITICAL
🟡 [MKCE_LID_04] Library Road           |  42.3% | WARNING
🟢 [MKCE_LID_05] Workshop Road          |     0% | NORMAL
🟢 [MKCE_LID_06] Hostel Block Road      |     0% | NORMAL
🔴 [MKCE_LID_07] Hostel Ring Road       |   100% | CRITICAL
🟡 [MKCE_LID_08] Playground Perimeter Rd |  49.0% | WARNING
🔴 [MKCE_LID_09] Canteen Road           |   100% | CRITICAL
🔴 [MKCE_LID_10] Back Gate Road         |  79.8% | CRITICAL

⏱ 10:36:49 ────────────────────────────────────────
🟢 [MKCE_LID_01] Main Gate Road         |     0% | NORMAL
🔴 [MKCE_LID_02] Academic Block Road    |   100% | CRITICAL
🔴 [MKCE_LID_03] Central Avenue         |   100% | CRITICAL
🟡 [MKCE_LID_04] Library Road           |  43.0% | WARNING
🟢 [MKCE_LID_05] Workshop Road          |     0% | NORMAL
🟢 [MKCE_LID_06] Hostel Block Road      |     0% | NORMAL
🔴 [MKCE_LID_07] Hostel Ring Road       |   100% | CRITICAL
🟡 [MKCE_LID_08] Playground Perimeter Rd |  51.5% | WARNING
🔴 [MKCE_LID_09] Canteen Road           |   100% | CRITICAL
🔴 [MKCE_LID_10] Back Gate Road         |  84.3% | CRITICAL

⏱ 10:36:52 ────────────────────────────────────────
🟢 [MKCE_LID_01] Main Gate Road         |     0% | NORMAL
🔴 [MKCE_LID_02] Academic Block Road    |   100% | CRITICAL
🔴 [MKCE_LID_03] Central Avenue         |   100% | CRITICAL
🟡 [MKCE_LID_04] Library Road           |  44.2% | WARNING
🟢 [MKCE_LID_05] Workshop Road          |     0% | NORMAL
🟢 [MKCE_LID_06] Hostel Block Road      |     0% | NORMAL
🔴 [MKCE_LID_07] Hostel Ring Road       |   100% | CRITICAL
🟡 [MKCE_LID_08] Playground Perimeter Rd |  53.9% | WARNING
🔴 [MKCE_LID_09] Canteen Road           |   100% | CRITICAL
🔴 [MKCE_LID_10] Back Gate Road         |  89.3% | CRITICAL

⏱ 10:36:55 ────────────────────────────────────────
🟢 [MKCE_LID_01] Main Gate Road         |     0% | NORMAL
🔴 [MKCE_LID_02] Academic Block Road    |   100% | CRITICAL
🔴 [MKCE_LID_03] Central Avenue         |   100% | CRITICAL
🟡 [MKCE_LID_04] Library Road           |  45.5% | WARNING
🟢 [MKCE_LID_05] Workshop Road          |     0% | NORMAL
🟢 [MKCE_LID_06] Hostel Block Road      |     0% | NORMAL
🔴 [MKCE_LID_07] Hostel Ring Road       |   100% | CRITICAL
🟡 [MKCE_LID_08] Playground Perimeter Rd |  55.5% | WARNING
🔴 [MKCE_LID_09] Canteen Road           |   100% | CRITICAL
🔴 [MKCE_LID_10] Back Gate Road         |  94.3% | CRITICAL

⏱ 10:36:58 ────────────────────────────────────────
🟢 [MKCE_LID_01] Main Gate Road         |     0% | NORMAL
🟡 [MKCE_LID_02] Academic Block Road    |    70% | WARNING
🔴 [MKCE_LID_03] Central Avenue         |   100% | CRITICAL
🟡 [MKCE_LID_04] Library Road           |  46.6% | WARNING
🟢 [MKCE_LID_05] Workshop Road          |     0% | NORMAL
🟢 [MKCE_LID_06] Hostel Block Road      |     0% | NORMAL
🔴 [MKCE_LID_07] Hostel Ring Road       |   100% | CRITICAL
🟡 [MKCE_LID_08] Playground Perimeter Rd |  56.2% | WARNING
🔴 [MKCE_LID_09] Canteen Road           |   100% | CRITICAL
🔴 [MKCE_LID_10] Back Gate Road         |   100% | CRITICAL

⏱ 10:37:01 ────────────────────────────────────────
🟢 [MKCE_LID_01] Main Gate Road         |     0% | NORMAL
🔴 [MKCE_LID_02] Academic Block Road    |  74.8% | CRITICAL
🔴 [MKCE_LID_03] Central Avenue         |   100% | CRITICAL
🟡 [MKCE_LID_04] Library Road           |  46.8% | WARNING
🟢 [MKCE_LID_05] Workshop Road          |     0% | NORMAL
🟢 [MKCE_LID_06] Hostel Block Road      |     0% | NORMAL
🔴 [MKCE_LID_07] Hostel Ring Road       |   100% | CRITICAL
🟡 [MKCE_LID_08] Playground Perimeter Rd |  56.2% | WARNING
🔴 [MKCE_LID_09] Canteen Road           |   100% | CRITICAL
🔴 [MKCE_LID_10] Back Gate Road         |   100% | CRITICAL

⏱ 10:37:04 ────────────────────────────────────────
🟢 [MKCE_LID_01] Main Gate Road         |     0% | NORMAL
🔴 [MKCE_LID_02] Academic Block Road    |  79.8% | CRITICAL
🔴 [MKCE_LID_03] Central Avenue         |   100% | CRITICAL
🟡 [MKCE_LID_04] Library Road           |  47.8% | WARNING
🟢 [MKCE_LID_05] Workshop Road          |     0% | NORMAL
🟢 [MKCE_LID_06] Hostel Block Road      |     0% | NORMAL
🔴 [MKCE_LID_07] Hostel Ring Road       |   100% | CRITICAL
🟡 [MKCE_LID_08] Playground Perimeter Rd |  55.5% | WARNING
🔴 [MKCE_LID_09] Canteen Road           |   100% | CRITICAL
🔴 [MKCE_LID_10] Back Gate Road         |   100% | CRITICAL

⏱ 10:37:07 ────────────────────────────────────────
🟢 [MKCE_LID_01] Main Gate Road         |     0% | NORMAL
🔴 [MKCE_LID_02] Academic Block Road    |  84.8% | CRITICAL
🔴 [MKCE_LID_03] Central Avenue         |   100% | CRITICAL
🟡 [MKCE_LID_04] Library Road           |  48.0% | WARNING
🟢 [MKCE_LID_05] Workshop Road          |     0% | NORMAL
🟢 [MKCE_LID_06] Hostel Block Road      |     0% | NORMAL
🟡 [MKCE_LID_07] Hostel Ring Road       |    70% | WARNING
🟡 [MKCE_LID_08] Playground Perimeter Rd |  55.6% | WARNING
🔴 [MKCE_LID_09] Canteen Road           |   100% | CRITICAL
🔴 [MKCE_LID_10] Back Gate Road         |   100% | CRITICAL

⏱ 10:37:10 ────────────────────────────────────────
🟢 [MKCE_LID_01] Main Gate Road         |    30% | NORMAL
🔴 [MKCE_LID_02] Academic Block Road    |  89.5% | CRITICAL
🔴 [MKCE_LID_03] Central Avenue         |   100% | CRITICAL
🟡 [MKCE_LID_04] Library Road           |  48.2% | WARNING
🟢 [MKCE_LID_05] Workshop Road          |     0% | NORMAL
🟢 [MKCE_LID_06] Hostel Block Road      |     0% | NORMAL
🔴 [MKCE_LID_07] Hostel Ring Road       |    75% | CRITICAL
🟡 [MKCE_LID_08] Playground Perimeter Rd |  55.9% | WARNING
🔴 [MKCE_LID_09] Canteen Road           |   100% | CRITICAL
🔴 [MKCE_LID_10] Back Gate Road         |   100% | CRITICAL

⏱ 10:37:13 ────────────────────────────────────────
🟢 [MKCE_LID_01] Main Gate Road         |    25% | NORMAL
🔴 [MKCE_LID_02] Academic Block Road    |  94.3% | CRITICAL
🔴 [MKCE_LID_03] Central Avenue         |   100% | CRITICAL
🟡 [MKCE_LID_04] Library Road           |  48.0% | WARNING
🟢 [MKCE_LID_05] Workshop Road          |     0% | NORMAL
🟢 [MKCE_LID_06] Hostel Block Road      |     0% | NORMAL
🔴 [MKCE_LID_07] Hostel Ring Road       |    80% | CRITICAL
🟡 [MKCE_LID_08] Playground Perimeter Rd |  57.2% | WARNING
🔴 [MKCE_LID_09] Canteen Road           |   100% | CRITICAL
🔴 [MKCE_LID_10] Back Gate Road         |   100% | CRITICAL

⏱ 10:37:17 ────────────────────────────────────────
🟢 [MKCE_LID_01] Main Gate Road         |    20% | NORMAL
🔴 [MKCE_LID_02] Academic Block Road    |  99.3% | CRITICAL
🔴 [MKCE_LID_03] Central Avenue         |   100% | CRITICAL
🟡 [MKCE_LID_04] Library Road           |  47.0% | WARNING
🟢 [MKCE_LID_05] Workshop Road          |     0% | NORMAL
🟢 [MKCE_LID_06] Hostel Block Road      |     0% | NORMAL
🔴 [MKCE_LID_07] Hostel Ring Road       |    85% | CRITICAL
🟡 [MKCE_LID_08] Playground Perimeter Rd |  57.5% | WARNING
🔴 [MKCE_LID_09] Canteen Road           |   100% | CRITICAL
🔴 [MKCE_LID_10] Back Gate Road         |   100% | CRITICAL

⏱ 10:37:20 ────────────────────────────────────────
🟢 [MKCE_LID_01] Main Gate Road         |  15.5% | NORMAL
🔴 [MKCE_LID_02] Academic Block Road    |   100% | CRITICAL
🔴 [MKCE_LID_03] Central Avenue         |   100% | CRITICAL
🟡 [MKCE_LID_04] Library Road           |  45.7% | WARNING
🟢 [MKCE_LID_05] Workshop Road          |     0% | NORMAL
🟢 [MKCE_LID_06] Hostel Block Road      |     0% | NORMAL
🔴 [MKCE_LID_07] Hostel Ring Road       |  89.5% | CRITICAL
🟡 [MKCE_LID_08] Playground Perimeter Rd |  58.2% | WARNING
🔴 [MKCE_LID_09] Canteen Road           |   100% | CRITICAL
🔴 [MKCE_LID_10] Back Gate Road         |   100% | CRITICAL

⏱ 10:37:23 ────────────────────────────────────────
🟢 [MKCE_LID_01] Main Gate Road         |  12.0% | NORMAL
🔴 [MKCE_LID_02] Academic Block Road    |   100% | CRITICAL
🔴 [MKCE_LID_03] Central Avenue         |   100% | CRITICAL
🟡 [MKCE_LID_04] Library Road           |  43.6% | WARNING
🟢 [MKCE_LID_05] Workshop Road          |     0% | NORMAL
🟢 [MKCE_LID_06] Hostel Block Road      |     0% | NORMAL
🔴 [MKCE_LID_07] Hostel Ring Road       |  93.8% | CRITICAL
🟡 [MKCE_LID_08] Playground Perimeter Rd |  58.3% | WARNING
🔴 [MKCE_LID_09] Canteen Road           |   100% | CRITICAL
🔴 [MKCE_LID_10] Back Gate Road         |   100% | CRITICAL

⏱ 10:37:26 ────────────────────────────────────────
🟢 [MKCE_LID_01] Main Gate Road         |   8.0% | NORMAL
🔴 [MKCE_LID_02] Academic Block Road    |   100% | CRITICAL
🔴 [MKCE_LID_03] Central Avenue         |   100% | CRITICAL
🟡 [MKCE_LID_04] Library Road           |  42.3% | WARNING
🟢 [MKCE_LID_05] Workshop Road          |     0% | NORMAL
🟢 [MKCE_LID_06] Hostel Block Road      |     0% | NORMAL
🔴 [MKCE_LID_07] Hostel Ring Road       |  98.6% | CRITICAL
🟡 [MKCE_LID_08] Playground Perimeter Rd |  59.1% | WARNING
🔴 [MKCE_LID_09] Canteen Road           |   100% | CRITICAL
🔴 [MKCE_LID_10] Back Gate Road         |   100% | CRITICAL

⏱ 10:37:29 ────────────────────────────────────────
🟢 [MKCE_LID_01] Main Gate Road         |   4.3% | NORMAL
🔴 [MKCE_LID_02] Academic Block Road    |   100% | CRITICAL
🔴 [MKCE_LID_03] Central Avenue         |   100% | CRITICAL
🟡 [MKCE_LID_04] Library Road           |  42.0% | WARNING
🟢 [MKCE_LID_05] Workshop Road          |     0% | NORMAL
🟢 [MKCE_LID_06] Hostel Block Road      |     0% | NORMAL
🔴 [MKCE_LID_07] Hostel Ring Road       |   100% | CRITICAL
🟡 [MKCE_LID_08] Playground Perimeter Rd |  59.9% | WARNING
🔴 [MKCE_LID_09] Canteen Road           |   100% | CRITICAL
🔴 [MKCE_LID_10] Back Gate Road         |   100% | CRITICAL

⏱ 10:37:32 ────────────────────────────────────────
🟢 [MKCE_LID_01] Main Gate Road         |   0.8% | NORMAL
🔴 [MKCE_LID_02] Academic Block Road    |   100% | CRITICAL
🔴 [MKCE_LID_03] Central Avenue         |   100% | CRITICAL
🟡 [MKCE_LID_04] Library Road           |  42.4% | WARNING
🟢 [MKCE_LID_05] Workshop Road          |     0% | NORMAL
🟢 [MKCE_LID_06] Hostel Block Road      |     0% | NORMAL
🔴 [MKCE_LID_07] Hostel Ring Road       |   100% | CRITICAL
🟡 [MKCE_LID_08] Playground Perimeter Rd |  60.3% | WARNING
🔴 [MKCE_LID_09] Canteen Road           |   100% | CRITICAL
🔴 [MKCE_LID_10] Back Gate Road         |   100% | CRITICAL

⏱ 10:37:35 ────────────────────────────────────────
🟢 [MKCE_LID_01] Main Gate Road         |     0% | NORMAL
🔴 [MKCE_LID_02] Academic Block Road    |   100% | CRITICAL
🔴 [MKCE_LID_03] Central Avenue         |   100% | CRITICAL
🟡 [MKCE_LID_04] Library Road           |  41.9% | WARNING
🟢 [MKCE_LID_05] Workshop Road          |     0% | NORMAL
🟢 [MKCE_LID_06] Hostel Block Road      |     0% | NORMAL
🔴 [MKCE_LID_07] Hostel Ring Road       |   100% | CRITICAL
🟡 [MKCE_LID_08] Playground Perimeter Rd |  59.9% | WARNING
🔴 [MKCE_LID_09] Canteen Road           |   100% | CRITICAL
🔴 [MKCE_LID_10] Back Gate Road         |   100% | CRITICAL

⏱ 10:37:38 ────────────────────────────────────────
🟢 [MKCE_LID_01] Main Gate Road         |     0% | NORMAL
🔴 [MKCE_LID_02] Academic Block Road    |   100% | CRITICAL
🔴 [MKCE_LID_03] Central Avenue         |   100% | CRITICAL
🟡 [MKCE_LID_04] Library Road           |  41.2% | WARNING
🟢 [MKCE_LID_05] Workshop Road          |     0% | NORMAL
🟢 [MKCE_LID_06] Hostel Block Road      |     0% | NORMAL
🔴 [MKCE_LID_07] Hostel Ring Road       |   100% | CRITICAL
🟡 [MKCE_LID_08] Playground Perimeter Rd |  59.7% | WARNING
🔴 [MKCE_LID_09] Canteen Road           |   100% | CRITICAL
🔴 [MKCE_LID_10] Back Gate Road         |   100% | CRITICAL

⏱ 10:37:41 ────────────────────────────────────────
🟢 [MKCE_LID_01] Main Gate Road         |     0% | NORMAL
🔴 [MKCE_LID_02] Academic Block Road    |   100% | CRITICAL
🔴 [MKCE_LID_03] Central Avenue         |   100% | CRITICAL
🟡 [MKCE_LID_04] Library Road           |  41.5% | WARNING
🟢 [MKCE_LID_05] Workshop Road          |     0% | NORMAL
🟢 [MKCE_LID_06] Hostel Block Road      |     0% | NORMAL
🔴 [MKCE_LID_07] Hostel Ring Road       |   100% | CRITICAL
🟡 [MKCE_LID_08] Playground Perimeter Rd |  59.1% | WARNING
🔴 [MKCE_LID_09] Canteen Road           |   100% | CRITICAL
🔴 [MKCE_LID_10] Back Gate Road         |   100% | CRITICAL

⏱ 10:37:44 ────────────────────────────────────────
🟢 [MKCE_LID_01] Main Gate Road         |     0% | NORMAL
🔴 [MKCE_LID_02] Academic Block Road    |   100% | CRITICAL
🔴 [MKCE_LID_03] Central Avenue         |   100% | CRITICAL
🟡 [MKCE_LID_04] Library Road           |  41.6% | WARNING
🟢 [MKCE_LID_05] Workshop Road          |     0% | NORMAL
🟢 [MKCE_LID_06] Hostel Block Road      |     0% | NORMAL
🔴 [MKCE_LID_07] Hostel Ring Road       |   100% | CRITICAL
🟢 [MKCE_LID_08] Playground Perimeter Rd |  28.4% | NORMAL
🔴 [MKCE_LID_09] Canteen Road           |   100% | CRITICAL
🔴 [MKCE_LID_10] Back Gate Road         |   100% | CRITICAL

⏱ 10:37:47 ────────────────────────────────────────
🟢 [MKCE_LID_01] Main Gate Road         |     0% | NORMAL
🔴 [MKCE_LID_02] Academic Block Road    |   100% | CRITICAL
🔴 [MKCE_LID_03] Central Avenue         |   100% | CRITICAL
🟡 [MKCE_LID_04] Library Road           |  41.6% | WARNING
🟢 [MKCE_LID_05] Workshop Road          |     0% | NORMAL
🟢 [MKCE_LID_06] Hostel Block Road      |     0% | NORMAL
🔴 [MKCE_LID_07] Hostel Ring Road       |   100% | CRITICAL
🟢 [MKCE_LID_08] Playground Perimeter Rd |  28.3% | NORMAL
🔴 [MKCE_LID_09] Canteen Road           |   100% | CRITICAL
🔴 [MKCE_LID_10] Back Gate Road         |   100% | CRITICAL

⏱ 10:37:50 ────────────────────────────────────────
🟢 [MKCE_LID_01] Main Gate Road         |     0% | NORMAL
🔴 [MKCE_LID_02] Academic Block Road    |   100% | CRITICAL
🔴 [MKCE_LID_03] Central Avenue         |   100% | CRITICAL
🟡 [MKCE_LID_04] Library Road           |  40.7% | WARNING
🟢 [MKCE_LID_05] Workshop Road          |     0% | NORMAL
🟢 [MKCE_LID_06] Hostel Block Road      |     0% | NORMAL
🔴 [MKCE_LID_07] Hostel Ring Road       |   100% | CRITICAL
🟢 [MKCE_LID_08] Playground Perimeter Rd |  27.4% | NORMAL
🟡 [MKCE_LID_09] Canteen Road           |    70% | WARNING
🔴 [MKCE_LID_10] Back Gate Road         |   100% | CRITICAL

⏱ 10:37:53 ────────────────────────────────────────
🟢 [MKCE_LID_01] Main Gate Road         |     0% | NORMAL
🔴 [MKCE_LID_02] Academic Block Road    |   100% | CRITICAL
🔴 [MKCE_LID_03] Central Avenue         |   100% | CRITICAL
🟡 [MKCE_LID_04] Library Road           |  40.1% | WARNING
🟢 [MKCE_LID_05] Workshop Road          |     0% | NORMAL
🟢 [MKCE_LID_06] Hostel Block Road      |     0% | NORMAL
🔴 [MKCE_LID_07] Hostel Ring Road       |   100% | CRITICAL
🟢 [MKCE_LID_08] Playground Perimeter Rd |  26.5% | NORMAL
🔴 [MKCE_LID_09] Canteen Road           |  74.8% | CRITICAL
🔴 [MKCE_LID_10] Back Gate Road         |   100% | CRITICAL

⏱ 10:37:56 ────────────────────────────────────────
🟢 [MKCE_LID_01] Main Gate Road         |     0% | NORMAL
🔴 [MKCE_LID_02] Academic Block Road    |   100% | CRITICAL
🔴 [MKCE_LID_03] Central Avenue         |   100% | CRITICAL
🟢 [MKCE_LID_04] Library Road           |  39.4% | NORMAL
🟢 [MKCE_LID_05] Workshop Road          |     0% | NORMAL
🟢 [MKCE_LID_06] Hostel Block Road      |     0% | NORMAL
🔴 [MKCE_LID_07] Hostel Ring Road       |   100% | CRITICAL
🟢 [MKCE_LID_08] Playground Perimeter Rd |  25.9% | NORMAL
🟡 [MKCE_LID_09] Canteen Road           |  48.9% | WARNING
🔴 [MKCE_LID_10] Back Gate Road         |   100% | CRITICAL

⏱ 10:37:59 ────────────────────────────────────────
🟢 [MKCE_LID_01] Main Gate Road         |     0% | NORMAL
🔴 [MKCE_LID_02] Academic Block Road    |   100% | CRITICAL
🔴 [MKCE_LID_03] Central Avenue         |   100% | CRITICAL
🟢 [MKCE_LID_04] Library Road           |  38.1% | NORMAL
🟢 [MKCE_LID_05] Workshop Road          |     0% | NORMAL
🟢 [MKCE_LID_06] Hostel Block Road      |     0% | NORMAL
🔴 [MKCE_LID_07] Hostel Ring Road       |   100% | CRITICAL
🟢 [MKCE_LID_08] Playground Perimeter Rd |  25.4% | NORMAL
🟡 [MKCE_LID_09] Canteen Road           |  52.3% | WARNING
🔴 [MKCE_LID_10] Back Gate Road         |   100% | CRITICAL

⏱ 10:38:02 ────────────────────────────────────────
🟢 [MKCE_LID_01] Main Gate Road         |     0% | NORMAL
🔴 [MKCE_LID_02] Academic Block Road    |   100% | CRITICAL
🔴 [MKCE_LID_03] Central Avenue         |   100% | CRITICAL
🟢 [MKCE_LID_04] Library Road           |  36.4% | NORMAL
🟢 [MKCE_LID_05] Workshop Road          |     0% | NORMAL
🟢 [MKCE_LID_06] Hostel Block Road      |     0% | NORMAL
🔴 [MKCE_LID_07] Hostel Ring Road       |   100% | CRITICAL
🟢 [MKCE_LID_08] Playground Perimeter Rd |  25.7% | NORMAL
🟡 [MKCE_LID_09] Canteen Road           |  55.2% | WARNING
🔴 [MKCE_LID_10] Back Gate Road         |   100% | CRITICAL

⏱ 10:38:05 ────────────────────────────────────────
🟢 [MKCE_LID_01] Main Gate Road         |     0% | NORMAL
🔴 [MKCE_LID_02] Academic Block Road    |   100% | CRITICAL
🔴 [MKCE_LID_03] Central Avenue         |   100% | CRITICAL
🟢 [MKCE_LID_04] Library Road           |  34.1% | NORMAL
🟢 [MKCE_LID_05] Workshop Road          |     0% | NORMAL
🟢 [MKCE_LID_06] Hostel Block Road      |     0% | NORMAL
🔴 [MKCE_LID_07] Hostel Ring Road       |   100% | CRITICAL
🟢 [MKCE_LID_08] Playground Perimeter Rd |     0% | NORMAL
🟡 [MKCE_LID_09] Canteen Road           |  57.3% | WARNING
🔴 [MKCE_LID_10] Back Gate Road         |   100% | CRITICAL

⏱ 10:38:08 ────────────────────────────────────────
🟢 [MKCE_LID_01] Main Gate Road         |     0% | NORMAL
🔴 [MKCE_LID_02] Academic Block Road    |   100% | CRITICAL
🔴 [MKCE_LID_03] Central Avenue         |   100% | CRITICAL
🟡 [MKCE_LID_04] Library Road           |  62.2% | WARNING
🟢 [MKCE_LID_05] Workshop Road          |     0% | NORMAL
🟢 [MKCE_LID_06] Hostel Block Road      |   0.1% | NORMAL
🔴 [MKCE_LID_07] Hostel Ring Road       |   100% | CRITICAL
🟢 [MKCE_LID_08] Playground Perimeter Rd |   2.1% | NORMAL
🟡 [MKCE_LID_09] Canteen Road           |  60.4% | WARNING
🔴 [MKCE_LID_10] Back Gate Road         |   100% | CRITICAL

⏱ 10:38:11 ────────────────────────────────────────
🟢 [MKCE_LID_01] Main Gate Road         |     0% | NORMAL
🔴 [MKCE_LID_02] Academic Block Road    |   100% | CRITICAL
🔴 [MKCE_LID_03] Central Avenue         |   100% | CRITICAL
🟡 [MKCE_LID_04] Library Road           |  61.0% | WARNING
🟢 [MKCE_LID_05] Workshop Road          |     0% | NORMAL
🟢 [MKCE_LID_06] Hostel Block Road      |   0.1% | NORMAL
🔴 [MKCE_LID_07] Hostel Ring Road       |   100% | CRITICAL
🟢 [MKCE_LID_08] Playground Perimeter Rd |   4.4% | NORMAL
🟡 [MKCE_LID_09] Canteen Road           |  62.5% | WARNING
🔴 [MKCE_LID_10] Back Gate Road         |   100% | CRITICAL

⏱ 10:38:14 ────────────────────────────────────────
🟢 [MKCE_LID_01] Main Gate Road         |     0% | NORMAL
🔴 [MKCE_LID_02] Academic Block Road    |   100% | CRITICAL
🔴 [MKCE_LID_03] Central Avenue         |   100% | CRITICAL
🟡 [MKCE_LID_04] Library Road           |  58.9% | WARNING
🟢 [MKCE_LID_05] Workshop Road          |     0% | NORMAL
🟢 [MKCE_LID_06] Hostel Block Road      |   0.4% | NORMAL
🔴 [MKCE_LID_07] Hostel Ring Road       |   100% | CRITICAL
🟢 [MKCE_LID_08] Playground Perimeter Rd |   5.8% | NORMAL
🟡 [MKCE_LID_09] Canteen Road           |  64.0% | WARNING
🔴 [MKCE_LID_10] Back Gate Road         |   100% | CRITICAL

⏱ 10:38:17 ────────────────────────────────────────
🟢 [MKCE_LID_01] Main Gate Road         |     0% | NORMAL
🔴 [MKCE_LID_02] Academic Block Road    |   100% | CRITICAL
🔴 [MKCE_LID_03] Central Avenue         |   100% | CRITICAL
🔴 [MKCE_LID_04] Library Road           |  86.8% | CRITICAL
🟢 [MKCE_LID_05] Workshop Road          |     0% | NORMAL
🟢 [MKCE_LID_06] Hostel Block Road      |   0.7% | NORMAL
🔴 [MKCE_LID_07] Hostel Ring Road       |   100% | CRITICAL
🟢 [MKCE_LID_08] Playground Perimeter Rd |   7.7% | NORMAL
🟡 [MKCE_LID_09] Canteen Road           |  65.5% | WARNING
🔴 [MKCE_LID_10] Back Gate Road         |   100% | CRITICAL

⏱ 10:38:21 ────────────────────────────────────────
🟢 [MKCE_LID_01] Main Gate Road         |     0% | NORMAL
🔴 [MKCE_LID_02] Academic Block Road    |   100% | CRITICAL
🔴 [MKCE_LID_03] Central Avenue         |   100% | CRITICAL
🔴 [MKCE_LID_04] Library Road           |  85.0% | CRITICAL
🟢 [MKCE_LID_05] Workshop Road          |     0% | NORMAL
🟢 [MKCE_LID_06] Hostel Block Road      |   0.4% | NORMAL
🔴 [MKCE_LID_07] Hostel Ring Road       |   100% | CRITICAL
🟢 [MKCE_LID_08] Playground Perimeter Rd |   9.4% | NORMAL
🟡 [MKCE_LID_09] Canteen Road           |  66.7% | WARNING
🔴 [MKCE_LID_10] Back Gate Road         |   100% | CRITICAL

⏱ 10:38:24 ────────────────────────────────────────
🟢 [MKCE_LID_01] Main Gate Road         |     0% | NORMAL
🔴 [MKCE_LID_02] Academic Block Road    |   100% | CRITICAL
🔴 [MKCE_LID_03] Central Avenue         |   100% | CRITICAL
🔴 [MKCE_LID_04] Library Road           |  83.9% | CRITICAL
🟢 [MKCE_LID_05] Workshop Road          |     0% | NORMAL
🟢 [MKCE_LID_06] Hostel Block Road      |     0% | NORMAL
🔴 [MKCE_LID_07] Hostel Ring Road       |   100% | CRITICAL
🟢 [MKCE_LID_08] Playground Perimeter Rd |  11.7% | NORMAL
🟡 [MKCE_LID_09] Canteen Road           |  68.5% | WARNING
🔴 [MKCE_LID_10] Back Gate Road         |   100% | CRITICAL

⏱ 10:38:27 ────────────────────────────────────────
🟢 [MKCE_LID_01] Main Gate Road         |     0% | NORMAL
🔴 [MKCE_LID_02] Academic Block Road    |   100% | CRITICAL
🔴 [MKCE_LID_03] Central Avenue         |   100% | CRITICAL
🔴 [MKCE_LID_04] Library Road           |  82.7% | CRITICAL
🟢 [MKCE_LID_05] Workshop Road          |     0% | NORMAL
🟢 [MKCE_LID_06] Hostel Block Road      |     0% | NORMAL
🔴 [MKCE_LID_07] Hostel Ring Road       |   100% | CRITICAL
🟢 [MKCE_LID_08] Playground Perimeter Rd |  14.5% | NORMAL
🔴 [MKCE_LID_09] Canteen Road           |  71.1% | CRITICAL
🔴 [MKCE_LID_10] Back Gate Road         |   100% | CRITICAL

⏱ 10:38:30 ────────────────────────────────────────
🟢 [MKCE_LID_01] Main Gate Road         |     0% | NORMAL
🟡 [MKCE_LID_02] Academic Block Road    |    70% | WARNING
🔴 [MKCE_LID_03] Central Avenue         |   100% | CRITICAL
🔴 [MKCE_LID_04] Library Road           |  82.4% | CRITICAL
🟢 [MKCE_LID_05] Workshop Road          |     0% | NORMAL
🟢 [MKCE_LID_06] Hostel Block Road      |   0.3% | NORMAL
🔴 [MKCE_LID_07] Hostel Ring Road       |   100% | CRITICAL
🟢 [MKCE_LID_08] Playground Perimeter Rd |  16.5% | NORMAL
🔴 [MKCE_LID_09] Canteen Road           |  72.8% | CRITICAL
🔴 [MKCE_LID_10] Back Gate Road         |   100% | CRITICAL

⏱ 10:38:33 ────────────────────────────────────────
🟢 [MKCE_LID_01] Main Gate Road         |     0% | NORMAL
🔴 [MKCE_LID_02] Academic Block Road    |  70.8% | CRITICAL
🟡 [MKCE_LID_03] Central Avenue         |    70% | WARNING
🔴 [MKCE_LID_04] Library Road           |  81.2% | CRITICAL
🟢 [MKCE_LID_05] Workshop Road          |     0% | NORMAL
🟢 [MKCE_LID_06] Hostel Block Road      |     0% | NORMAL
🔴 [MKCE_LID_07] Hostel Ring Road       |   100% | CRITICAL
🟢 [MKCE_LID_08] Playground Perimeter Rd |  18.1% | NORMAL
🔴 [MKCE_LID_09] Canteen Road           |  73.7% | CRITICAL
🔴 [MKCE_LID_10] Back Gate Road         |   100% | CRITICAL

⏱ 10:38:36 ────────────────────────────────────────
🟢 [MKCE_LID_01] Main Gate Road         |    30% | NORMAL
🔴 [MKCE_LID_02] Academic Block Road    |  72.4% | CRITICAL
🔴 [MKCE_LID_03] Central Avenue         |  72.7% | CRITICAL
🔴 [MKCE_LID_04] Library Road           |  80.5% | CRITICAL
🟢 [MKCE_LID_05] Workshop Road          |     0% | NORMAL
🟢 [MKCE_LID_06] Hostel Block Road      |   0.4% | NORMAL
🟡 [MKCE_LID_07] Hostel Ring Road       |    70% | WARNING
🟢 [MKCE_LID_08] Playground Perimeter Rd |  19.2% | NORMAL
🔴 [MKCE_LID_09] Canteen Road           |  75.3% | CRITICAL
🔴 [MKCE_LID_10] Back Gate Road         |   100% | CRITICAL

⏱ 10:38:39 ────────────────────────────────────────
🟢 [MKCE_LID_01] Main Gate Road         |  29.9% | NORMAL
🔴 [MKCE_LID_02] Academic Block Road    |  74.5% | CRITICAL
🔴 [MKCE_LID_03] Central Avenue         |  75.4% | CRITICAL
🔴 [MKCE_LID_04] Library Road           |  79.8% | CRITICAL
🟢 [MKCE_LID_05] Workshop Road          |     0% | NORMAL
🟢 [MKCE_LID_06] Hostel Block Road      |   1.6% | NORMAL
🔴 [MKCE_LID_07] Hostel Ring Road       |    75% | CRITICAL
🟢 [MKCE_LID_08] Playground Perimeter Rd |  20.2% | NORMAL
🔴 [MKCE_LID_09] Canteen Road           |  77.9% | CRITICAL
🔴 [MKCE_LID_10] Back Gate Road         |   100% | CRITICAL

⏱ 10:38:42 ────────────────────────────────────────
🟢 [MKCE_LID_01] Main Gate Road         |  29.9% | NORMAL
🔴 [MKCE_LID_02] Academic Block Road    |  77.3% | CRITICAL
🔴 [MKCE_LID_03] Central Avenue         |  78.8% | CRITICAL
🔴 [MKCE_LID_04] Library Road           |  78.8% | CRITICAL
🟢 [MKCE_LID_05] Workshop Road          |     0% | NORMAL
🟢 [MKCE_LID_06] Hostel Block Road      |   3.6% | NORMAL
🔴 [MKCE_LID_07] Hostel Ring Road       |    80% | CRITICAL
🟢 [MKCE_LID_08] Playground Perimeter Rd |     0% | NORMAL
🔴 [MKCE_LID_09] Canteen Road           |  81.0% | CRITICAL
🔴 [MKCE_LID_10] Back Gate Road         |   100% | CRITICAL

⏱ 10:38:45 ────────────────────────────────────────
🟢 [MKCE_LID_01] Main Gate Road         |  29.6% | NORMAL
🔴 [MKCE_LID_02] Academic Block Road    |  79.9% | CRITICAL
🔴 [MKCE_LID_03] Central Avenue         |  81.6% | CRITICAL
🔴 [MKCE_LID_04] Library Road           |  78.0% | CRITICAL
🟢 [MKCE_LID_05] Workshop Road          |     0% | NORMAL
🟢 [MKCE_LID_06] Hostel Block Road      |   6.4% | NORMAL
🔴 [MKCE_LID_07] Hostel Ring Road       |  84.1% | CRITICAL
🟢 [MKCE_LID_08] Playground Perimeter Rd |   2.1% | NORMAL
🔴 [MKCE_LID_09] Canteen Road           |  84.8% | CRITICAL
🔴 [MKCE_LID_10] Back Gate Road         |   100% | CRITICAL

⏱ 10:38:48 ────────────────────────────────────────
🟢 [MKCE_LID_01] Main Gate Road         |  29.3% | NORMAL
🔴 [MKCE_LID_02] Academic Block Road    |  82.3% | CRITICAL
🔴 [MKCE_LID_03] Central Avenue         |  84.1% | CRITICAL
🔴 [MKCE_LID_04] Library Road           |   100% | CRITICAL
🟢 [MKCE_LID_05] Workshop Road          |     0% | NORMAL
🟢 [MKCE_LID_06] Hostel Block Road      |   8.3% | NORMAL
🔴 [MKCE_LID_07] Hostel Ring Road       |  88.4% | CRITICAL
🟢 [MKCE_LID_08] Playground Perimeter Rd |   3.6% | NORMAL
🔴 [MKCE_LID_09] Canteen Road           |  88.2% | CRITICAL
🔴 [MKCE_LID_10] Back Gate Road         |   100% | CRITICAL

⏱ 10:38:51 ────────────────────────────────────────
🟢 [MKCE_LID_01] Main Gate Road         |  28.4% | NORMAL
🔴 [MKCE_LID_02] Academic Block Road    |  85.5% | CRITICAL
🔴 [MKCE_LID_03] Central Avenue         |  87.4% | CRITICAL
🔴 [MKCE_LID_04] Library Road           |  99.5% | CRITICAL
🟢 [MKCE_LID_05] Workshop Road          |     0% | NORMAL
🟢 [MKCE_LID_06] Hostel Block Road      |  10.6% | NORMAL
🔴 [MKCE_LID_07] Hostel Ring Road       |  92.0% | CRITICAL
🟢 [MKCE_LID_08] Playground Perimeter Rd |   5.6% | NORMAL
🔴 [MKCE_LID_09] Canteen Road           |  91.0% | CRITICAL
🔴 [MKCE_LID_10] Back Gate Road         |   100% | CRITICAL

⏱ 10:38:54 ────────────────────────────────────────
🟢 [MKCE_LID_01] Main Gate Road         |  27.5% | NORMAL
🔴 [MKCE_LID_02] Academic Block Road    |   100% | CRITICAL
🔴 [MKCE_LID_03] Central Avenue         |  91.0% | CRITICAL
🔴 [MKCE_LID_04] Library Road           |  99.2% | CRITICAL
🟢 [MKCE_LID_05] Workshop Road          |   0.5% | NORMAL
🟢 [MKCE_LID_06] Hostel Block Road      |  12.1% | NORMAL
🔴 [MKCE_LID_07] Hostel Ring Road       |  95.0% | CRITICAL
🟢 [MKCE_LID_08] Playground Perimeter Rd |   7.7% | NORMAL
🔴 [MKCE_LID_09] Canteen Road           |  94.2% | CRITICAL
🔴 [MKCE_LID_10] Back Gate Road         |   100% | CRITICAL

⏱ 10:38:57 ────────────────────────────────────────
🟢 [MKCE_LID_01] Main Gate Road         |  26.9% | NORMAL
🔴 [MKCE_LID_02] Academic Block Road    |   100% | CRITICAL
🔴 [MKCE_LID_03] Central Avenue         |  95.2% | CRITICAL
🔴 [MKCE_LID_04] Library Road           |  99.6% | CRITICAL
🟢 [MKCE_LID_05] Workshop Road          |   1.4% | NORMAL
🟢 [MKCE_LID_06] Hostel Block Road      |  14.1% | NORMAL
🔴 [MKCE_LID_07] Hostel Ring Road       |  97.2% | CRITICAL
🟢 [MKCE_LID_08] Playground Perimeter Rd |   9.7% | NORMAL
🔴 [MKCE_LID_09] Canteen Road           |  96.8% | CRITICAL
🔴 [MKCE_LID_10] Back Gate Road         |   100% | CRITICAL

⏱ 10:39:00 ────────────────────────────────────────
🟢 [MKCE_LID_01] Main Gate Road         |  26.4% | NORMAL
🔴 [MKCE_LID_02] Academic Block Road    |   100% | CRITICAL
🔴 [MKCE_LID_03] Central Avenue         |   100% | CRITICAL
🔴 [MKCE_LID_04] Library Road           |  99.3% | CRITICAL
🟢 [MKCE_LID_05] Workshop Road          |     0% | NORMAL
🟢 [MKCE_LID_06] Hostel Block Road      |  16.7% | NORMAL
🔴 [MKCE_LID_07] Hostel Ring Road       |  98.9% | CRITICAL
🟢 [MKCE_LID_08] Playground Perimeter Rd |  11.1% | NORMAL
🔴 [MKCE_LID_09] Canteen Road           |  99.7% | CRITICAL
🔴 [MKCE_LID_10] Back Gate Road         |   100% | CRITICAL

⏱ 10:39:03 ────────────────────────────────────────
🟢 [MKCE_LID_01] Main Gate Road         |  25.5% | NORMAL
🔴 [MKCE_LID_02] Academic Block Road    |   100% | CRITICAL
🔴 [MKCE_LID_03] Central Avenue         |   100% | CRITICAL
🔴 [MKCE_LID_04] Library Road           |  99.5% | CRITICAL
🟢 [MKCE_LID_05] Workshop Road          |   1.2% | NORMAL
🟢 [MKCE_LID_06] Hostel Block Road      |  19.5% | NORMAL
🔴 [MKCE_LID_07] Hostel Ring Road       |   100% | CRITICAL
🟢 [MKCE_LID_08] Playground Perimeter Rd |  12.0% | NORMAL
🔴 [MKCE_LID_09] Canteen Road           |   100% | CRITICAL
🔴 [MKCE_LID_10] Back Gate Road         |   100% | CRITICAL

⏱ 10:39:06 ────────────────────────────────────────
🟢 [MKCE_LID_01] Main Gate Road         |  24.1% | NORMAL
🔴 [MKCE_LID_02] Academic Block Road    |   100% | CRITICAL
🔴 [MKCE_LID_03] Central Avenue         |   100% | CRITICAL
🔴 [MKCE_LID_04] Library Road           |  98.8% | CRITICAL
🟢 [MKCE_LID_05] Workshop Road          |   2.5% | NORMAL
🟢 [MKCE_LID_06] Hostel Block Road      |  22.5% | NORMAL
🔴 [MKCE_LID_07] Hostel Ring Road       |   100% | CRITICAL
🟢 [MKCE_LID_08] Playground Perimeter Rd |  12.6% | NORMAL
🔴 [MKCE_LID_09] Canteen Road           |   100% | CRITICAL
🔴 [MKCE_LID_10] Back Gate Road         |   100% | CRITICAL

⏱ 10:39:09 ────────────────────────────────────────
🟢 [MKCE_LID_01] Main Gate Road         |  22.8% | NORMAL
🔴 [MKCE_LID_02] Academic Block Road    |   100% | CRITICAL
🔴 [MKCE_LID_03] Central Avenue         |   100% | CRITICAL
🔴 [MKCE_LID_04] Library Road           |  97.7% | CRITICAL
🟢 [MKCE_LID_05] Workshop Road          |   4.8% | NORMAL
🟢 [MKCE_LID_06] Hostel Block Road      |  26.4% | NORMAL
🔴 [MKCE_LID_07] Hostel Ring Road       |   100% | CRITICAL
🟢 [MKCE_LID_08] Playground Perimeter Rd |  12.3% | NORMAL
🔴 [MKCE_LID_09] Canteen Road           |   100% | CRITICAL
🔴 [MKCE_LID_10] Back Gate Road         |   100% | CRITICAL

⏱ 10:39:12 ────────────────────────────────────────
🟢 [MKCE_LID_01] Main Gate Road         |  21.7% | NORMAL
🔴 [MKCE_LID_02] Academic Block Road    |   100% | CRITICAL
🔴 [MKCE_LID_03] Central Avenue         |   100% | CRITICAL
🔴 [MKCE_LID_04] Library Road           |  96.6% | CRITICAL
🟢 [MKCE_LID_05] Workshop Road          |   7.6% | NORMAL
🟢 [MKCE_LID_06] Hostel Block Road      |  30.4% | NORMAL
🔴 [MKCE_LID_07] Hostel Ring Road       |   100% | CRITICAL
🟢 [MKCE_LID_08] Playground Perimeter Rd |  12.8% | NORMAL
🔴 [MKCE_LID_09] Canteen Road           |   100% | CRITICAL
🔴 [MKCE_LID_10] Back Gate Road         |   100% | CRITICAL

⏱ 10:39:16 ────────────────────────────────────────
🟢 [MKCE_LID_01] Main Gate Road         |  20.6% | NORMAL
🔴 [MKCE_LID_02] Academic Block Road    |   100% | CRITICAL
🔴 [MKCE_LID_03] Central Avenue         |   100% | CRITICAL
🔴 [MKCE_LID_04] Library Road           |  96.3% | CRITICAL
🟢 [MKCE_LID_05] Workshop Road          |  10.0% | NORMAL
🟢 [MKCE_LID_06] Hostel Block Road      |  33.5% | NORMAL
🔴 [MKCE_LID_07] Hostel Ring Road       |   100% | CRITICAL
🟢 [MKCE_LID_08] Playground Perimeter Rd |  12.8% | NORMAL
🔴 [MKCE_LID_09] Canteen Road           |   100% | CRITICAL
🔴 [MKCE_LID_10] Back Gate Road         |   100% | CRITICAL

⏱ 10:39:19 ────────────────────────────────────────
🟢 [MKCE_LID_01] Main Gate Road         |  19.8% | NORMAL
🔴 [MKCE_LID_02] Academic Block Road    |   100% | CRITICAL
🔴 [MKCE_LID_03] Central Avenue         |   100% | CRITICAL
🔴 [MKCE_LID_04] Library Road           |  96.4% | CRITICAL
🟢 [MKCE_LID_05] Workshop Road          |  12.2% | NORMAL
🟢 [MKCE_LID_06] Hostel Block Road      |  35.8% | NORMAL
🔴 [MKCE_LID_07] Hostel Ring Road       |   100% | CRITICAL
🟢 [MKCE_LID_08] Playground Perimeter Rd |  13.2% | NORMAL
🔴 [MKCE_LID_09] Canteen Road           |   100% | CRITICAL
🔴 [MKCE_LID_10] Back Gate Road         |   100% | CRITICAL

⏱ 10:39:22 ────────────────────────────────────────
🟢 [MKCE_LID_01] Main Gate Road         |  18.2% | NORMAL
🔴 [MKCE_LID_02] Academic Block Road    |   100% | CRITICAL
🔴 [MKCE_LID_03] Central Avenue         |   100% | CRITICAL
🔴 [MKCE_LID_04] Library Road           |   100% | CRITICAL
🟢 [MKCE_LID_05] Workshop Road          |  15.0% | NORMAL
🟢 [MKCE_LID_06] Hostel Block Road      |  37.7% | NORMAL
🔴 [MKCE_LID_07] Hostel Ring Road       |   100% | CRITICAL
🟢 [MKCE_LID_08] Playground Perimeter Rd |  13.6% | NORMAL
🔴 [MKCE_LID_09] Canteen Road           |   100% | CRITICAL
🔴 [MKCE_LID_10] Back Gate Road         |   100% | CRITICAL

⏱ 10:39:25 ────────────────────────────────────────
🟢 [MKCE_LID_01] Main Gate Road         |  15.7% | NORMAL
🔴 [MKCE_LID_02] Academic Block Road    |   100% | CRITICAL
🟡 [MKCE_LID_03] Central Avenue         |    70% | WARNING
🔴 [MKCE_LID_04] Library Road           |   100% | CRITICAL
🟢 [MKCE_LID_05] Workshop Road          |  17.0% | NORMAL
🟡 [MKCE_LID_06] Hostel Block Road      |  40.1% | WARNING
🔴 [MKCE_LID_07] Hostel Ring Road       |   100% | CRITICAL
🟢 [MKCE_LID_08] Playground Perimeter Rd |  13.3% | NORMAL
🔴 [MKCE_LID_09] Canteen Road           |   100% | CRITICAL
🔴 [MKCE_LID_10] Back Gate Road         |   100% | CRITICAL

⏱ 10:39:28 ────────────────────────────────────────
🟢 [MKCE_LID_01] Main Gate Road         |  14.1% | NORMAL
🔴 [MKCE_LID_02] Academic Block Road    |   100% | CRITICAL
🔴 [MKCE_LID_03] Central Avenue         |  74.1% | CRITICAL
🔴 [MKCE_LID_04] Library Road           |   100% | CRITICAL
🟢 [MKCE_LID_05] Workshop Road          |  18.9% | NORMAL
🟡 [MKCE_LID_06] Hostel Block Road      |  43.2% | WARNING
🔴 [MKCE_LID_07] Hostel Ring Road       |  99.6% | CRITICAL
🟢 [MKCE_LID_08] Playground Perimeter Rd |  13.2% | NORMAL
🔴 [MKCE_LID_09] Canteen Road           |   100% | CRITICAL
🔴 [MKCE_LID_10] Back Gate Road         |   100% | CRITICAL

⏱ 10:39:31 ────────────────────────────────────────
🟢 [MKCE_LID_01] Main Gate Road         |  12.0% | NORMAL
🔴 [MKCE_LID_02] Academic Block Road    |   100% | CRITICAL
🔴 [MKCE_LID_03] Central Avenue         |  78.6% | CRITICAL
🔴 [MKCE_LID_04] Library Road           |   100% | CRITICAL
🟢 [MKCE_LID_05] Workshop Road          |  20.2% | NORMAL
🟡 [MKCE_LID_06] Hostel Block Road      |  45.9% | WARNING
🔴 [MKCE_LID_07] Hostel Ring Road       |  98.3% | CRITICAL
🟢 [MKCE_LID_08] Playground Perimeter Rd |  12.3% | NORMAL
🔴 [MKCE_LID_09] Canteen Road           |   100% | CRITICAL
🔴 [MKCE_LID_10] Back Gate Road         |   100% | CRITICAL

⏱ 10:39:34 ────────────────────────────────────────
🟢 [MKCE_LID_01] Main Gate Road         |  10.6% | NORMAL
🔴 [MKCE_LID_02] Academic Block Road    |   100% | CRITICAL
🔴 [MKCE_LID_03] Central Avenue         |  83.2% | CRITICAL
🔴 [MKCE_LID_04] Library Road           |   100% | CRITICAL
🟢 [MKCE_LID_05] Workshop Road          |  21.4% | NORMAL
🟡 [MKCE_LID_06] Hostel Block Road      |  48.6% | WARNING
🔴 [MKCE_LID_07] Hostel Ring Road       |  97.5% | CRITICAL
🟢 [MKCE_LID_08] Playground Perimeter Rd |  10.4% | NORMAL
🔴 [MKCE_LID_09] Canteen Road           |   100% | CRITICAL
🔴 [MKCE_LID_10] Back Gate Road         |   100% | CRITICAL

⏱ 10:39:37 ────────────────────────────────────────
🟢 [MKCE_LID_01] Main Gate Road         |   9.8% | NORMAL
🔴 [MKCE_LID_02] Academic Block Road    |   100% | CRITICAL
🔴 [MKCE_LID_03] Central Avenue         |  87.7% | CRITICAL
🔴 [MKCE_LID_04] Library Road           |   100% | CRITICAL
🟢 [MKCE_LID_05] Workshop Road          |  22.5% | NORMAL
🟡 [MKCE_LID_06] Hostel Block Road      |  51.6% | WARNING
🔴 [MKCE_LID_07] Hostel Ring Road       |  97.3% | CRITICAL
🟢 [MKCE_LID_08] Playground Perimeter Rd |   8.3% | NORMAL
🔴 [MKCE_LID_09] Canteen Road           |   100% | CRITICAL
🔴 [MKCE_LID_10] Back Gate Road         |   100% | CRITICAL

⏱ 10:39:40 ────────────────────────────────────────
🟢 [MKCE_LID_01] Main Gate Road         |   8.1% | NORMAL
🔴 [MKCE_LID_02] Academic Block Road    |   100% | CRITICAL
🔴 [MKCE_LID_03] Central Avenue         |  92.7% | CRITICAL
🔴 [MKCE_LID_04] Library Road           |   100% | CRITICAL
🟢 [MKCE_LID_05] Workshop Road          |  23.4% | NORMAL
🟡 [MKCE_LID_06] Hostel Block Road      |  54.5% | WARNING
🔴 [MKCE_LID_07] Hostel Ring Road       |  97.9% | CRITICAL
🟢 [MKCE_LID_08] Playground Perimeter Rd |   5.5% | NORMAL
🟡 [MKCE_LID_09] Canteen Road           |    70% | WARNING
🔴 [MKCE_LID_10] Back Gate Road         |   100% | CRITICAL

⏱ 10:39:43 ────────────────────────────────────────
🟢 [MKCE_LID_01] Main Gate Road         |   5.5% | NORMAL
🔴 [MKCE_LID_02] Academic Block Road    |   100% | CRITICAL
🔴 [MKCE_LID_03] Central Avenue         |  96.8% | CRITICAL
🔴 [MKCE_LID_04] Library Road           |   100% | CRITICAL
🟢 [MKCE_LID_05] Workshop Road          |  23.6% | NORMAL
🟡 [MKCE_LID_06] Hostel Block Road      |  56.5% | WARNING
🔴 [MKCE_LID_07] Hostel Ring Road       |  97.5% | CRITICAL
🟢 [MKCE_LID_08] Playground Perimeter Rd |     0% | NORMAL
🔴 [MKCE_LID_09] Canteen Road           |  72.5% | CRITICAL
🔴 [MKCE_LID_10] Back Gate Road         |   100% | CRITICAL

⏱ 10:39:46 ────────────────────────────────────────
🟢 [MKCE_LID_01] Main Gate Road         |   2.1% | NORMAL
🔴 [MKCE_LID_02] Academic Block Road    |   100% | CRITICAL
🔴 [MKCE_LID_03] Central Avenue         |   100% | CRITICAL
🔴 [MKCE_LID_04] Library Road           |   100% | CRITICAL
🟢 [MKCE_LID_05] Workshop Road          |  22.9% | NORMAL
🟡 [MKCE_LID_06] Hostel Block Road      |  59.3% | WARNING
🔴 [MKCE_LID_07] Hostel Ring Road       |  98.1% | CRITICAL
🟢 [MKCE_LID_08] Playground Perimeter Rd |     0% | NORMAL
🔴 [MKCE_LID_09] Canteen Road           |  75.2% | CRITICAL
🔴 [MKCE_LID_10] Back Gate Road         |   100% | CRITICAL

⏱ 10:39:49 ────────────────────────────────────────
🟢 [MKCE_LID_01] Main Gate Road         |     0% | NORMAL
🔴 [MKCE_LID_02] Academic Block Road    |   100% | CRITICAL
🔴 [MKCE_LID_03] Central Avenue         |   100% | CRITICAL
🔴 [MKCE_LID_04] Library Road           |   100% | CRITICAL
🟢 [MKCE_LID_05] Workshop Road          |  22.2% | NORMAL
🟡 [MKCE_LID_06] Hostel Block Road      |  61.7% | WARNING
🔴 [MKCE_LID_07] Hostel Ring Road       |  99.1% | CRITICAL
🟢 [MKCE_LID_08] Playground Perimeter Rd |     0% | NORMAL
🔴 [MKCE_LID_09] Canteen Road           |  77.7% | CRITICAL
🔴 [MKCE_LID_10] Back Gate Road         |   100% | CRITICAL

⏱ 10:39:52 ────────────────────────────────────────
🟢 [MKCE_LID_01] Main Gate Road         |     0% | NORMAL
🔴 [MKCE_LID_02] Academic Block Road    |   100% | CRITICAL
🔴 [MKCE_LID_03] Central Avenue         |   100% | CRITICAL
🔴 [MKCE_LID_04] Library Road           |   100% | CRITICAL
🟢 [MKCE_LID_05] Workshop Road          |  20.8% | NORMAL
🟡 [MKCE_LID_06] Hostel Block Road      |  64.2% | WARNING
🔴 [MKCE_LID_07] Hostel Ring Road       |  99.2% | CRITICAL
🟢 [MKCE_LID_08] Playground Perimeter Rd |     0% | NORMAL
🔴 [MKCE_LID_09] Canteen Road           |   100% | CRITICAL
🔴 [MKCE_LID_10] Back Gate Road         |   100% | CRITICAL

⏱ 10:39:55 ────────────────────────────────────────
🟢 [MKCE_LID_01] Main Gate Road         |     0% | NORMAL
🔴 [MKCE_LID_02] Academic Block Road    |   100% | CRITICAL
🔴 [MKCE_LID_03] Central Avenue         |   100% | CRITICAL
🔴 [MKCE_LID_04] Library Road           |  99.7% | CRITICAL
🟢 [MKCE_LID_05] Workshop Road          |  18.5% | NORMAL
🟡 [MKCE_LID_06] Hostel Block Road      |  66.4% | WARNING
🔴 [MKCE_LID_07] Hostel Ring Road       |   100% | CRITICAL
🟢 [MKCE_LID_08] Playground Perimeter Rd |     0% | NORMAL
🔴 [MKCE_LID_09] Canteen Road           |   100% | CRITICAL
🔴 [MKCE_LID_10] Back Gate Road         |   100% | CRITICAL

⏱ 10:39:58 ────────────────────────────────────────
🟢 [MKCE_LID_01] Main Gate Road         |     0% | NORMAL
🔴 [MKCE_LID_02] Academic Block Road    |   100% | CRITICAL
🔴 [MKCE_LID_03] Central Avenue         |   100% | CRITICAL
🔴 [MKCE_LID_04] Library Road           |   100% | CRITICAL
🟢 [MKCE_LID_05] Workshop Road          |  16.0% | NORMAL
🟡 [MKCE_LID_06] Hostel Block Road      |  67.7% | WARNING
🔴 [MKCE_LID_07] Hostel Ring Road       |  99.9% | CRITICAL
🟢 [MKCE_LID_08] Playground Perimeter Rd |     0% | NORMAL
🔴 [MKCE_LID_09] Canteen Road           |   100% | CRITICAL
🔴 [MKCE_LID_10] Back Gate Road         |   100% | CRITICAL

⏱ 10:40:01 ────────────────────────────────────────
🟢 [MKCE_LID_01] Main Gate Road         |     0% | NORMAL
🔴 [MKCE_LID_02] Academic Block Road    |   100% | CRITICAL
🔴 [MKCE_LID_03] Central Avenue         |   100% | CRITICAL
🔴 [MKCE_LID_04] Library Road           |   100% | CRITICAL
🟢 [MKCE_LID_05] Workshop Road          |  12.7% | NORMAL
🟡 [MKCE_LID_06] Hostel Block Road      |  69.5% | WARNING
🔴 [MKCE_LID_07] Hostel Ring Road       | 100.0% | CRITICAL
🟢 [MKCE_LID_08] Playground Perimeter Rd |     0% | NORMAL
🔴 [MKCE_LID_09] Canteen Road           |   100% | CRITICAL
🔴 [MKCE_LID_10] Back Gate Road         |   100% | CRITICAL

⏱ 10:40:04 ────────────────────────────────────────
🟢 [MKCE_LID_01] Main Gate Road         |     0% | NORMAL
🔴 [MKCE_LID_02] Academic Block Road    |   100% | CRITICAL
🔴 [MKCE_LID_03] Central Avenue         |   100% | CRITICAL
🔴 [MKCE_LID_04] Library Road           |   100% | CRITICAL
🟢 [MKCE_LID_05] Workshop Road          |   9.6% | NORMAL
🔴 [MKCE_LID_06] Hostel Block Road      |  71.0% | CRITICAL
🔴 [MKCE_LID_07] Hostel Ring Road       | 100.0% | CRITICAL
🟢 [MKCE_LID_08] Playground Perimeter Rd |     0% | NORMAL
🔴 [MKCE_LID_09] Canteen Road           |   100% | CRITICAL
🔴 [MKCE_LID_10] Back Gate Road         |   100% | CRITICAL

⏱ 10:40:07 ────────────────────────────────────────
🟢 [MKCE_LID_01] Main Gate Road         |     0% | NORMAL
🔴 [MKCE_LID_02] Academic Block Road    |   100% | CRITICAL
🔴 [MKCE_LID_03] Central Avenue         |   100% | CRITICAL
🔴 [MKCE_LID_04] Library Road           |  99.8% | CRITICAL
🟢 [MKCE_LID_05] Workshop Road          |  35.8% | NORMAL
🔴 [MKCE_LID_06] Hostel Block Road      |  72.1% | CRITICAL
🔴 [MKCE_LID_07] Hostel Ring Road       | 100.0% | CRITICAL
🟢 [MKCE_LID_08] Playground Perimeter Rd |     0% | NORMAL
🔴 [MKCE_LID_09] Canteen Road           |   100% | CRITICAL
🔴 [MKCE_LID_10] Back Gate Road         |   100% | CRITICAL

⏱ 10:40:10 ────────────────────────────────────────
🟢 [MKCE_LID_01] Main Gate Road         |     0% | NORMAL
🔴 [MKCE_LID_02] Academic Block Road    |   100% | CRITICAL
🔴 [MKCE_LID_03] Central Avenue         |   100% | CRITICAL
🔴 [MKCE_LID_04] Library Road           |   100% | CRITICAL
🟢 [MKCE_LID_05] Workshop Road          |  32.6% | NORMAL
🔴 [MKCE_LID_06] Hostel Block Road      |  73.9% | CRITICAL
🔴 [MKCE_LID_07] Hostel Ring Road       |  99.9% | CRITICAL
🟢 [MKCE_LID_08] Playground Perimeter Rd |     0% | NORMAL
🔴 [MKCE_LID_09] Canteen Road           |   100% | CRITICAL
🔴 [MKCE_LID_10] Back Gate Road         |   100% | CRITICAL

⏱ 10:40:14 ────────────────────────────────────────
🟢 [MKCE_LID_01] Main Gate Road         |     0% | NORMAL
🔴 [MKCE_LID_02] Academic Block Road    |   100% | CRITICAL
🔴 [MKCE_LID_03] Central Avenue         |   100% | CRITICAL
🔴 [MKCE_LID_04] Library Road           |  99.6% | CRITICAL
🟢 [MKCE_LID_05] Workshop Road          |  29.5% | NORMAL
🔴 [MKCE_LID_06] Hostel Block Road      |  74.9% | CRITICAL
🔴 [MKCE_LID_07] Hostel Ring Road       |  99.2% | CRITICAL
🟢 [MKCE_LID_08] Playground Perimeter Rd |     0% | NORMAL
🔴 [MKCE_LID_09] Canteen Road           |   100% | CRITICAL
🔴 [MKCE_LID_10] Back Gate Road         |   100% | CRITICAL

⏱ 10:40:17 ────────────────────────────────────────
🟢 [MKCE_LID_01] Main Gate Road         |     0% | NORMAL
🔴 [MKCE_LID_02] Academic Block Road    |   100% | CRITICAL
🔴 [MKCE_LID_03] Central Avenue         |   100% | CRITICAL
🔴 [MKCE_LID_04] Library Road           |  98.9% | CRITICAL
🟢 [MKCE_LID_05] Workshop Road          |  26.2% | NORMAL
🟡 [MKCE_LID_06] Hostel Block Road      |  46.7% | WARNING
🔴 [MKCE_LID_07] Hostel Ring Road       |  98.4% | CRITICAL
🟢 [MKCE_LID_08] Playground Perimeter Rd |     0% | NORMAL
🔴 [MKCE_LID_09] Canteen Road           |   100% | CRITICAL
🔴 [MKCE_LID_10] Back Gate Road         |   100% | CRITICAL

⏱ 10:40:20 ────────────────────────────────────────
🟢 [MKCE_LID_01] Main Gate Road         |     0% | NORMAL
🔴 [MKCE_LID_02] Academic Block Road    |   100% | CRITICAL
🔴 [MKCE_LID_03] Central Avenue         |   100% | CRITICAL
🔴 [MKCE_LID_04] Library Road           |  98.7% | CRITICAL
🟢 [MKCE_LID_05] Workshop Road          |  23.4% | NORMAL
🟡 [MKCE_LID_06] Hostel Block Road      |  47.7% | WARNING
🔴 [MKCE_LID_07] Hostel Ring Road       |  97.0% | CRITICAL
🟢 [MKCE_LID_08] Playground Perimeter Rd |     0% | NORMAL
🔴 [MKCE_LID_09] Canteen Road           |   100% | CRITICAL
🔴 [MKCE_LID_10] Back Gate Road         |   100% | CRITICAL

⏱ 10:40:23 ────────────────────────────────────────
🟢 [MKCE_LID_01] Main Gate Road         |     0% | NORMAL
🔴 [MKCE_LID_02] Academic Block Road    |   100% | CRITICAL
🔴 [MKCE_LID_03] Central Avenue         |   100% | CRITICAL
🔴 [MKCE_LID_04] Library Road           |  99.3% | CRITICAL
🟢 [MKCE_LID_05] Workshop Road          |  21.3% | NORMAL
🟡 [MKCE_LID_06] Hostel Block Road      |  48.4% | WARNING
🔴 [MKCE_LID_07] Hostel Ring Road       |  96.4% | CRITICAL
🟢 [MKCE_LID_08] Playground Perimeter Rd |     0% | NORMAL
🔴 [MKCE_LID_09] Canteen Road           |   100% | CRITICAL
🔴 [MKCE_LID_10] Back Gate Road         |   100% | CRITICAL

⏱ 10:40:26 ────────────────────────────────────────
🟢 [MKCE_LID_01] Main Gate Road         |     0% | NORMAL
🔴 [MKCE_LID_02] Academic Block Road    |   100% | CRITICAL
🔴 [MKCE_LID_03] Central Avenue         |   100% | CRITICAL
🔴 [MKCE_LID_04] Library Road           |  99.6% | CRITICAL
🟡 [MKCE_LID_05] Workshop Road          |  48.8% | WARNING
🟡 [MKCE_LID_06] Hostel Block Road      |  48.9% | WARNING
🔴 [MKCE_LID_07] Hostel Ring Road       |  96.3% | CRITICAL
🟢 [MKCE_LID_08] Playground Perimeter Rd |     0% | NORMAL
🔴 [MKCE_LID_09] Canteen Road           |   100% | CRITICAL
🔴 [MKCE_LID_10] Back Gate Road         |   100% | CRITICAL

⏱ 10:40:29 ────────────────────────────────────────
🟢 [MKCE_LID_01] Main Gate Road         |     0% | NORMAL
🔴 [MKCE_LID_02] Academic Block Road    |   100% | CRITICAL
🔴 [MKCE_LID_03] Central Avenue         | 100.0% | CRITICAL
🔴 [MKCE_LID_04] Library Road           |  99.0% | CRITICAL
🟡 [MKCE_LID_05] Workshop Road          |  47.2% | WARNING
🟡 [MKCE_LID_06] Hostel Block Road      |  50.3% | WARNING
🔴 [MKCE_LID_07] Hostel Ring Road       |  95.2% | CRITICAL
🟢 [MKCE_LID_08] Playground Perimeter Rd |     0% | NORMAL
🔴 [MKCE_LID_09] Canteen Road           |   100% | CRITICAL
🔴 [MKCE_LID_10] Back Gate Road         |   100% | CRITICAL

⏱ 10:40:32 ────────────────────────────────────────
🟢 [MKCE_LID_01] Main Gate Road         |     0% | NORMAL
🔴 [MKCE_LID_02] Academic Block Road    |   100% | CRITICAL
🔴 [MKCE_LID_03] Central Avenue         |   100% | CRITICAL
🔴 [MKCE_LID_04] Library Road           |  99.4% | CRITICAL
🟡 [MKCE_LID_05] Workshop Road          |  44.8% | WARNING
🟡 [MKCE_LID_06] Hostel Block Road      |  52.1% | WARNING
🔴 [MKCE_LID_07] Hostel Ring Road       |   100% | CRITICAL
🟢 [MKCE_LID_08] Playground Perimeter Rd |     0% | NORMAL
🔴 [MKCE_LID_09] Canteen Road           |   100% | CRITICAL
🔴 [MKCE_LID_10] Back Gate Road         |   100% | CRITICAL

⏱ 10:40:35 ────────────────────────────────────────
🟢 [MKCE_LID_01] Main Gate Road         |     0% | NORMAL
🟡 [MKCE_LID_02] Academic Block Road    |    70% | WARNING
🔴 [MKCE_LID_03] Central Avenue         |   100% | CRITICAL
🔴 [MKCE_LID_04] Library Road           |   100% | CRITICAL
🟡 [MKCE_LID_05] Workshop Road          |  42.0% | WARNING
🟡 [MKCE_LID_06] Hostel Block Road      |  53.6% | WARNING
🔴 [MKCE_LID_07] Hostel Ring Road       |  98.1% | CRITICAL
🟢 [MKCE_LID_08] Playground Perimeter Rd |     0% | NORMAL
🟡 [MKCE_LID_09] Canteen Road           |    70% | WARNING
🔴 [MKCE_LID_10] Back Gate Road         |   100% | CRITICAL

⏱ 10:40:38 ────────────────────────────────────────
🟢 [MKCE_LID_01] Main Gate Road         |     0% | NORMAL
🔴 [MKCE_LID_02] Academic Block Road    |    75% | CRITICAL
🔴 [MKCE_LID_03] Central Avenue         |   100% | CRITICAL
🔴 [MKCE_LID_04] Library Road           |   100% | CRITICAL
🟢 [MKCE_LID_05] Workshop Road          |  39.8% | NORMAL
🟡 [MKCE_LID_06] Hostel Block Road      |  55.0% | WARNING
🔴 [MKCE_LID_07] Hostel Ring Road       |   100% | CRITICAL
🟢 [MKCE_LID_08] Playground Perimeter Rd |     0% | NORMAL
🔴 [MKCE_LID_09] Canteen Road           |  70.3% | CRITICAL
🔴 [MKCE_LID_10] Back Gate Road         |   100% | CRITICAL

⏱ 10:40:41 ────────────────────────────────────────
🟢 [MKCE_LID_01] Main Gate Road         |     0% | NORMAL
🔴 [MKCE_LID_02] Academic Block Road    |  79.2% | CRITICAL
🔴 [MKCE_LID_03] Central Avenue         |   100% | CRITICAL
🔴 [MKCE_LID_04] Library Road           |   100% | CRITICAL
🟢 [MKCE_LID_05] Workshop Road          |  37.8% | NORMAL
🟡 [MKCE_LID_06] Hostel Block Road      |  56.5% | WARNING
🔴 [MKCE_LID_07] Hostel Ring Road       |  98.4% | CRITICAL
🟢 [MKCE_LID_08] Playground Perimeter Rd |     0% | NORMAL
🔴 [MKCE_LID_09] Canteen Road           |  71.3% | CRITICAL
🔴 [MKCE_LID_10] Back Gate Road         |   100% | CRITICAL

⏱ 10:40:44 ────────────────────────────────────────
🟢 [MKCE_LID_01] Main Gate Road         |     0% | NORMAL
🔴 [MKCE_LID_02] Academic Block Road    |  84.0% | CRITICAL
🔴 [MKCE_LID_03] Central Avenue         |   100% | CRITICAL
🔴 [MKCE_LID_04] Library Road           |   100% | CRITICAL
🟢 [MKCE_LID_05] Workshop Road          |  35.0% | NORMAL
🟡 [MKCE_LID_06] Hostel Block Road      |  58.6% | WARNING
🔴 [MKCE_LID_07] Hostel Ring Road       |  96.8% | CRITICAL
🟢 [MKCE_LID_08] Playground Perimeter Rd |     0% | NORMAL
🔴 [MKCE_LID_09] Canteen Road           |  72.1% | CRITICAL
🔴 [MKCE_LID_10] Back Gate Road         |   100% | CRITICAL

⏱ 10:40:47 ────────────────────────────────────────
🟢 [MKCE_LID_01] Main Gate Road         |     0% | NORMAL
🔴 [MKCE_LID_02] Academic Block Road    |  88.1% | CRITICAL
🔴 [MKCE_LID_03] Central Avenue         |   100% | CRITICAL
🔴 [MKCE_LID_04] Library Road           |   100% | CRITICAL
🟢 [MKCE_LID_05] Workshop Road          |  32.6% | NORMAL
🟡 [MKCE_LID_06] Hostel Block Road      |  60.2% | WARNING
🔴 [MKCE_LID_07] Hostel Ring Road       |  94.6% | CRITICAL
🟢 [MKCE_LID_08] Playground Perimeter Rd |     0% | NORMAL
🔴 [MKCE_LID_09] Canteen Road           |  71.9% | CRITICAL
🔴 [MKCE_LID_10] Back Gate Road         |   100% | CRITICAL

⏱ 10:40:50 ────────────────────────────────────────
🟢 [MKCE_LID_01] Main Gate Road         |     0% | NORMAL
🔴 [MKCE_LID_02] Academic Block Road    |  91.8% | CRITICAL
🔴 [MKCE_LID_03] Central Avenue         |   100% | CRITICAL
🔴 [MKCE_LID_04] Library Road           |   100% | CRITICAL
🟢 [MKCE_LID_05] Workshop Road          |  30.6% | NORMAL
🟡 [MKCE_LID_06] Hostel Block Road      |  61.4% | WARNING
🔴 [MKCE_LID_07] Hostel Ring Road       |  92.0% | CRITICAL
🟢 [MKCE_LID_08] Playground Perimeter Rd |     0% | NORMAL
🔴 [MKCE_LID_09] Canteen Road           |  71.1% | CRITICAL
🔴 [MKCE_LID_10] Back Gate Road         |   100% | CRITICAL

⏱ 10:40:53 ────────────────────────────────────────
🟢 [MKCE_LID_01] Main Gate Road         |     0% | NORMAL
🔴 [MKCE_LID_02] Academic Block Road    |  95.9% | CRITICAL
🔴 [MKCE_LID_03] Central Avenue         |   100% | CRITICAL
🔴 [MKCE_LID_04] Library Road           |   100% | CRITICAL
🟢 [MKCE_LID_05] Workshop Road          |  29.0% | NORMAL
🟡 [MKCE_LID_06] Hostel Block Road      |  62.8% | WARNING
🔴 [MKCE_LID_07] Hostel Ring Road       |  89.1% | CRITICAL
🟢 [MKCE_LID_08] Playground Perimeter Rd |     0% | NORMAL
🟡 [MKCE_LID_09] Canteen Road           |  69.7% | WARNING
🔴 [MKCE_LID_10] Back Gate Road         |   100% | CRITICAL

⏱ 10:40:56 ────────────────────────────────────────
🟢 [MKCE_LID_01] Main Gate Road         |     0% | NORMAL
🔴 [MKCE_LID_02] Academic Block Road    |  99.3% | CRITICAL
🔴 [MKCE_LID_03] Central Avenue         |   100% | CRITICAL
🔴 [MKCE_LID_04] Library Road           |   100% | CRITICAL
🟢 [MKCE_LID_05] Workshop Road          |  28.2% | NORMAL
🟡 [MKCE_LID_06] Hostel Block Road      |  64.8% | WARNING
🔴 [MKCE_LID_07] Hostel Ring Road       |  86.6% | CRITICAL
🟢 [MKCE_LID_08] Playground Perimeter Rd |     0% | NORMAL
🟡 [MKCE_LID_09] Canteen Road           |  68.3% | WARNING
🔴 [MKCE_LID_10] Back Gate Road         |   100% | CRITICAL

⏱ 10:40:59 ────────────────────────────────────────
🟢 [MKCE_LID_01] Main Gate Road         |     0% | NORMAL
🔴 [MKCE_LID_02] Academic Block Road    |   100% | CRITICAL
🔴 [MKCE_LID_03] Central Avenue         |   100% | CRITICAL
🔴 [MKCE_LID_04] Library Road           |   100% | CRITICAL
🟢 [MKCE_LID_05] Workshop Road          |  28.2% | NORMAL
🟡 [MKCE_LID_06] Hostel Block Road      |  66.0% | WARNING
🔴 [MKCE_LID_07] Hostel Ring Road       |  84.0% | CRITICAL
🟢 [MKCE_LID_08] Playground Perimeter Rd |     0% | NORMAL
🟡 [MKCE_LID_09] Canteen Road           |  66.1% | WARNING
🔴 [MKCE_LID_10] Back Gate Road         |   100% | CRITICAL

⏱ 10:41:02 ────────────────────────────────────────
🟢 [MKCE_LID_01] Main Gate Road         |     0% | NORMAL
🔴 [MKCE_LID_02] Academic Block Road    |   100% | CRITICAL
🔴 [MKCE_LID_03] Central Avenue         |   100% | CRITICAL
🔴 [MKCE_LID_04] Library Road           |   100% | CRITICAL
🟢 [MKCE_LID_05] Workshop Road          |  27.9% | NORMAL
🟡 [MKCE_LID_06] Hostel Block Road      |  66.9% | WARNING
🔴 [MKCE_LID_07] Hostel Ring Road       |   100% | CRITICAL
🟢 [MKCE_LID_08] Playground Perimeter Rd |     0% | NORMAL
🟡 [MKCE_LID_09] Canteen Road           |  64.5% | WARNING
🔴 [MKCE_LID_10] Back Gate Road         |   100% | CRITICAL

⏱ 10:41:06 ────────────────────────────────────────
🟢 [MKCE_LID_01] Main Gate Road         |     0% | NORMAL
🔴 [MKCE_LID_02] Academic Block Road    |   100% | CRITICAL
🔴 [MKCE_LID_03] Central Avenue         |  99.9% | CRITICAL
🔴 [MKCE_LID_04] Library Road           |   100% | CRITICAL
🟢 [MKCE_LID_05] Workshop Road          |  27.8% | NORMAL
🟡 [MKCE_LID_06] Hostel Block Road      |  66.9% | WARNING
🔴 [MKCE_LID_07] Hostel Ring Road       |  97.7% | CRITICAL
🟢 [MKCE_LID_08] Playground Perimeter Rd |     0% | NORMAL
🟡 [MKCE_LID_09] Canteen Road           |  62.2% | WARNING
🔴 [MKCE_LID_10] Back Gate Road         |   100% | CRITICAL

⏱ 10:41:09 ────────────────────────────────────────
🟢 [MKCE_LID_01] Main Gate Road         |     0% | NORMAL
🔴 [MKCE_LID_02] Academic Block Road    |   100% | CRITICAL
🔴 [MKCE_LID_03] Central Avenue         |  99.1% | CRITICAL
🔴 [MKCE_LID_04] Library Road           |   100% | CRITICAL
🟢 [MKCE_LID_05] Workshop Road          |  28.1% | NORMAL
🟡 [MKCE_LID_06] Hostel Block Road      |  67.6% | WARNING
🔴 [MKCE_LID_07] Hostel Ring Road       |  94.7% | CRITICAL
🟢 [MKCE_LID_08] Playground Perimeter Rd |     0% | NORMAL
🟡 [MKCE_LID_09] Canteen Road           |  60.5% | WARNING
🔴 [MKCE_LID_10] Back Gate Road         |   100% | CRITICAL

⏱ 10:41:12 ────────────────────────────────────────
🟢 [MKCE_LID_01] Main Gate Road         |     0% | NORMAL
🔴 [MKCE_LID_02] Academic Block Road    |   100% | CRITICAL
🔴 [MKCE_LID_03] Central Avenue         |  97.5% | CRITICAL
🔴 [MKCE_LID_04] Library Road           |   100% | CRITICAL
🟢 [MKCE_LID_05] Workshop Road          |  28.5% | NORMAL
🟡 [MKCE_LID_06] Hostel Block Road      |  67.4% | WARNING
🔴 [MKCE_LID_07] Hostel Ring Road       |  92.5% | CRITICAL
🟢 [MKCE_LID_08] Playground Perimeter Rd |     0% | NORMAL
🟡 [MKCE_LID_09] Canteen Road           |  58.0% | WARNING
🔴 [MKCE_LID_10] Back Gate Road         |   100% | CRITICAL

⏱ 10:41:15 ────────────────────────────────────────
🟢 [MKCE_LID_01] Main Gate Road         |     0% | NORMAL
🔴 [MKCE_LID_02] Academic Block Road    |   100% | CRITICAL
🔴 [MKCE_LID_03] Central Avenue         |  95.8% | CRITICAL
🔴 [MKCE_LID_04] Library Road           |   100% | CRITICAL
🟢 [MKCE_LID_05] Workshop Road          |  27.9% | NORMAL
🟡 [MKCE_LID_06] Hostel Block Road      |  68.0% | WARNING
🔴 [MKCE_LID_07] Hostel Ring Road       |  91.3% | CRITICAL
🟢 [MKCE_LID_08] Playground Perimeter Rd |     0% | NORMAL
🟡 [MKCE_LID_09] Canteen Road           |  54.7% | WARNING
🔴 [MKCE_LID_10] Back Gate Road         |   100% | CRITICAL

⏱ 10:41:18 ────────────────────────────────────────
🟢 [MKCE_LID_01] Main Gate Road         |     0% | NORMAL
🔴 [MKCE_LID_02] Academic Block Road    |   100% | CRITICAL
🔴 [MKCE_LID_03] Central Avenue         |  93.9% | CRITICAL
🔴 [MKCE_LID_04] Library Road           |  99.9% | CRITICAL
🟢 [MKCE_LID_05] Workshop Road          |  26.8% | NORMAL
🟡 [MKCE_LID_06] Hostel Block Road      |  69.4% | WARNING
🔴 [MKCE_LID_07] Hostel Ring Road       |  89.3% | CRITICAL
🟢 [MKCE_LID_08] Playground Perimeter Rd |     0% | NORMAL
🟡 [MKCE_LID_09] Canteen Road           |  51.9% | WARNING
🔴 [MKCE_LID_10] Back Gate Road         |   100% | CRITICAL

⏱ 10:41:21 ────────────────────────────────────────
🟢 [MKCE_LID_01] Main Gate Road         |     0% | NORMAL
🔴 [MKCE_LID_02] Academic Block Road    |   100% | CRITICAL
🔴 [MKCE_LID_03] Central Avenue         |  92.8% | CRITICAL
🔴 [MKCE_LID_04] Library Road           |  99.7% | CRITICAL
🟢 [MKCE_LID_05] Workshop Road          |  25.3% | NORMAL
🔴 [MKCE_LID_06] Hostel Block Road      |  70.9% | CRITICAL
🔴 [MKCE_LID_07] Hostel Ring Road       |  86.2% | CRITICAL
🟢 [MKCE_LID_08] Playground Perimeter Rd |     0% | NORMAL
🟡 [MKCE_LID_09] Canteen Road           |  48.6% | WARNING
🔴 [MKCE_LID_10] Back Gate Road         |   100% | CRITICAL

⏱ 10:41:24 ────────────────────────────────────────
🟢 [MKCE_LID_01] Main Gate Road         |     0% | NORMAL
🔴 [MKCE_LID_02] Academic Block Road    |   100% | CRITICAL
🟡 [MKCE_LID_03] Central Avenue         |  61.8% | WARNING
🔴 [MKCE_LID_04] Library Road           |   100% | CRITICAL
🟢 [MKCE_LID_05] Workshop Road          |  23.8% | NORMAL
🔴 [MKCE_LID_06] Hostel Block Road      |  72.7% | CRITICAL
🔴 [MKCE_LID_07] Hostel Ring Road       |  83.6% | CRITICAL
🟢 [MKCE_LID_08] Playground Perimeter Rd |     0% | NORMAL
🟡 [MKCE_LID_09] Canteen Road           |  46.1% | WARNING
🔴 [MKCE_LID_10] Back Gate Road         |   100% | CRITICAL

⏱ 10:41:27 ────────────────────────────────────────
🟢 [MKCE_LID_01] Main Gate Road         |     0% | NORMAL
🔴 [MKCE_LID_02] Academic Block Road    |   100% | CRITICAL
🟡 [MKCE_LID_03] Central Avenue         |  61.3% | WARNING
🔴 [MKCE_LID_04] Library Road           |   100% | CRITICAL
🟢 [MKCE_LID_05] Workshop Road          |  23.1% | NORMAL
🔴 [MKCE_LID_06] Hostel Block Road      |  75.0% | CRITICAL
🔴 [MKCE_LID_07] Hostel Ring Road       |  81.0% | CRITICAL
🟢 [MKCE_LID_08] Playground Perimeter Rd |     0% | NORMAL
🟡 [MKCE_LID_09] Canteen Road           |  43.8% | WARNING
🔴 [MKCE_LID_10] Back Gate Road         |   100% | CRITICAL

⏱ 10:41:30 ────────────────────────────────────────
🟢 [MKCE_LID_01] Main Gate Road         |     0% | NORMAL
🔴 [MKCE_LID_02] Academic Block Road    |   100% | CRITICAL
🟡 [MKCE_LID_03] Central Avenue         |  61.8% | WARNING
🔴 [MKCE_LID_04] Library Road           |  99.6% | CRITICAL
🟢 [MKCE_LID_05] Workshop Road          |  22.1% | NORMAL
🔴 [MKCE_LID_06] Hostel Block Road      |  76.8% | CRITICAL
🔴 [MKCE_LID_07] Hostel Ring Road       |  78.0% | CRITICAL
🟢 [MKCE_LID_08] Playground Perimeter Rd |     0% | NORMAL
🟡 [MKCE_LID_09] Canteen Road           |  41.6% | WARNING
🔴 [MKCE_LID_10] Back Gate Road         |   100% | CRITICAL

⏱ 10:41:33 ────────────────────────────────────────
🟢 [MKCE_LID_01] Main Gate Road         |     0% | NORMAL
🔴 [MKCE_LID_02] Academic Block Road    |   100% | CRITICAL
🟡 [MKCE_LID_03] Central Avenue         |  63.1% | WARNING
🔴 [MKCE_LID_04] Library Road           |  99.4% | CRITICAL
🟢 [MKCE_LID_05] Workshop Road          |  21.3% | NORMAL
🔴 [MKCE_LID_06] Hostel Block Road      |  78.7% | CRITICAL
🔴 [MKCE_LID_07] Hostel Ring Road       |  74.0% | CRITICAL
🟢 [MKCE_LID_08] Playground Perimeter Rd |     0% | NORMAL
🟡 [MKCE_LID_09] Canteen Road           |  40.0% | WARNING
🔴 [MKCE_LID_10] Back Gate Road         |   100% | CRITICAL

⏱ 10:41:36 ────────────────────────────────────────
🟢 [MKCE_LID_01] Main Gate Road         |     0% | NORMAL
🔴 [MKCE_LID_02] Academic Block Road    |   100% | CRITICAL
🟡 [MKCE_LID_03] Central Avenue         |  65.1% | WARNING
🔴 [MKCE_LID_04] Library Road           |  99.9% | CRITICAL
🟢 [MKCE_LID_05] Workshop Road          |  20.5% | NORMAL
🔴 [MKCE_LID_06] Hostel Block Road      |  80.5% | CRITICAL
🔴 [MKCE_LID_07] Hostel Ring Road       |  99.9% | CRITICAL
🟢 [MKCE_LID_08] Playground Perimeter Rd |     0% | NORMAL
🟢 [MKCE_LID_09] Canteen Road           |  37.5% | NORMAL
🔴 [MKCE_LID_10] Back Gate Road         |   100% | CRITICAL

⏱ 10:41:39 ────────────────────────────────────────
🟢 [MKCE_LID_01] Main Gate Road         |     0% | NORMAL
🔴 [MKCE_LID_02] Academic Block Road    |   100% | CRITICAL
🟡 [MKCE_LID_03] Central Avenue         |  67.0% | WARNING
🔴 [MKCE_LID_04] Library Road           |   100% | CRITICAL
🟢 [MKCE_LID_05] Workshop Road          |  19.0% | NORMAL
🔴 [MKCE_LID_06] Hostel Block Road      |  83.1% | CRITICAL
🔴 [MKCE_LID_07] Hostel Ring Road       |  95.0% | CRITICAL
🟢 [MKCE_LID_08] Playground Perimeter Rd |     0% | NORMAL
🟢 [MKCE_LID_09] Canteen Road           |  35.1% | NORMAL
🔴 [MKCE_LID_10] Back Gate Road         |   100% | CRITICAL

⏱ 10:41:42 ────────────────────────────────────────
🟢 [MKCE_LID_01] Main Gate Road         |     0% | NORMAL
🔴 [MKCE_LID_02] Academic Block Road    |   100% | CRITICAL
🟡 [MKCE_LID_03] Central Avenue         |  68.3% | WARNING
🔴 [MKCE_LID_04] Library Road           |   100% | CRITICAL
🟢 [MKCE_LID_05] Workshop Road          |  18.0% | NORMAL
🔴 [MKCE_LID_06] Hostel Block Road      |  85.6% | CRITICAL
🔴 [MKCE_LID_07] Hostel Ring Road       |  90.4% | CRITICAL
🟢 [MKCE_LID_08] Playground Perimeter Rd |     0% | NORMAL
🟢 [MKCE_LID_09] Canteen Road           |  32.8% | NORMAL
🔴 [MKCE_LID_10] Back Gate Road         |   100% | CRITICAL

⏱ 10:41:45 ────────────────────────────────────────
🟢 [MKCE_LID_01] Main Gate Road         |     0% | NORMAL
🔴 [MKCE_LID_02] Academic Block Road    |   100% | CRITICAL
🔴 [MKCE_LID_03] Central Avenue         |  98.9% | CRITICAL
🔴 [MKCE_LID_04] Library Road           |   100% | CRITICAL
🟢 [MKCE_LID_05] Workshop Road          |  16.7% | NORMAL
🔴 [MKCE_LID_06] Hostel Block Road      |  89.0% | CRITICAL
🔴 [MKCE_LID_07] Hostel Ring Road       |  85.6% | CRITICAL
🟢 [MKCE_LID_08] Playground Perimeter Rd |     0% | NORMAL
🟢 [MKCE_LID_09] Canteen Road           |  31.3% | NORMAL
🔴 [MKCE_LID_10] Back Gate Road         |   100% | CRITICAL

⏱ 10:41:48 ────────────────────────────────────────
🟢 [MKCE_LID_01] Main Gate Road         |     0% | NORMAL
🔴 [MKCE_LID_02] Academic Block Road    |   100% | CRITICAL
🟡 [MKCE_LID_03] Central Avenue         |  69.0% | WARNING
🔴 [MKCE_LID_04] Library Road           |   100% | CRITICAL
🟢 [MKCE_LID_05] Workshop Road          |  14.5% | NORMAL
🔴 [MKCE_LID_06] Hostel Block Road      |  92.7% | CRITICAL
🔴 [MKCE_LID_07] Hostel Ring Road       |  80.6% | CRITICAL
🟢 [MKCE_LID_08] Playground Perimeter Rd |     0% | NORMAL
🟢 [MKCE_LID_09] Canteen Road           |  29.1% | NORMAL
🔴 [MKCE_LID_10] Back Gate Road         |   100% | CRITICAL

⏱ 10:41:51 ────────────────────────────────────────
🟢 [MKCE_LID_01] Main Gate Road         |     0% | NORMAL
🔴 [MKCE_LID_02] Academic Block Road    |   100% | CRITICAL
🔴 [MKCE_LID_03] Central Avenue         |  70.1% | CRITICAL
🔴 [MKCE_LID_04] Library Road           |   100% | CRITICAL
🟢 [MKCE_LID_05] Workshop Road          |  12.3% | NORMAL
🔴 [MKCE_LID_06] Hostel Block Road      |  96.4% | CRITICAL
🔴 [MKCE_LID_07] Hostel Ring Road       |  76.1% | CRITICAL
🟢 [MKCE_LID_08] Playground Perimeter Rd |     0% | NORMAL
🟢 [MKCE_LID_09] Canteen Road           |  26.0% | NORMAL
🔴 [MKCE_LID_10] Back Gate Road         |   100% | CRITICAL

⏱ 10:41:54 ────────────────────────────────────────
🟢 [MKCE_LID_01] Main Gate Road         |     0% | NORMAL
🟡 [MKCE_LID_02] Academic Block Road    |    70% | WARNING
🔴 [MKCE_LID_03] Central Avenue         |  71.3% | CRITICAL
🔴 [MKCE_LID_04] Library Road           |   100% | CRITICAL
🟢 [MKCE_LID_05] Workshop Road          |  10.7% | NORMAL
🔴 [MKCE_LID_06] Hostel Block Road      |  99.9% | CRITICAL
🔴 [MKCE_LID_07] Hostel Ring Road       |  72.4% | CRITICAL
🟢 [MKCE_LID_08] Playground Perimeter Rd |     0% | NORMAL
🟢 [MKCE_LID_09] Canteen Road           |  23.6% | NORMAL
🔴 [MKCE_LID_10] Back Gate Road         |   100% | CRITICAL

⏱ 10:41:57 ────────────────────────────────────────
🟢 [MKCE_LID_01] Main Gate Road         |     0% | NORMAL
🔴 [MKCE_LID_02] Academic Block Road    |  72.7% | CRITICAL
🔴 [MKCE_LID_03] Central Avenue         |  72.0% | CRITICAL
🔴 [MKCE_LID_04] Library Road           |   100% | CRITICAL
🟢 [MKCE_LID_05] Workshop Road          |   9.4% | NORMAL
🔴 [MKCE_LID_06] Hostel Block Road      |   100% | CRITICAL
🟡 [MKCE_LID_07] Hostel Ring Road       |  68.5% | WARNING
🟢 [MKCE_LID_08] Playground Perimeter Rd |     0% | NORMAL
🟢 [MKCE_LID_09] Canteen Road           |  20.8% | NORMAL
🔴 [MKCE_LID_10] Back Gate Road         |   100% | CRITICAL

⏱ 10:42:01 ────────────────────────────────────────
🟢 [MKCE_LID_01] Main Gate Road         |    30% | NORMAL
🔴 [MKCE_LID_02] Academic Block Road    |  76.3% | CRITICAL
🔴 [MKCE_LID_03] Central Avenue         |  72.5% | CRITICAL
🟡 [MKCE_LID_04] Library Road           |    70% | WARNING
🟢 [MKCE_LID_05] Workshop Road          |   8.0% | NORMAL
🔴 [MKCE_LID_06] Hostel Block Road      |   100% | CRITICAL
🟡 [MKCE_LID_07] Hostel Ring Road       |  63.8% | WARNING
🟢 [MKCE_LID_08] Playground Perimeter Rd |     0% | NORMAL
🟢 [MKCE_LID_09] Canteen Road           |  17.3% | NORMAL
🔴 [MKCE_LID_10] Back Gate Road         |   100% | CRITICAL

⏱ 10:42:04 ────────────────────────────────────────
🟢 [MKCE_LID_01] Main Gate Road         |    25% | NORMAL
🔴 [MKCE_LID_02] Academic Block Road    |  80.6% | CRITICAL
🔴 [MKCE_LID_03] Central Avenue         |  74.0% | CRITICAL
🔴 [MKCE_LID_04] Library Road           |  74.3% | CRITICAL
🟢 [MKCE_LID_05] Workshop Road          |   5.6% | NORMAL
🔴 [MKCE_LID_06] Hostel Block Road      |   100% | CRITICAL
🟡 [MKCE_LID_07] Hostel Ring Road       |  58.8% | WARNING
🟢 [MKCE_LID_08] Playground Perimeter Rd |     0% | NORMAL
🟡 [MKCE_LID_09] Canteen Road           |  43.9% | WARNING
🔴 [MKCE_LID_10] Back Gate Road         |   100% | CRITICAL

⏱ 10:42:07 ────────────────────────────────────────
🟢 [MKCE_LID_01] Main Gate Road         |    20% | NORMAL
🔴 [MKCE_LID_02] Academic Block Road    |  85.6% | CRITICAL
🔴 [MKCE_LID_03] Central Avenue         |  75.5% | CRITICAL
🔴 [MKCE_LID_04] Library Road           |  79.3% | CRITICAL
🟢 [MKCE_LID_05] Workshop Road          |   2.9% | NORMAL
🔴 [MKCE_LID_06] Hostel Block Road      |   100% | CRITICAL
🟡 [MKCE_LID_07] Hostel Ring Road       |  53.9% | WARNING
🟢 [MKCE_LID_08] Playground Perimeter Rd |     0% | NORMAL
🟡 [MKCE_LID_09] Canteen Road           |  40.7% | WARNING
🔴 [MKCE_LID_10] Back Gate Road         |  99.6% | CRITICAL

⏱ 10:42:10 ────────────────────────────────────────
🟢 [MKCE_LID_01] Main Gate Road         |    15% | NORMAL
🔴 [MKCE_LID_02] Academic Block Road    |  90.5% | CRITICAL
🔴 [MKCE_LID_03] Central Avenue         |  76.5% | CRITICAL
🔴 [MKCE_LID_04] Library Road           |  84.3% | CRITICAL
🟢 [MKCE_LID_05] Workshop Road          |     0% | NORMAL
🔴 [MKCE_LID_06] Hostel Block Road      |   100% | CRITICAL
🟡 [MKCE_LID_07] Hostel Ring Road       |  49.9% | WARNING
🟢 [MKCE_LID_08] Playground Perimeter Rd |     0% | NORMAL
🟢 [MKCE_LID_09] Canteen Road           |  38.1% | NORMAL
🔴 [MKCE_LID_10] Back Gate Road         |  99.7% | CRITICAL

⏱ 10:42:13 ────────────────────────────────────────
🟢 [MKCE_LID_01] Main Gate Road         |  10.2% | NORMAL
🔴 [MKCE_LID_02] Academic Block Road    |  95.5% | CRITICAL
🔴 [MKCE_LID_03] Central Avenue         |  77.6% | CRITICAL
🔴 [MKCE_LID_04] Library Road           |  88.9% | CRITICAL
🟢 [MKCE_LID_05] Workshop Road          |     0% | NORMAL
🔴 [MKCE_LID_06] Hostel Block Road      |   100% | CRITICAL
🟡 [MKCE_LID_07] Hostel Ring Road       |  46.0% | WARNING
🟢 [MKCE_LID_08] Playground Perimeter Rd |     0% | NORMAL
🟢 [MKCE_LID_09] Canteen Road           |  35.3% | NORMAL
🔴 [MKCE_LID_10] Back Gate Road         |   100% | CRITICAL

⏱ 10:42:16 ────────────────────────────────────────
🟢 [MKCE_LID_01] Main Gate Road         |  35.2% | NORMAL
🔴 [MKCE_LID_02] Academic Block Road    |   100% | CRITICAL
🔴 [MKCE_LID_03] Central Avenue         |  79.0% | CRITICAL
🔴 [MKCE_LID_04] Library Road           |  92.9% | CRITICAL
🟢 [MKCE_LID_05] Workshop Road          |     0% | NORMAL
🔴 [MKCE_LID_06] Hostel Block Road      |   100% | CRITICAL
🟡 [MKCE_LID_07] Hostel Ring Road       |  41.1% | WARNING
🟢 [MKCE_LID_08] Playground Perimeter Rd |     0% | NORMAL
🟢 [MKCE_LID_09] Canteen Road           |  33.4% | NORMAL
🔴 [MKCE_LID_10] Back Gate Road         |   100% | CRITICAL

⏱ 10:42:19 ────────────────────────────────────────
🟢 [MKCE_LID_01] Main Gate Road         |  30.6% | NORMAL
🔴 [MKCE_LID_02] Academic Block Road    |   100% | CRITICAL
🔴 [MKCE_LID_03] Central Avenue         |  80.9% | CRITICAL
🔴 [MKCE_LID_04] Library Road           |  97.0% | CRITICAL
🟢 [MKCE_LID_05] Workshop Road          |     0% | NORMAL
🔴 [MKCE_LID_06] Hostel Block Road      |   100% | CRITICAL
🟢 [MKCE_LID_07] Hostel Ring Road       |  36.5% | NORMAL
🟢 [MKCE_LID_08] Playground Perimeter Rd |     0% | NORMAL
🟢 [MKCE_LID_09] Canteen Road           |  31.8% | NORMAL
🔴 [MKCE_LID_10] Back Gate Road         |   100% | CRITICAL

⏱ 10:42:22 ────────────────────────────────────────
🟢 [MKCE_LID_01] Main Gate Road         |  25.6% | NORMAL
🔴 [MKCE_LID_02] Academic Block Road    |   100% | CRITICAL
🔴 [MKCE_LID_03] Central Avenue         |  82.9% | CRITICAL
🔴 [MKCE_LID_04] Library Road           |   100% | CRITICAL
🟢 [MKCE_LID_05] Workshop Road          |     0% | NORMAL
🔴 [MKCE_LID_06] Hostel Block Road      |   100% | CRITICAL
🟢 [MKCE_LID_07] Hostel Ring Road       |  32.0% | NORMAL
🟢 [MKCE_LID_08] Playground Perimeter Rd |     0% | NORMAL
🟢 [MKCE_LID_09] Canteen Road           |  30.1% | NORMAL
🔴 [MKCE_LID_10] Back Gate Road         |   100% | CRITICAL

⏱ 10:42:25 ────────────────────────────────────────
🟢 [MKCE_LID_01] Main Gate Road         |  20.9% | NORMAL
🔴 [MKCE_LID_02] Academic Block Road    |   100% | CRITICAL
🔴 [MKCE_LID_03] Central Avenue         |  84.5% | CRITICAL
🔴 [MKCE_LID_04] Library Road           |   100% | CRITICAL
🟢 [MKCE_LID_05] Workshop Road          |     0% | NORMAL
🔴 [MKCE_LID_06] Hostel Block Road      |   100% | CRITICAL
🟢 [MKCE_LID_07] Hostel Ring Road       |  28.3% | NORMAL
🟢 [MKCE_LID_08] Playground Perimeter Rd |     0% | NORMAL
🟢 [MKCE_LID_09] Canteen Road           |  27.8% | NORMAL
🔴 [MKCE_LID_10] Back Gate Road         |   100% | CRITICAL

⏱ 10:42:28 ────────────────────────────────────────
🟢 [MKCE_LID_01] Main Gate Road         |  17.2% | NORMAL
🔴 [MKCE_LID_02] Academic Block Road    |   100% | CRITICAL
🔴 [MKCE_LID_03] Central Avenue         |  86.7% | CRITICAL
🔴 [MKCE_LID_04] Library Road           |   100% | CRITICAL
🟢 [MKCE_LID_05] Workshop Road          |    30% | NORMAL
🔴 [MKCE_LID_06] Hostel Block Road      |   100% | CRITICAL
🟢 [MKCE_LID_07] Hostel Ring Road       |  24.6% | NORMAL
🟢 [MKCE_LID_08] Playground Perimeter Rd |     0% | NORMAL
🟢 [MKCE_LID_09] Canteen Road           |  26.3% | NORMAL
🔴 [MKCE_LID_10] Back Gate Road         |   100% | CRITICAL

⏱ 10:42:31 ────────────────────────────────────────
🟢 [MKCE_LID_01] Main Gate Road         |  13.9% | NORMAL
🔴 [MKCE_LID_02] Academic Block Road    |   100% | CRITICAL
🔴 [MKCE_LID_03] Central Avenue         |  89.4% | CRITICAL
🔴 [MKCE_LID_04] Library Road           |   100% | CRITICAL
🟢 [MKCE_LID_05] Workshop Road          |  27.2% | NORMAL
🔴 [MKCE_LID_06] Hostel Block Road      |   100% | CRITICAL
🟢 [MKCE_LID_07] Hostel Ring Road       |  20.3% | NORMAL
🟢 [MKCE_LID_08] Playground Perimeter Rd |     0% | NORMAL
🟢 [MKCE_LID_09] Canteen Road           |  23.8% | NORMAL
🔴 [MKCE_LID_10] Back Gate Road         |   100% | CRITICAL

⏱ 10:42:34 ────────────────────────────────────────
🟢 [MKCE_LID_01] Main Gate Road         |   9.8% | NORMAL
🔴 [MKCE_LID_02] Academic Block Road    |   100% | CRITICAL
🔴 [MKCE_LID_03] Central Avenue         |  92.9% | CRITICAL
🔴 [MKCE_LID_04] Library Road           |   100% | CRITICAL
🟢 [MKCE_LID_05] Workshop Road          |  24.9% | NORMAL
🔴 [MKCE_LID_06] Hostel Block Road      |   100% | CRITICAL
🟢 [MKCE_LID_07] Hostel Ring Road       |  16.8% | NORMAL
🟢 [MKCE_LID_08] Playground Perimeter Rd |     0% | NORMAL
🟢 [MKCE_LID_09] Canteen Road           |  21.3% | NORMAL
🔴 [MKCE_LID_10] Back Gate Road         |   100% | CRITICAL

⏱ 10:42:37 ────────────────────────────────────────
🟢 [MKCE_LID_01] Main Gate Road         |   6.7% | NORMAL
🔴 [MKCE_LID_02] Academic Block Road    |   100% | CRITICAL
🔴 [MKCE_LID_03] Central Avenue         |  95.7% | CRITICAL
🔴 [MKCE_LID_04] Library Road           |   100% | CRITICAL
🟢 [MKCE_LID_05] Workshop Road          |  23.4% | NORMAL
🔴 [MKCE_LID_06] Hostel Block Road      |   100% | CRITICAL
🟢 [MKCE_LID_07] Hostel Ring Road       |  13.9% | NORMAL
🟢 [MKCE_LID_08] Playground Perimeter Rd |     0% | NORMAL
🟢 [MKCE_LID_09] Canteen Road           |  19.1% | NORMAL
🔴 [MKCE_LID_10] Back Gate Road         |   100% | CRITICAL

⏱ 10:42:40 ────────────────────────────────────────
🟢 [MKCE_LID_01] Main Gate Road         |   2.6% | NORMAL
🔴 [MKCE_LID_02] Academic Block Road    |   100% | CRITICAL
🔴 [MKCE_LID_03] Central Avenue         |  99.2% | CRITICAL
🔴 [MKCE_LID_04] Library Road           |   100% | CRITICAL
🟢 [MKCE_LID_05] Workshop Road          |  22.5% | NORMAL
🔴 [MKCE_LID_06] Hostel Block Road      |   100% | CRITICAL
🟢 [MKCE_LID_07] Hostel Ring Road       |  11.1% | NORMAL
🟢 [MKCE_LID_08] Playground Perimeter Rd |     0% | NORMAL
🟢 [MKCE_LID_09] Canteen Road           |  16.4% | NORMAL
🔴 [MKCE_LID_10] Back Gate Road         |   100% | CRITICAL

⏱ 10:42:43 ────────────────────────────────────────
🟢 [MKCE_LID_01] Main Gate Road         |     0% | NORMAL
🔴 [MKCE_LID_02] Academic Block Road    |   100% | CRITICAL
🔴 [MKCE_LID_03] Central Avenue         |   100% | CRITICAL
🔴 [MKCE_LID_04] Library Road           |   100% | CRITICAL
🟢 [MKCE_LID_05] Workshop Road          |  21.0% | NORMAL
🔴 [MKCE_LID_06] Hostel Block Road      |   100% | CRITICAL
🟢 [MKCE_LID_07] Hostel Ring Road       |   7.9% | NORMAL
🟢 [MKCE_LID_08] Playground Perimeter Rd |     0% | NORMAL
🟢 [MKCE_LID_09] Canteen Road           |  13.6% | NORMAL
🔴 [MKCE_LID_10] Back Gate Road         |  99.5% | CRITICAL

⏱ 10:42:46 ────────────────────────────────────────
🟢 [MKCE_LID_01] Main Gate Road         |     0% | NORMAL
🔴 [MKCE_LID_02] Academic Block Road    |   100% | CRITICAL
🔴 [MKCE_LID_03] Central Avenue         |   100% | CRITICAL
🔴 [MKCE_LID_04] Library Road           |   100% | CRITICAL
🟢 [MKCE_LID_05] Workshop Road          |  19.6% | NORMAL
🔴 [MKCE_LID_06] Hostel Block Road      |   100% | CRITICAL
🟢 [MKCE_LID_07] Hostel Ring Road       |   5.0% | NORMAL
🟢 [MKCE_LID_08] Playground Perimeter Rd |     0% | NORMAL
🟢 [MKCE_LID_09] Canteen Road           |  10.2% | NORMAL
🔴 [MKCE_LID_10] Back Gate Road         |  98.7% | CRITICAL

⏱ 10:42:49 ────────────────────────────────────────
🟢 [MKCE_LID_01] Main Gate Road         |     0% | NORMAL
🔴 [MKCE_LID_02] Academic Block Road    |   100% | CRITICAL
🔴 [MKCE_LID_03] Central Avenue         |   100% | CRITICAL
🔴 [MKCE_LID_04] Library Road           |   100% | CRITICAL
🟢 [MKCE_LID_05] Workshop Road          |  18.2% | NORMAL
🔴 [MKCE_LID_06] Hostel Block Road      |   100% | CRITICAL
🟢 [MKCE_LID_07] Hostel Ring Road       |   1.8% | NORMAL
🟢 [MKCE_LID_08] Playground Perimeter Rd |     0% | NORMAL
🟢 [MKCE_LID_09] Canteen Road           |   6.6% | NORMAL
🔴 [MKCE_LID_10] Back Gate Road         |  97.6% | CRITICAL

⏱ 10:42:52 ────────────────────────────────────────
🟢 [MKCE_LID_01] Main Gate Road         |     0% | NORMAL
🔴 [MKCE_LID_02] Academic Block Road    |   100% | CRITICAL
🔴 [MKCE_LID_03] Central Avenue         |   100% | CRITICAL
🔴 [MKCE_LID_04] Library Road           |   100% | CRITICAL
🟢 [MKCE_LID_05] Workshop Road          |  17.3% | NORMAL
🔴 [MKCE_LID_06] Hostel Block Road      |   100% | CRITICAL
🟢 [MKCE_LID_07] Hostel Ring Road       |     0% | NORMAL
🟢 [MKCE_LID_08] Playground Perimeter Rd |     0% | NORMAL
🟢 [MKCE_LID_09] Canteen Road           |   3.7% | NORMAL
🔴 [MKCE_LID_10] Back Gate Road         |  96.1% | CRITICAL

⏱ 10:42:55 ────────────────────────────────────────
🟢 [MKCE_LID_01] Main Gate Road         |     0% | NORMAL
🔴 [MKCE_LID_02] Academic Block Road    |   100% | CRITICAL
🔴 [MKCE_LID_03] Central Avenue         |   100% | CRITICAL
🔴 [MKCE_LID_04] Library Road           |   100% | CRITICAL
🟢 [MKCE_LID_05] Workshop Road          |  15.7% | NORMAL
🔴 [MKCE_LID_06] Hostel Block Road      |   100% | CRITICAL
🟢 [MKCE_LID_07] Hostel Ring Road       |     0% | NORMAL
🟢 [MKCE_LID_08] Playground Perimeter Rd |     0% | NORMAL
🟢 [MKCE_LID_09] Canteen Road           |   1.5% | NORMAL
🔴 [MKCE_LID_10] Back Gate Road         |  93.5% | CRITICAL

⏱ 10:42:58 ────────────────────────────────────────
🟢 [MKCE_LID_01] Main Gate Road         |     0% | NORMAL
🔴 [MKCE_LID_02] Academic Block Road    |   100% | CRITICAL
🔴 [MKCE_LID_03] Central Avenue         |   100% | CRITICAL
🔴 [MKCE_LID_04] Library Road           |   100% | CRITICAL
🟢 [MKCE_LID_05] Workshop Road          |  13.5% | NORMAL
🔴 [MKCE_LID_06] Hostel Block Road      |   100% | CRITICAL
🟢 [MKCE_LID_07] Hostel Ring Road       |     0% | NORMAL
🟢 [MKCE_LID_08] Playground Perimeter Rd |     0% | NORMAL
🟢 [MKCE_LID_09] Canteen Road           |     0% | NORMAL
🔴 [MKCE_LID_10] Back Gate Road         |  91.9% | CRITICAL

⏱ 10:43:02 ────────────────────────────────────────
🟢 [MKCE_LID_01] Main Gate Road         |     0% | NORMAL
🔴 [MKCE_LID_02] Academic Block Road    |   100% | CRITICAL
🔴 [MKCE_LID_03] Central Avenue         |   100% | CRITICAL
🔴 [MKCE_LID_04] Library Road           |   100% | CRITICAL
🟢 [MKCE_LID_05] Workshop Road          |  12.2% | NORMAL
🔴 [MKCE_LID_06] Hostel Block Road      |   100% | CRITICAL
🟢 [MKCE_LID_07] Hostel Ring Road       |     0% | NORMAL
🟢 [MKCE_LID_08] Playground Perimeter Rd |     0% | NORMAL
🟢 [MKCE_LID_09] Canteen Road           |     0% | NORMAL
🔴 [MKCE_LID_10] Back Gate Road         |  89.7% | CRITICAL

⏱ 10:43:05 ────────────────────────────────────────
🟢 [MKCE_LID_01] Main Gate Road         |     0% | NORMAL
🔴 [MKCE_LID_02] Academic Block Road    |   100% | CRITICAL
🔴 [MKCE_LID_03] Central Avenue         |   100% | CRITICAL
🔴 [MKCE_LID_04] Library Road           |   100% | CRITICAL
🟢 [MKCE_LID_05] Workshop Road          |  10.3% | NORMAL
🔴 [MKCE_LID_06] Hostel Block Road      |   100% | CRITICAL
🟢 [MKCE_LID_07] Hostel Ring Road       |     0% | NORMAL
🟢 [MKCE_LID_08] Playground Perimeter Rd |     0% | NORMAL
🟢 [MKCE_LID_09] Canteen Road           |     0% | NORMAL
🔴 [MKCE_LID_10] Back Gate Road         |  88.0% | CRITICAL

⏱ 10:43:08 ────────────────────────────────────────
🟢 [MKCE_LID_01] Main Gate Road         |     0% | NORMAL
🔴 [MKCE_LID_02] Academic Block Road    |   100% | CRITICAL
🔴 [MKCE_LID_03] Central Avenue         |   100% | CRITICAL
🔴 [MKCE_LID_04] Library Road           |   100% | CRITICAL
🟢 [MKCE_LID_05] Workshop Road          |   8.8% | NORMAL
🔴 [MKCE_LID_06] Hostel Block Road      |   100% | CRITICAL
🟢 [MKCE_LID_07] Hostel Ring Road       |     0% | NORMAL
🟢 [MKCE_LID_08] Playground Perimeter Rd |     0% | NORMAL
🟢 [MKCE_LID_09] Canteen Road           |     0% | NORMAL
🔴 [MKCE_LID_10] Back Gate Road         |  87.1% | CRITICAL

⏱ 10:43:11 ────────────────────────────────────────
🟢 [MKCE_LID_01] Main Gate Road         |     0% | NORMAL
🔴 [MKCE_LID_02] Academic Block Road    |   100% | CRITICAL
🔴 [MKCE_LID_03] Central Avenue         |   100% | CRITICAL
🔴 [MKCE_LID_04] Library Road           |   100% | CRITICAL
🟢 [MKCE_LID_05] Workshop Road          |   6.5% | NORMAL
🔴 [MKCE_LID_06] Hostel Block Road      |   100% | CRITICAL
🟢 [MKCE_LID_07] Hostel Ring Road       |     0% | NORMAL
🟢 [MKCE_LID_08] Playground Perimeter Rd |     0% | NORMAL
🟢 [MKCE_LID_09] Canteen Road           |     0% | NORMAL
🔴 [MKCE_LID_10] Back Gate Road         |  86.9% | CRITICAL

⏱ 10:43:14 ────────────────────────────────────────
🟢 [MKCE_LID_01] Main Gate Road         |     0% | NORMAL
🔴 [MKCE_LID_02] Academic Block Road    |   100% | CRITICAL
🔴 [MKCE_LID_03] Central Avenue         |   100% | CRITICAL
🔴 [MKCE_LID_04] Library Road           |   100% | CRITICAL
🟢 [MKCE_LID_05] Workshop Road          |   5.0% | NORMAL
🔴 [MKCE_LID_06] Hostel Block Road      |   100% | CRITICAL
🟢 [MKCE_LID_07] Hostel Ring Road       |     0% | NORMAL
🟢 [MKCE_LID_08] Playground Perimeter Rd |     0% | NORMAL
🟢 [MKCE_LID_09] Canteen Road           |     0% | NORMAL
🔴 [MKCE_LID_10] Back Gate Road         |  87.5% | CRITICAL

⏱ 10:43:17 ────────────────────────────────────────
🟢 [MKCE_LID_01] Main Gate Road         |     0% | NORMAL
🔴 [MKCE_LID_02] Academic Block Road    |   100% | CRITICAL
🔴 [MKCE_LID_03] Central Avenue         |   100% | CRITICAL
🔴 [MKCE_LID_04] Library Road           |   100% | CRITICAL
🟢 [MKCE_LID_05] Workshop Road          |   4.4% | NORMAL
🔴 [MKCE_LID_06] Hostel Block Road      |   100% | CRITICAL
🟢 [MKCE_LID_07] Hostel Ring Road       |     0% | NORMAL
🟢 [MKCE_LID_08] Playground Perimeter Rd |     0% | NORMAL
🟢 [MKCE_LID_09] Canteen Road           |     0% | NORMAL
🔴 [MKCE_LID_10] Back Gate Road         |  88.6% | CRITICAL

⏱ 10:43:20 ────────────────────────────────────────
🟢 [MKCE_LID_01] Main Gate Road         |     0% | NORMAL
🔴 [MKCE_LID_02] Academic Block Road    |   100% | CRITICAL
🔴 [MKCE_LID_03] Central Avenue         |   100% | CRITICAL
🔴 [MKCE_LID_04] Library Road           |   100% | CRITICAL
🟢 [MKCE_LID_05] Workshop Road          |   4.0% | NORMAL
🔴 [MKCE_LID_06] Hostel Block Road      |   100% | CRITICAL
🟢 [MKCE_LID_07] Hostel Ring Road       |     0% | NORMAL
🟢 [MKCE_LID_08] Playground Perimeter Rd |     0% | NORMAL
🟢 [MKCE_LID_09] Canteen Road           |     0% | NORMAL
🔴 [MKCE_LID_10] Back Gate Road         |  89.9% | CRITICAL

⏱ 10:43:23 ────────────────────────────────────────
🟢 [MKCE_LID_01] Main Gate Road         |     0% | NORMAL
🔴 [MKCE_LID_02] Academic Block Road    |   100% | CRITICAL
🔴 [MKCE_LID_03] Central Avenue         |  99.9% | CRITICAL
🔴 [MKCE_LID_04] Library Road           |   100% | CRITICAL
🟢 [MKCE_LID_05] Workshop Road          |   4.5% | NORMAL
🔴 [MKCE_LID_06] Hostel Block Road      |   100% | CRITICAL
🟢 [MKCE_LID_07] Hostel Ring Road       |     0% | NORMAL
🟢 [MKCE_LID_08] Playground Perimeter Rd |     0% | NORMAL
🟢 [MKCE_LID_09] Canteen Road           |     0% | NORMAL
🔴 [MKCE_LID_10] Back Gate Road         |  90.6% | CRITICAL

⏱ 10:43:26 ────────────────────────────────────────
🟢 [MKCE_LID_01] Main Gate Road         |     0% | NORMAL
🔴 [MKCE_LID_02] Academic Block Road    |   100% | CRITICAL
🔴 [MKCE_LID_03] Central Avenue         |   100% | CRITICAL
🔴 [MKCE_LID_04] Library Road           |   100% | CRITICAL
🟢 [MKCE_LID_05] Workshop Road          |   4.8% | NORMAL
🔴 [MKCE_LID_06] Hostel Block Road      |   100% | CRITICAL
🟢 [MKCE_LID_07] Hostel Ring Road       |     0% | NORMAL
🟢 [MKCE_LID_08] Playground Perimeter Rd |     0% | NORMAL
🟢 [MKCE_LID_09] Canteen Road           |     0% | NORMAL
🔴 [MKCE_LID_10] Back Gate Road         |  91.7% | CRITICAL

⏱ 10:43:29 ────────────────────────────────────────
🟢 [MKCE_LID_01] Main Gate Road         |     0% | NORMAL
🔴 [MKCE_LID_02] Academic Block Road    |   100% | CRITICAL
🔴 [MKCE_LID_03] Central Avenue         |   100% | CRITICAL
🔴 [MKCE_LID_04] Library Road           |   100% | CRITICAL
🟢 [MKCE_LID_05] Workshop Road          |   5.4% | NORMAL
🔴 [MKCE_LID_06] Hostel Block Road      |   100% | CRITICAL
🟢 [MKCE_LID_07] Hostel Ring Road       |   0.1% | NORMAL
🟢 [MKCE_LID_08] Playground Perimeter Rd |     0% | NORMAL
🟢 [MKCE_LID_09] Canteen Road           |     0% | NORMAL
🔴 [MKCE_LID_10] Back Gate Road         |  93.0% | CRITICAL

⏱ 10:43:32 ────────────────────────────────────────
🟢 [MKCE_LID_01] Main Gate Road         |     0% | NORMAL
🔴 [MKCE_LID_02] Academic Block Road    |   100% | CRITICAL
🔴 [MKCE_LID_03] Central Avenue         |   100% | CRITICAL
🔴 [MKCE_LID_04] Library Road           |   100% | CRITICAL
🟢 [MKCE_LID_05] Workshop Road          |   6.3% | NORMAL
🔴 [MKCE_LID_06] Hostel Block Road      |   100% | CRITICAL
🟢 [MKCE_LID_07] Hostel Ring Road       |   0.7% | NORMAL
🟢 [MKCE_LID_08] Playground Perimeter Rd |     0% | NORMAL
🟢 [MKCE_LID_09] Canteen Road           |     0% | NORMAL
🔴 [MKCE_LID_10] Back Gate Road         |  94.8% | CRITICAL

⏱ 10:43:35 ────────────────────────────────────────
🟢 [MKCE_LID_01] Main Gate Road         |     0% | NORMAL
🔴 [MKCE_LID_02] Academic Block Road    |   100% | CRITICAL
🔴 [MKCE_LID_03] Central Avenue         |   100% | CRITICAL
🔴 [MKCE_LID_04] Library Road           |   100% | CRITICAL
🟢 [MKCE_LID_05] Workshop Road          |   6.7% | NORMAL
🔴 [MKCE_LID_06] Hostel Block Road      |   100% | CRITICAL
🟢 [MKCE_LID_07] Hostel Ring Road       |   1.6% | NORMAL
🟢 [MKCE_LID_08] Playground Perimeter Rd |     0% | NORMAL
🟢 [MKCE_LID_09] Canteen Road           |     0% | NORMAL
🔴 [MKCE_LID_10] Back Gate Road         |  97.0% | CRITICAL

⏱ 10:43:38 ────────────────────────────────────────
🟢 [MKCE_LID_01] Main Gate Road         |     0% | NORMAL
🔴 [MKCE_LID_02] Academic Block Road    |   100% | CRITICAL
🔴 [MKCE_LID_03] Central Avenue         |  99.8% | CRITICAL
🔴 [MKCE_LID_04] Library Road           |   100% | CRITICAL
🟢 [MKCE_LID_05] Workshop Road          |   7.9% | NORMAL
🔴 [MKCE_LID_06] Hostel Block Road      |   100% | CRITICAL
🟢 [MKCE_LID_07] Hostel Ring Road       |   2.8% | NORMAL
🟢 [MKCE_LID_08] Playground Perimeter Rd |     0% | NORMAL
🟢 [MKCE_LID_09] Canteen Road           |     0% | NORMAL
🔴 [MKCE_LID_10] Back Gate Road         |  98.5% | CRITICAL

⏱ 10:43:41 ────────────────────────────────────────
🟢 [MKCE_LID_01] Main Gate Road         |     0% | NORMAL
🔴 [MKCE_LID_02] Academic Block Road    |   100% | CRITICAL
🔴 [MKCE_LID_03] Central Avenue         |  99.5% | CRITICAL
🔴 [MKCE_LID_04] Library Road           |   100% | CRITICAL
🟢 [MKCE_LID_05] Workshop Road          |     0% | NORMAL
🔴 [MKCE_LID_06] Hostel Block Road      |   100% | CRITICAL
🟢 [MKCE_LID_07] Hostel Ring Road       |   3.7% | NORMAL
🟢 [MKCE_LID_08] Playground Perimeter Rd |    30% | NORMAL
🟢 [MKCE_LID_09] Canteen Road           |     0% | NORMAL
🔴 [MKCE_LID_10] Back Gate Road         |  99.6% | CRITICAL

⏱ 10:43:44 ────────────────────────────────────────
🟢 [MKCE_LID_01] Main Gate Road         |     0% | NORMAL
🔴 [MKCE_LID_02] Academic Block Road    |   100% | CRITICAL
🔴 [MKCE_LID_03] Central Avenue         |  98.2% | CRITICAL
🔴 [MKCE_LID_04] Library Road           |   100% | CRITICAL
🟢 [MKCE_LID_05] Workshop Road          |     0% | NORMAL
🔴 [MKCE_LID_06] Hostel Block Road      |   100% | CRITICAL
🟢 [MKCE_LID_07] Hostel Ring Road       |   4.3% | NORMAL
🟢 [MKCE_LID_08] Playground Perimeter Rd |  27.2% | NORMAL
🟢 [MKCE_LID_09] Canteen Road           |     0% | NORMAL
🔴 [MKCE_LID_10] Back Gate Road         |   100% | CRITICAL

⏱ 10:43:47 ────────────────────────────────────────
🟢 [MKCE_LID_01] Main Gate Road         |     0% | NORMAL
🔴 [MKCE_LID_02] Academic Block Road    |   100% | CRITICAL
🔴 [MKCE_LID_03] Central Avenue         |  97.6% | CRITICAL
🔴 [MKCE_LID_04] Library Road           |   100% | CRITICAL
🟢 [MKCE_LID_05] Workshop Road          |   0.6% | NORMAL
🔴 [MKCE_LID_06] Hostel Block Road      |   100% | CRITICAL
🟢 [MKCE_LID_07] Hostel Ring Road       |   5.2% | NORMAL
🟢 [MKCE_LID_08] Playground Perimeter Rd |  24.5% | NORMAL
🟢 [MKCE_LID_09] Canteen Road           |     0% | NORMAL
🔴 [MKCE_LID_10] Back Gate Road         |  99.9% | CRITICAL

⏱ 10:43:50 ────────────────────────────────────────
🟢 [MKCE_LID_01] Main Gate Road         |     0% | NORMAL
🔴 [MKCE_LID_02] Academic Block Road    |   100% | CRITICAL
🔴 [MKCE_LID_03] Central Avenue         |  96.6% | CRITICAL
🔴 [MKCE_LID_04] Library Road           |   100% | CRITICAL
🟢 [MKCE_LID_05] Workshop Road          |   2.1% | NORMAL
🔴 [MKCE_LID_06] Hostel Block Road      |   100% | CRITICAL
🟢 [MKCE_LID_07] Hostel Ring Road       |   5.8% | NORMAL
🟢 [MKCE_LID_08] Playground Perimeter Rd |  22.6% | NORMAL
🟢 [MKCE_LID_09] Canteen Road           |     0% | NORMAL
🔴 [MKCE_LID_10] Back Gate Road         |   100% | CRITICAL

⏱ 10:43:53 ────────────────────────────────────────
🟢 [MKCE_LID_01] Main Gate Road         |     0% | NORMAL
🔴 [MKCE_LID_02] Academic Block Road    |   100% | CRITICAL
🔴 [MKCE_LID_03] Central Avenue         |  95.2% | CRITICAL
🔴 [MKCE_LID_04] Library Road           |   100% | CRITICAL
🟢 [MKCE_LID_05] Workshop Road          |   4.6% | NORMAL
🔴 [MKCE_LID_06] Hostel Block Road      |   100% | CRITICAL
🟢 [MKCE_LID_07] Hostel Ring Road       |   5.3% | NORMAL
🟢 [MKCE_LID_08] Playground Perimeter Rd |  20.6% | NORMAL
🟢 [MKCE_LID_09] Canteen Road           |     0% | NORMAL
🔴 [MKCE_LID_10] Back Gate Road         |   100% | CRITICAL

⏱ 10:43:56 ────────────────────────────────────────
🟢 [MKCE_LID_01] Main Gate Road         |     0% | NORMAL
🔴 [MKCE_LID_02] Academic Block Road    |   100% | CRITICAL
🔴 [MKCE_LID_03] Central Avenue         |  93.6% | CRITICAL
🔴 [MKCE_LID_04] Library Road           |   100% | CRITICAL
🟢 [MKCE_LID_05] Workshop Road          |   7.4% | NORMAL
🔴 [MKCE_LID_06] Hostel Block Road      |   100% | CRITICAL
🟢 [MKCE_LID_07] Hostel Ring Road       |   5.8% | NORMAL
🟢 [MKCE_LID_08] Playground Perimeter Rd |  18.0% | NORMAL
🟢 [MKCE_LID_09] Canteen Road           |     0% | NORMAL
🔴 [MKCE_LID_10] Back Gate Road         |   100% | CRITICAL

⏱ 10:44:00 ────────────────────────────────────────
🟢 [MKCE_LID_01] Main Gate Road         |     0% | NORMAL
🔴 [MKCE_LID_02] Academic Block Road    |   100% | CRITICAL
🔴 [MKCE_LID_03] Central Avenue         |  92.3% | CRITICAL
🔴 [MKCE_LID_04] Library Road           |   100% | CRITICAL
🟢 [MKCE_LID_05] Workshop Road          |  10.7% | NORMAL
🔴 [MKCE_LID_06] Hostel Block Road      |   100% | CRITICAL
🟢 [MKCE_LID_07] Hostel Ring Road       |   6.2% | NORMAL
🟢 [MKCE_LID_08] Playground Perimeter Rd |  14.7% | NORMAL
🟢 [MKCE_LID_09] Canteen Road           |     0% | NORMAL
🔴 [MKCE_LID_10] Back Gate Road         |   100% | CRITICAL

⏱ 10:44:03 ────────────────────────────────────────
🟢 [MKCE_LID_01] Main Gate Road         |     0% | NORMAL
🔴 [MKCE_LID_02] Academic Block Road    |   100% | CRITICAL
🔴 [MKCE_LID_03] Central Avenue         |  91.3% | CRITICAL
🔴 [MKCE_LID_04] Library Road           |   100% | CRITICAL
🟢 [MKCE_LID_05] Workshop Road          |  13.8% | NORMAL
🔴 [MKCE_LID_06] Hostel Block Road      |   100% | CRITICAL
🟢 [MKCE_LID_07] Hostel Ring Road       |   6.4% | NORMAL
🟢 [MKCE_LID_08] Playground Perimeter Rd |  10.6% | NORMAL
🟢 [MKCE_LID_09] Canteen Road           |     0% | NORMAL
🔴 [MKCE_LID_10] Back Gate Road         |   100% | CRITICAL

⏱ 10:44:06 ────────────────────────────────────────
🟢 [MKCE_LID_01] Main Gate Road         |     0% | NORMAL
🔴 [MKCE_LID_02] Academic Block Road    |   100% | CRITICAL
🔴 [MKCE_LID_03] Central Avenue         |  90.0% | CRITICAL
🔴 [MKCE_LID_04] Library Road           |   100% | CRITICAL
🟢 [MKCE_LID_05] Workshop Road          |  16.9% | NORMAL
🔴 [MKCE_LID_06] Hostel Block Road      |   100% | CRITICAL
🟢 [MKCE_LID_07] Hostel Ring Road       |   7.0% | NORMAL
🟢 [MKCE_LID_08] Playground Perimeter Rd |   7.3% | NORMAL
🟢 [MKCE_LID_09] Canteen Road           |     0% | NORMAL
🔴 [MKCE_LID_10] Back Gate Road         |   100% | CRITICAL

⏱ 10:44:09 ────────────────────────────────────────
🟢 [MKCE_LID_01] Main Gate Road         |     0% | NORMAL
🔴 [MKCE_LID_02] Academic Block Road    |   100% | CRITICAL
🔴 [MKCE_LID_03] Central Avenue         |  87.9% | CRITICAL
🔴 [MKCE_LID_04] Library Road           |   100% | CRITICAL
🟢 [MKCE_LID_05] Workshop Road          |  19.4% | NORMAL
🔴 [MKCE_LID_06] Hostel Block Road      |   100% | CRITICAL
🟢 [MKCE_LID_07] Hostel Ring Road       |   7.5% | NORMAL
🟢 [MKCE_LID_08] Playground Perimeter Rd |   4.0% | NORMAL
🟢 [MKCE_LID_09] Canteen Road           |     0% | NORMAL
🔴 [MKCE_LID_10] Back Gate Road         |  99.2% | CRITICAL

⏱ 10:44:12 ────────────────────────────────────────
🟢 [MKCE_LID_01] Main Gate Road         |    30% | NORMAL
🔴 [MKCE_LID_02] Academic Block Road    |   100% | CRITICAL
🔴 [MKCE_LID_03] Central Avenue         |  85.1% | CRITICAL
🔴 [MKCE_LID_04] Library Road           |   100% | CRITICAL
🟢 [MKCE_LID_05] Workshop Road          |  22.7% | NORMAL
🔴 [MKCE_LID_06] Hostel Block Road      |   100% | CRITICAL
🟢 [MKCE_LID_07] Hostel Ring Road       |   9.0% | NORMAL
🟢 [MKCE_LID_08] Playground Perimeter Rd |     0% | NORMAL
🟢 [MKCE_LID_09] Canteen Road           |     0% | NORMAL
🔴 [MKCE_LID_10] Back Gate Road         |  97.4% | CRITICAL

⏱ 10:44:15 ────────────────────────────────────────
🟢 [MKCE_LID_01] Main Gate Road         |  27.8% | NORMAL
🔴 [MKCE_LID_02] Academic Block Road    |   100% | CRITICAL
🔴 [MKCE_LID_03] Central Avenue         |  83.0% | CRITICAL
🔴 [MKCE_LID_04] Library Road           |   100% | CRITICAL
🟢 [MKCE_LID_05] Workshop Road          |  25.2% | NORMAL
🔴 [MKCE_LID_06] Hostel Block Road      |   100% | CRITICAL
🟡 [MKCE_LID_07] Hostel Ring Road       |  40.1% | WARNING
🟢 [MKCE_LID_08] Playground Perimeter Rd |     0% | NORMAL
🟢 [MKCE_LID_09] Canteen Road           |     0% | NORMAL
🔴 [MKCE_LID_10] Back Gate Road         |  95.3% | CRITICAL

⏱ 10:44:18 ────────────────────────────────────────
🟢 [MKCE_LID_01] Main Gate Road         |  26.3% | NORMAL
🔴 [MKCE_LID_02] Academic Block Road    |   100% | CRITICAL
🔴 [MKCE_LID_03] Central Avenue         |  81.8% | CRITICAL
🔴 [MKCE_LID_04] Library Road           |   100% | CRITICAL
🟢 [MKCE_LID_05] Workshop Road          |  27.7% | NORMAL
🔴 [MKCE_LID_06] Hostel Block Road      |   100% | CRITICAL
🟡 [MKCE_LID_07] Hostel Ring Road       |  40.5% | WARNING
🟢 [MKCE_LID_08] Playground Perimeter Rd |     0% | NORMAL
🟢 [MKCE_LID_09] Canteen Road           |     0% | NORMAL
🔴 [MKCE_LID_10] Back Gate Road         |  92.4% | CRITICAL

⏱ 10:44:21 ────────────────────────────────────────
🟢 [MKCE_LID_01] Main Gate Road         |  25.1% | NORMAL
🔴 [MKCE_LID_02] Academic Block Road    |   100% | CRITICAL
🔴 [MKCE_LID_03] Central Avenue         |  80.2% | CRITICAL
🔴 [MKCE_LID_04] Library Road           |   100% | CRITICAL
🟢 [MKCE_LID_05] Workshop Road          |  31.1% | NORMAL
🔴 [MKCE_LID_06] Hostel Block Road      |   100% | CRITICAL
🟡 [MKCE_LID_07] Hostel Ring Road       |  40.0% | WARNING
🟢 [MKCE_LID_08] Playground Perimeter Rd |     0% | NORMAL
🟢 [MKCE_LID_09] Canteen Road           |     0% | NORMAL
🔴 [MKCE_LID_10] Back Gate Road         |  89.1% | CRITICAL

⏱ 10:44:24 ────────────────────────────────────────
🟢 [MKCE_LID_01] Main Gate Road         |  23.5% | NORMAL
🔴 [MKCE_LID_02] Academic Block Road    |   100% | CRITICAL
🔴 [MKCE_LID_03] Central Avenue         |  78.9% | CRITICAL
🔴 [MKCE_LID_04] Library Road           |   100% | CRITICAL
🟢 [MKCE_LID_05] Workshop Road          |  33.9% | NORMAL
🔴 [MKCE_LID_06] Hostel Block Road      |   100% | CRITICAL
🟢 [MKCE_LID_07] Hostel Ring Road       |  39.5% | NORMAL
🟢 [MKCE_LID_08] Playground Perimeter Rd |     0% | NORMAL
🟢 [MKCE_LID_09] Canteen Road           |     0% | NORMAL
🔴 [MKCE_LID_10] Back Gate Road         |  86.4% | CRITICAL

⏱ 10:44:27 ────────────────────────────────────────
🟢 [MKCE_LID_01] Main Gate Road         |  22.9% | NORMAL
🔴 [MKCE_LID_02] Academic Block Road    |   100% | CRITICAL
🔴 [MKCE_LID_03] Central Avenue         |  77.9% | CRITICAL
🔴 [MKCE_LID_04] Library Road           |   100% | CRITICAL
🟢 [MKCE_LID_05] Workshop Road          |  37.3% | NORMAL
🔴 [MKCE_LID_06] Hostel Block Road      |   100% | CRITICAL
🟢 [MKCE_LID_07] Hostel Ring Road       |  39.4% | NORMAL
🟢 [MKCE_LID_08] Playground Perimeter Rd |     0% | NORMAL
🟢 [MKCE_LID_09] Canteen Road           |     0% | NORMAL
🔴 [MKCE_LID_10] Back Gate Road         |  84.0% | CRITICAL

⏱ 10:44:30 ────────────────────────────────────────
🟢 [MKCE_LID_01] Main Gate Road         |  22.6% | NORMAL
🔴 [MKCE_LID_02] Academic Block Road    |   100% | CRITICAL
🔴 [MKCE_LID_03] Central Avenue         |  76.4% | CRITICAL
🔴 [MKCE_LID_04] Library Road           |   100% | CRITICAL
🟡 [MKCE_LID_05] Workshop Road          |  41.5% | WARNING
🟡 [MKCE_LID_06] Hostel Block Road      |    70% | WARNING
🟢 [MKCE_LID_07] Hostel Ring Road       |  39.8% | NORMAL
🟢 [MKCE_LID_08] Playground Perimeter Rd |     0% | NORMAL
🟢 [MKCE_LID_09] Canteen Road           |     0% | NORMAL
🔴 [MKCE_LID_10] Back Gate Road         |  82.2% | CRITICAL

⏱ 10:44:33 ────────────────────────────────────────
🟢 [MKCE_LID_01] Main Gate Road         |  22.0% | NORMAL
🔴 [MKCE_LID_02] Academic Block Road    |   100% | CRITICAL
🔴 [MKCE_LID_03] Central Avenue         |  74.3% | CRITICAL
🔴 [MKCE_LID_04] Library Road           |   100% | CRITICAL
🟡 [MKCE_LID_05] Workshop Road          |  45.2% | WARNING
🔴 [MKCE_LID_06] Hostel Block Road      |  72.8% | CRITICAL
🟢 [MKCE_LID_07] Hostel Ring Road       |  10.5% | NORMAL
🟢 [MKCE_LID_08] Playground Perimeter Rd |     0% | NORMAL
🟢 [MKCE_LID_09] Canteen Road           |     0% | NORMAL
🔴 [MKCE_LID_10] Back Gate Road         |  79.7% | CRITICAL

⏱ 10:44:36 ────────────────────────────────────────
🟢 [MKCE_LID_01] Main Gate Road         |  21.3% | NORMAL
🔴 [MKCE_LID_02] Academic Block Road    |   100% | CRITICAL
🔴 [MKCE_LID_03] Central Avenue         |  71.8% | CRITICAL
🔴 [MKCE_LID_04] Library Road           |   100% | CRITICAL
🟡 [MKCE_LID_05] Workshop Road          |  49.1% | WARNING
🔴 [MKCE_LID_06] Hostel Block Road      |  75.4% | CRITICAL
🟢 [MKCE_LID_07] Hostel Ring Road       |  11.5% | NORMAL
🟢 [MKCE_LID_08] Playground Perimeter Rd |     0% | NORMAL
🟢 [MKCE_LID_09] Canteen Road           |     0% | NORMAL
🔴 [MKCE_LID_10] Back Gate Road         |  76.7% | CRITICAL

⏱ 10:44:39 ────────────────────────────────────────
🟢 [MKCE_LID_01] Main Gate Road         |  21.6% | NORMAL
🔴 [MKCE_LID_02] Academic Block Road    |   100% | CRITICAL
🟡 [MKCE_LID_03] Central Avenue         |  68.9% | WARNING
🔴 [MKCE_LID_04] Library Road           |   100% | CRITICAL
🟡 [MKCE_LID_05] Workshop Road          |  53.2% | WARNING
🔴 [MKCE_LID_06] Hostel Block Road      |  78.8% | CRITICAL
🟢 [MKCE_LID_07] Hostel Ring Road       |  12.6% | NORMAL
🟢 [MKCE_LID_08] Playground Perimeter Rd |     0% | NORMAL
🟢 [MKCE_LID_09] Canteen Road           |     0% | NORMAL
🔴 [MKCE_LID_10] Back Gate Road         |  73.4% | CRITICAL

⏱ 10:44:42 ────────────────────────────────────────
🟢 [MKCE_LID_01] Main Gate Road         |  22.5% | NORMAL
🔴 [MKCE_LID_02] Academic Block Road    |   100% | CRITICAL
🟡 [MKCE_LID_03] Central Avenue         |  66.7% | WARNING
🔴 [MKCE_LID_04] Library Road           |   100% | CRITICAL
🟡 [MKCE_LID_05] Workshop Road          |  57.8% | WARNING
🔴 [MKCE_LID_06] Hostel Block Road      |  81.5% | CRITICAL
🟢 [MKCE_LID_07] Hostel Ring Road       |  14.2% | NORMAL
🟢 [MKCE_LID_08] Playground Perimeter Rd |     0% | NORMAL
🟢 [MKCE_LID_09] Canteen Road           |     0% | NORMAL
🟡 [MKCE_LID_10] Back Gate Road         |  70.0% | WARNING

⏱ 10:44:45 ────────────────────────────────────────
🟢 [MKCE_LID_01] Main Gate Road         |  23.5% | NORMAL
🔴 [MKCE_LID_02] Academic Block Road    |   100% | CRITICAL
🟢 [MKCE_LID_03] Central Avenue         |  34.3% | NORMAL
🔴 [MKCE_LID_04] Library Road           |   100% | CRITICAL
🟡 [MKCE_LID_05] Workshop Road          |  62.8% | WARNING
🔴 [MKCE_LID_06] Hostel Block Road      |  83.4% | CRITICAL
🟢 [MKCE_LID_07] Hostel Ring Road       |  16.2% | NORMAL
🟢 [MKCE_LID_08] Playground Perimeter Rd |     0% | NORMAL
🟢 [MKCE_LID_09] Canteen Road           |     0% | NORMAL
🟡 [MKCE_LID_10] Back Gate Road         |  66.9% | WARNING

⏱ 10:44:48 ────────────────────────────────────────
🟢 [MKCE_LID_01] Main Gate Road         |  25.3% | NORMAL
🔴 [MKCE_LID_02] Academic Block Road    |   100% | CRITICAL
🟢 [MKCE_LID_03] Central Avenue         |  32.6% | NORMAL
🔴 [MKCE_LID_04] Library Road           |   100% | CRITICAL
🟡 [MKCE_LID_05] Workshop Road          |  67.0% | WARNING
🔴 [MKCE_LID_06] Hostel Block Road      |  85.9% | CRITICAL
🟢 [MKCE_LID_07] Hostel Ring Road       |  17.6% | NORMAL
🟢 [MKCE_LID_08] Playground Perimeter Rd |     0% | NORMAL
🟢 [MKCE_LID_09] Canteen Road           |     0% | NORMAL
🟡 [MKCE_LID_10] Back Gate Road         |  64.2% | WARNING

⏱ 10:44:51 ────────────────────────────────────────
🟢 [MKCE_LID_01] Main Gate Road         |  27.4% | NORMAL
🔴 [MKCE_LID_02] Academic Block Road    |   100% | CRITICAL
🟢 [MKCE_LID_03] Central Avenue         |  30.5% | NORMAL
🔴 [MKCE_LID_04] Library Road           |   100% | CRITICAL
🔴 [MKCE_LID_05] Workshop Road          |  72.0% | CRITICAL
🔴 [MKCE_LID_06] Hostel Block Road      |  88.9% | CRITICAL
🟡 [MKCE_LID_07] Hostel Ring Road       |  49.7% | WARNING
🟢 [MKCE_LID_08] Playground Perimeter Rd |    30% | NORMAL
🟢 [MKCE_LID_09] Canteen Road           |     0% | NORMAL
🟡 [MKCE_LID_10] Back Gate Road         |  61.4% | WARNING

⏱ 10:44:54 ────────────────────────────────────────
🟢 [MKCE_LID_01] Main Gate Road         |  28.6% | NORMAL
🔴 [MKCE_LID_02] Academic Block Road    |   100% | CRITICAL
🟡 [MKCE_LID_03] Central Avenue         |  57.5% | WARNING
🔴 [MKCE_LID_04] Library Road           |   100% | CRITICAL
🔴 [MKCE_LID_05] Workshop Road          |  76.6% | CRITICAL
🔴 [MKCE_LID_06] Hostel Block Road      |  92.4% | CRITICAL
🟡 [MKCE_LID_07] Hostel Ring Road       |  52.1% | WARNING
🟢 [MKCE_LID_08] Playground Perimeter Rd |  26.6% | NORMAL
🟢 [MKCE_LID_09] Canteen Road           |     0% | NORMAL
🟡 [MKCE_LID_10] Back Gate Road         |  59.6% | WARNING

⏱ 10:44:58 ────────────────────────────────────────
🟢 [MKCE_LID_01] Main Gate Road         |  29.5% | NORMAL
🔴 [MKCE_LID_02] Academic Block Road    |   100% | CRITICAL
🟡 [MKCE_LID_03] Central Avenue         |  54.5% | WARNING
🔴 [MKCE_LID_04] Library Road           |   100% | CRITICAL
🔴 [MKCE_LID_05] Workshop Road          |  80.5% | CRITICAL
🔴 [MKCE_LID_06] Hostel Block Road      |  96.3% | CRITICAL
🟡 [MKCE_LID_07] Hostel Ring Road       |  55.2% | WARNING
🟢 [MKCE_LID_08] Playground Perimeter Rd |  22.8% | NORMAL
🟢 [MKCE_LID_09] Canteen Road           |     0% | NORMAL
🟡 [MKCE_LID_10] Back Gate Road         |  57.3% | WARNING

⏱ 10:45:01 ────────────────────────────────────────
🟢 [MKCE_LID_01] Main Gate Road         |  29.6% | NORMAL
🔴 [MKCE_LID_02] Academic Block Road    |   100% | CRITICAL
🟡 [MKCE_LID_03] Central Avenue         |  52.2% | WARNING
🔴 [MKCE_LID_04] Library Road           |   100% | CRITICAL
🔴 [MKCE_LID_05] Workshop Road          |  83.8% | CRITICAL
🔴 [MKCE_LID_06] Hostel Block Road      |   100% | CRITICAL
🟡 [MKCE_LID_07] Hostel Ring Road       |  57.3% | WARNING
🟢 [MKCE_LID_08] Playground Perimeter Rd |  18.7% | NORMAL
🟢 [MKCE_LID_09] Canteen Road           |     0% | NORMAL
🟡 [MKCE_LID_10] Back Gate Road         |  54.6% | WARNING

⏱ 10:45:04 ────────────────────────────────────────
🟢 [MKCE_LID_01] Main Gate Road         |  30.0% | NORMAL
🔴 [MKCE_LID_02] Academic Block Road    |   100% | CRITICAL
🟡 [MKCE_LID_03] Central Avenue         |  50.4% | WARNING
🔴 [MKCE_LID_04] Library Road           |   100% | CRITICAL
🔴 [MKCE_LID_05] Workshop Road          |  86.4% | CRITICAL
🔴 [MKCE_LID_06] Hostel Block Road      |   100% | CRITICAL
🟡 [MKCE_LID_07] Hostel Ring Road       |  60.3% | WARNING
🟢 [MKCE_LID_08] Playground Perimeter Rd |  15.4% | NORMAL
🟢 [MKCE_LID_09] Canteen Road           |     0% | NORMAL
🟡 [MKCE_LID_10] Back Gate Road         |  52.5% | WARNING

⏱ 10:45:07 ────────────────────────────────────────
🟢 [MKCE_LID_01] Main Gate Road         |  29.8% | NORMAL
🔴 [MKCE_LID_02] Academic Block Road    |   100% | CRITICAL
🟡 [MKCE_LID_03] Central Avenue         |  48.1% | WARNING
🔴 [MKCE_LID_04] Library Road           |   100% | CRITICAL
🔴 [MKCE_LID_05] Workshop Road          |  90.0% | CRITICAL
🔴 [MKCE_LID_06] Hostel Block Road      |   100% | CRITICAL
🟡 [MKCE_LID_07] Hostel Ring Road       |  63.9% | WARNING
🟢 [MKCE_LID_08] Playground Perimeter Rd |  12.3% | NORMAL
🟢 [MKCE_LID_09] Canteen Road           |     0% | NORMAL
🟡 [MKCE_LID_10] Back Gate Road         |  50.7% | WARNING

⏱ 10:45:10 ────────────────────────────────────────
🟢 [MKCE_LID_01] Main Gate Road         |  29.3% | NORMAL
🔴 [MKCE_LID_02] Academic Block Road    |   100% | CRITICAL
🟡 [MKCE_LID_03] Central Avenue         |  45.6% | WARNING
🔴 [MKCE_LID_04] Library Road           |   100% | CRITICAL
🔴 [MKCE_LID_05] Workshop Road          |  93.1% | CRITICAL
🔴 [MKCE_LID_06] Hostel Block Road      |   100% | CRITICAL
🟡 [MKCE_LID_07] Hostel Ring Road       |  67.6% | WARNING
🟢 [MKCE_LID_08] Playground Perimeter Rd |   9.2% | NORMAL
🟢 [MKCE_LID_09] Canteen Road           |     0% | NORMAL
🟡 [MKCE_LID_10] Back Gate Road         |  49.6% | WARNING

⏱ 10:45:13 ────────────────────────────────────────
🟢 [MKCE_LID_01] Main Gate Road         |  28.8% | NORMAL
🔴 [MKCE_LID_02] Academic Block Road    |  99.3% | CRITICAL
🟡 [MKCE_LID_03] Central Avenue         |  42.7% | WARNING
🔴 [MKCE_LID_04] Library Road           |   100% | CRITICAL
🔴 [MKCE_LID_05] Workshop Road          |  95.2% | CRITICAL
🔴 [MKCE_LID_06] Hostel Block Road      |   100% | CRITICAL
🟡 [MKCE_LID_07] Hostel Ring Road       |  41.7% | WARNING
🟢 [MKCE_LID_08] Playground Perimeter Rd |   6.8% | NORMAL
🟢 [MKCE_LID_09] Canteen Road           |     0% | NORMAL
🟡 [MKCE_LID_10] Back Gate Road         |  48.1% | WARNING

⏱ 10:45:16 ────────────────────────────────────────
🟢 [MKCE_LID_01] Main Gate Road         |  27.4% | NORMAL
🔴 [MKCE_LID_02] Academic Block Road    |  98.6% | CRITICAL
🟡 [MKCE_LID_03] Central Avenue         |  40.0% | WARNING
🔴 [MKCE_LID_04] Library Road           |   100% | CRITICAL
🔴 [MKCE_LID_05] Workshop Road          |  98.3% | CRITICAL
🔴 [MKCE_LID_06] Hostel Block Road      |   100% | CRITICAL
🟡 [MKCE_LID_07] Hostel Ring Road       |  46.5% | WARNING
🟢 [MKCE_LID_08] Playground Perimeter Rd |   4.1% | NORMAL
🟢 [MKCE_LID_09] Canteen Road           |    30% | NORMAL
🟡 [MKCE_LID_10] Back Gate Road         |  45.7% | WARNING

⏱ 10:45:19 ────────────────────────────────────────
🟢 [MKCE_LID_01] Main Gate Road         |  25.5% | NORMAL
🔴 [MKCE_LID_02] Academic Block Road    |  98.7% | CRITICAL
🟢 [MKCE_LID_03] Central Avenue         |  36.5% | NORMAL
🔴 [MKCE_LID_04] Library Road           |   100% | CRITICAL
🔴 [MKCE_LID_05] Workshop Road          |   100% | CRITICAL
🔴 [MKCE_LID_06] Hostel Block Road      |   100% | CRITICAL
🟡 [MKCE_LID_07] Hostel Ring Road       |  50.9% | WARNING
🟢 [MKCE_LID_08] Playground Perimeter Rd |   1.2% | NORMAL
🟢 [MKCE_LID_09] Canteen Road           |  27.6% | NORMAL
🟡 [MKCE_LID_10] Back Gate Road         |  43.3% | WARNING

⏱ 10:45:22 ────────────────────────────────────────
🟢 [MKCE_LID_01] Main Gate Road         |  24.5% | NORMAL
🔴 [MKCE_LID_02] Academic Block Road    |  98.6% | CRITICAL
🟢 [MKCE_LID_03] Central Avenue         |  33.2% | NORMAL
🔴 [MKCE_LID_04] Library Road           |   100% | CRITICAL
🔴 [MKCE_LID_05] Workshop Road          |   100% | CRITICAL
🔴 [MKCE_LID_06] Hostel Block Road      |   100% | CRITICAL
🟡 [MKCE_LID_07] Hostel Ring Road       |  55.8% | WARNING
🟢 [MKCE_LID_08] Playground Perimeter Rd |     0% | NORMAL
🟢 [MKCE_LID_09] Canteen Road           |  25.4% | NORMAL
🟡 [MKCE_LID_10] Back Gate Road         |  41.1% | WARNING

⏱ 10:45:25 ────────────────────────────────────────
🟢 [MKCE_LID_01] Main Gate Road         |  23.1% | NORMAL
🔴 [MKCE_LID_02] Academic Block Road    |  98.3% | CRITICAL
🟢 [MKCE_LID_03] Central Avenue         |  30.2% | NORMAL
🔴 [MKCE_LID_04] Library Road           |   100% | CRITICAL
🔴 [MKCE_LID_05] Workshop Road          |   100% | CRITICAL
🔴 [MKCE_LID_06] Hostel Block Road      |   100% | CRITICAL
🟡 [MKCE_LID_07] Hostel Ring Road       |  60.8% | WARNING
🟢 [MKCE_LID_08] Playground Perimeter Rd |     0% | NORMAL
🟢 [MKCE_LID_09] Canteen Road           |  22.8% | NORMAL
🟢 [MKCE_LID_10] Back Gate Road         |  38.5% | NORMAL

⏱ 10:45:28 ────────────────────────────────────────
🟢 [MKCE_LID_01] Main Gate Road         |  21.5% | NORMAL
🔴 [MKCE_LID_02] Academic Block Road    |  98.3% | CRITICAL
🟢 [MKCE_LID_03] Central Avenue         |  27.8% | NORMAL
🔴 [MKCE_LID_04] Library Road           |   100% | CRITICAL
🔴 [MKCE_LID_05] Workshop Road          |   100% | CRITICAL
🔴 [MKCE_LID_06] Hostel Block Road      |   100% | CRITICAL
🟡 [MKCE_LID_07] Hostel Ring Road       |  65.8% | WARNING
🟢 [MKCE_LID_08] Playground Perimeter Rd |     0% | NORMAL
🟢 [MKCE_LID_09] Canteen Road           |  20.2% | NORMAL
🟢 [MKCE_LID_10] Back Gate Road         |  36.3% | NORMAL

⏱ 10:45:31 ────────────────────────────────────────
🟢 [MKCE_LID_01] Main Gate Road         |  20.7% | NORMAL
🔴 [MKCE_LID_02] Academic Block Road    |  97.9% | CRITICAL
🟢 [MKCE_LID_03] Central Avenue         |  26.4% | NORMAL
🔴 [MKCE_LID_04] Library Road           |   100% | CRITICAL
🔴 [MKCE_LID_05] Workshop Road          |   100% | CRITICAL
🔴 [MKCE_LID_06] Hostel Block Road      |   100% | CRITICAL
🔴 [MKCE_LID_07] Hostel Ring Road       |  70.5% | CRITICAL
🟢 [MKCE_LID_08] Playground Perimeter Rd |     0% | NORMAL
🟢 [MKCE_LID_09] Canteen Road           |  17.0% | NORMAL
🟢 [MKCE_LID_10] Back Gate Road         |  33.4% | NORMAL

⏱ 10:45:34 ────────────────────────────────────────
🟢 [MKCE_LID_01] Main Gate Road         |  20.8% | NORMAL
🔴 [MKCE_LID_02] Academic Block Road    |  97.1% | CRITICAL
🟢 [MKCE_LID_03] Central Avenue         |  24.6% | NORMAL
🔴 [MKCE_LID_04] Library Road           |   100% | CRITICAL
🔴 [MKCE_LID_05] Workshop Road          |   100% | CRITICAL
🔴 [MKCE_LID_06] Hostel Block Road      |   100% | CRITICAL
🔴 [MKCE_LID_07] Hostel Ring Road       |  75.5% | CRITICAL
🟢 [MKCE_LID_08] Playground Perimeter Rd |     0% | NORMAL
🟢 [MKCE_LID_09] Canteen Road           |  14.5% | NORMAL
🟢 [MKCE_LID_10] Back Gate Road         |  30.2% | NORMAL

⏱ 10:45:37 ────────────────────────────────────────
🟡 [MKCE_LID_01] Main Gate Road         |  50.8% | WARNING
🔴 [MKCE_LID_02] Academic Block Road    |  95.6% | CRITICAL
🟢 [MKCE_LID_03] Central Avenue         |  22.8% | NORMAL
🔴 [MKCE_LID_04] Library Road           |   100% | CRITICAL
🔴 [MKCE_LID_05] Workshop Road          |   100% | CRITICAL
🔴 [MKCE_LID_06] Hostel Block Road      |   100% | CRITICAL
🔴 [MKCE_LID_07] Hostel Ring Road       |  80.5% | CRITICAL
🟢 [MKCE_LID_08] Playground Perimeter Rd |     0% | NORMAL
🟢 [MKCE_LID_09] Canteen Road           |  11.6% | NORMAL
🟢 [MKCE_LID_10] Back Gate Road         |  27.2% | NORMAL

⏱ 10:45:40 ────────────────────────────────────────
🟡 [MKCE_LID_01] Main Gate Road         |  51.0% | WARNING
🔴 [MKCE_LID_02] Academic Block Road    |  93.4% | CRITICAL
🟢 [MKCE_LID_03] Central Avenue         |  20.9% | NORMAL
🔴 [MKCE_LID_04] Library Road           |   100% | CRITICAL
🔴 [MKCE_LID_05] Workshop Road          |   100% | CRITICAL
🔴 [MKCE_LID_06] Hostel Block Road      |   100% | CRITICAL
🔴 [MKCE_LID_07] Hostel Ring Road       |  85.2% | CRITICAL
🟢 [MKCE_LID_08] Playground Perimeter Rd |     0% | NORMAL
🟢 [MKCE_LID_09] Canteen Road           |   9.1% | NORMAL
🟢 [MKCE_LID_10] Back Gate Road         |  23.6% | NORMAL

⏱ 10:45:43 ────────────────────────────────────────
🟡 [MKCE_LID_01] Main Gate Road         |  50.8% | WARNING
🔴 [MKCE_LID_02] Academic Block Road    |  91.2% | CRITICAL
🟢 [MKCE_LID_03] Central Avenue         |  19.1% | NORMAL
🔴 [MKCE_LID_04] Library Road           |   100% | CRITICAL
🔴 [MKCE_LID_05] Workshop Road          |   100% | CRITICAL
🔴 [MKCE_LID_06] Hostel Block Road      |   100% | CRITICAL
🔴 [MKCE_LID_07] Hostel Ring Road       |  89.5% | CRITICAL
🟢 [MKCE_LID_08] Playground Perimeter Rd |     0% | NORMAL
🟢 [MKCE_LID_09] Canteen Road           |   5.6% | NORMAL
🟢 [MKCE_LID_10] Back Gate Road         |  20.3% | NORMAL

⏱ 10:45:46 ────────────────────────────────────────
🟡 [MKCE_LID_01] Main Gate Road         |  50.4% | WARNING
🔴 [MKCE_LID_02] Academic Block Road    |  89.7% | CRITICAL
🟢 [MKCE_LID_03] Central Avenue         |  16.5% | NORMAL
🔴 [MKCE_LID_04] Library Road           |   100% | CRITICAL
🔴 [MKCE_LID_05] Workshop Road          |   100% | CRITICAL
🔴 [MKCE_LID_06] Hostel Block Road      |   100% | CRITICAL
🔴 [MKCE_LID_07] Hostel Ring Road       |  93.1% | CRITICAL
🟢 [MKCE_LID_08] Playground Perimeter Rd |     0% | NORMAL
🟢 [MKCE_LID_09] Canteen Road           |   2.5% | NORMAL
🟡 [MKCE_LID_10] Back Gate Road         |  47.9% | WARNING

⏱ 10:45:49 ────────────────────────────────────────
🟡 [MKCE_LID_01] Main Gate Road         |  50.7% | WARNING
🔴 [MKCE_LID_02] Academic Block Road    |  87.8% | CRITICAL
🟢 [MKCE_LID_03] Central Avenue         |  13.1% | NORMAL
🔴 [MKCE_LID_04] Library Road           |   100% | CRITICAL
🔴 [MKCE_LID_05] Workshop Road          |   100% | CRITICAL
🔴 [MKCE_LID_06] Hostel Block Road      |   100% | CRITICAL
🔴 [MKCE_LID_07] Hostel Ring Road       |  97.6% | CRITICAL
🟢 [MKCE_LID_08] Playground Perimeter Rd |     0% | NORMAL
🟢 [MKCE_LID_09] Canteen Road           |     0% | NORMAL
🟡 [MKCE_LID_10] Back Gate Road         |  45.3% | WARNING

⏱ 10:45:53 ────────────────────────────────────────
🟡 [MKCE_LID_01] Main Gate Road         |  50.4% | WARNING
🔴 [MKCE_LID_02] Academic Block Road    |  86.0% | CRITICAL
🟢 [MKCE_LID_03] Central Avenue         |  10.3% | NORMAL
🔴 [MKCE_LID_04] Library Road           |   100% | CRITICAL
🔴 [MKCE_LID_05] Workshop Road          |   100% | CRITICAL
🔴 [MKCE_LID_06] Hostel Block Road      |   100% | CRITICAL
🔴 [MKCE_LID_07] Hostel Ring Road       |   100% | CRITICAL
🟢 [MKCE_LID_08] Playground Perimeter Rd |     0% | NORMAL
🟢 [MKCE_LID_09] Canteen Road           |     0% | NORMAL
🟡 [MKCE_LID_10] Back Gate Road         |  43.4% | WARNING

⏱ 10:45:56 ────────────────────────────────────────
🟡 [MKCE_LID_01] Main Gate Road         |  51.0% | WARNING
🔴 [MKCE_LID_02] Academic Block Road    |  83.6% | CRITICAL
🟢 [MKCE_LID_03] Central Avenue         |   7.0% | NORMAL
🔴 [MKCE_LID_04] Library Road           |   100% | CRITICAL
🔴 [MKCE_LID_05] Workshop Road          |   100% | CRITICAL
🔴 [MKCE_LID_06] Hostel Block Road      |   100% | CRITICAL
🔴 [MKCE_LID_07] Hostel Ring Road       |   100% | CRITICAL
🟢 [MKCE_LID_08] Playground Perimeter Rd |     0% | NORMAL
🟢 [MKCE_LID_09] Canteen Road           |     0% | NORMAL
🟡 [MKCE_LID_10] Back Gate Road         |  41.1% | WARNING

⏱ 10:45:59 ────────────────────────────────────────
🟡 [MKCE_LID_01] Main Gate Road         |  52.0% | WARNING
🔴 [MKCE_LID_02] Academic Block Road    |  81.8% | CRITICAL
🟢 [MKCE_LID_03] Central Avenue         |   3.2% | NORMAL
🔴 [MKCE_LID_04] Library Road           |  99.8% | CRITICAL
🔴 [MKCE_LID_05] Workshop Road          |   100% | CRITICAL
🔴 [MKCE_LID_06] Hostel Block Road      |   100% | CRITICAL
🔴 [MKCE_LID_07] Hostel Ring Road       |   100% | CRITICAL
🟢 [MKCE_LID_08] Playground Perimeter Rd |     0% | NORMAL
🟢 [MKCE_LID_09] Canteen Road           |     0% | NORMAL
🟢 [MKCE_LID_10] Back Gate Road         |  37.9% | NORMAL

⏱ 10:46:02 ────────────────────────────────────────
🟡 [MKCE_LID_01] Main Gate Road         |  52.9% | WARNING
🔴 [MKCE_LID_02] Academic Block Road    |  80.3% | CRITICAL
🟢 [MKCE_LID_03] Central Avenue         |   0.1% | NORMAL
🔴 [MKCE_LID_04] Library Road           |  98.7% | CRITICAL
🔴 [MKCE_LID_05] Workshop Road          |   100% | CRITICAL
🔴 [MKCE_LID_06] Hostel Block Road      |   100% | CRITICAL
🟡 [MKCE_LID_07] Hostel Ring Road       |    70% | WARNING
🟢 [MKCE_LID_08] Playground Perimeter Rd |     0% | NORMAL
🟢 [MKCE_LID_09] Canteen Road           |     0% | NORMAL
🟢 [MKCE_LID_10] Back Gate Road         |  34.0% | NORMAL

⏱ 10:46:05 ────────────────────────────────────────
🟢 [MKCE_LID_01] Main Gate Road         |  23.8% | NORMAL
🔴 [MKCE_LID_02] Academic Block Road    |  78.5% | CRITICAL
🟢 [MKCE_LID_03] Central Avenue         |     0% | NORMAL
🔴 [MKCE_LID_04] Library Road           |  97.2% | CRITICAL
🔴 [MKCE_LID_05] Workshop Road          |   100% | CRITICAL
🔴 [MKCE_LID_06] Hostel Block Road      |   100% | CRITICAL
🔴 [MKCE_LID_07] Hostel Ring Road       |  74.2% | CRITICAL
🟢 [MKCE_LID_08] Playground Perimeter Rd |     0% | NORMAL
🟢 [MKCE_LID_09] Canteen Road           |     0% | NORMAL
🟡 [MKCE_LID_10] Back Gate Road         |  59.1% | WARNING

⏱ 10:46:08 ────────────────────────────────────────
🟢 [MKCE_LID_01] Main Gate Road         |  25.2% | NORMAL
🔴 [MKCE_LID_02] Academic Block Road    |  77.4% | CRITICAL
🟢 [MKCE_LID_03] Central Avenue         |     0% | NORMAL
🔴 [MKCE_LID_04] Library Road           |  95.6% | CRITICAL
🔴 [MKCE_LID_05] Workshop Road          |   100% | CRITICAL
🔴 [MKCE_LID_06] Hostel Block Road      |   100% | CRITICAL
🔴 [MKCE_LID_07] Hostel Ring Road       |  79.2% | CRITICAL
🟢 [MKCE_LID_08] Playground Perimeter Rd |     0% | NORMAL
🟢 [MKCE_LID_09] Canteen Road           |     0% | NORMAL
🟡 [MKCE_LID_10] Back Gate Road         |  54.1% | WARNING

⏱ 10:46:11 ────────────────────────────────────────
🟢 [MKCE_LID_01] Main Gate Road         |  26.4% | NORMAL
🔴 [MKCE_LID_02] Academic Block Road    |  76.9% | CRITICAL
🟢 [MKCE_LID_03] Central Avenue         |     0% | NORMAL
🔴 [MKCE_LID_04] Library Road           |  93.9% | CRITICAL
🔴 [MKCE_LID_05] Workshop Road          |   100% | CRITICAL
🟡 [MKCE_LID_06] Hostel Block Road      |    70% | WARNING
🔴 [MKCE_LID_07] Hostel Ring Road       |  83.7% | CRITICAL
🟢 [MKCE_LID_08] Playground Perimeter Rd |     0% | NORMAL
🟢 [MKCE_LID_09] Canteen Road           |     0% | NORMAL
🟡 [MKCE_LID_10] Back Gate Road         |  50.1% | WARNING

⏱ 10:46:14 ────────────────────────────────────────
🟢 [MKCE_LID_01] Main Gate Road         |  28.4% | NORMAL
🔴 [MKCE_LID_02] Academic Block Road    |  76.8% | CRITICAL
🟢 [MKCE_LID_03] Central Avenue         |     0% | NORMAL
🔴 [MKCE_LID_04] Library Road           |  93.1% | CRITICAL
🔴 [MKCE_LID_05] Workshop Road          |   100% | CRITICAL
🔴 [MKCE_LID_06] Hostel Block Road      |  72.1% | CRITICAL
🔴 [MKCE_LID_07] Hostel Ring Road       |  88.4% | CRITICAL
🟢 [MKCE_LID_08] Playground Perimeter Rd |     0% | NORMAL
🟢 [MKCE_LID_09] Canteen Road           |     0% | NORMAL
🟡 [MKCE_LID_10] Back Gate Road         |  45.5% | WARNING

⏱ 10:46:17 ────────────────────────────────────────
🟢 [MKCE_LID_01] Main Gate Road         |  30.5% | NORMAL
🔴 [MKCE_LID_02] Academic Block Road    |  77.6% | CRITICAL
🟢 [MKCE_LID_03] Central Avenue         |     0% | NORMAL
🔴 [MKCE_LID_04] Library Road           |  91.4% | CRITICAL
🔴 [MKCE_LID_05] Workshop Road          |   100% | CRITICAL
🟡 [MKCE_LID_06] Hostel Block Road      |  44.8% | WARNING
🔴 [MKCE_LID_07] Hostel Ring Road       |  93.4% | CRITICAL
🟢 [MKCE_LID_08] Playground Perimeter Rd |     0% | NORMAL
🟢 [MKCE_LID_09] Canteen Road           |     0% | NORMAL
🟡 [MKCE_LID_10] Back Gate Road         |  41.6% | WARNING

⏱ 10:46:20 ────────────────────────────────────────
🟢 [MKCE_LID_01] Main Gate Road         |  33.3% | NORMAL
🔴 [MKCE_LID_02] Academic Block Road    |  78.6% | CRITICAL
🟢 [MKCE_LID_03] Central Avenue         |     0% | NORMAL
🔴 [MKCE_LID_04] Library Road           |   100% | CRITICAL
🔴 [MKCE_LID_05] Workshop Road          |   100% | CRITICAL
🟡 [MKCE_LID_06] Hostel Block Road      |  48.4% | WARNING
🔴 [MKCE_LID_07] Hostel Ring Road       |  97.5% | CRITICAL
🟢 [MKCE_LID_08] Playground Perimeter Rd |     0% | NORMAL
🟢 [MKCE_LID_09] Canteen Road           |     0% | NORMAL
🟢 [MKCE_LID_10] Back Gate Road         |  37.9% | NORMAL

⏱ 10:46:23 ────────────────────────────────────────
🟢 [MKCE_LID_01] Main Gate Road         |  35.9% | NORMAL
🔴 [MKCE_LID_02] Academic Block Road    |  80.5% | CRITICAL
🟢 [MKCE_LID_03] Central Avenue         |     0% | NORMAL
🟡 [MKCE_LID_04] Library Road           |  67.1% | WARNING
🔴 [MKCE_LID_05] Workshop Road          |   100% | CRITICAL
🟡 [MKCE_LID_06] Hostel Block Road      |  51.9% | WARNING
🔴 [MKCE_LID_07] Hostel Ring Road       |   100% | CRITICAL
🟢 [MKCE_LID_08] Playground Perimeter Rd |     0% | NORMAL
🟢 [MKCE_LID_09] Canteen Road           |     0% | NORMAL
🟢 [MKCE_LID_10] Back Gate Road         |  33.4% | NORMAL

⏱ 10:46:26 ────────────────────────────────────────
🟢 [MKCE_LID_01] Main Gate Road         |  38.1% | NORMAL
🔴 [MKCE_LID_02] Academic Block Road    |  83.0% | CRITICAL
🟢 [MKCE_LID_03] Central Avenue         |     0% | NORMAL
🟡 [MKCE_LID_04] Library Road           |  63.2% | WARNING
🔴 [MKCE_LID_05] Workshop Road          |   100% | CRITICAL
🟡 [MKCE_LID_06] Hostel Block Road      |  55.7% | WARNING
🔴 [MKCE_LID_07] Hostel Ring Road       |   100% | CRITICAL
🟢 [MKCE_LID_08] Playground Perimeter Rd |     0% | NORMAL
🟢 [MKCE_LID_09] Canteen Road           |     0% | NORMAL
🟢 [MKCE_LID_10] Back Gate Road         |  29.8% | NORMAL

⏱ 10:46:29 ────────────────────────────────────────
🟢 [MKCE_LID_01] Main Gate Road         |  39.7% | NORMAL
🔴 [MKCE_LID_02] Academic Block Road    |  86.3% | CRITICAL
🟢 [MKCE_LID_03] Central Avenue         |     0% | NORMAL
🟡 [MKCE_LID_04] Library Road           |  58.6% | WARNING
🔴 [MKCE_LID_05] Workshop Road          |   100% | CRITICAL
🟡 [MKCE_LID_06] Hostel Block Road      |  59.7% | WARNING
🔴 [MKCE_LID_07] Hostel Ring Road       |   100% | CRITICAL
🟢 [MKCE_LID_08] Playground Perimeter Rd |     0% | NORMAL
🟢 [MKCE_LID_09] Canteen Road           |     0% | NORMAL
🟢 [MKCE_LID_10] Back Gate Road         |  26.1% | NORMAL

⏱ 10:46:32 ────────────────────────────────────────
🟡 [MKCE_LID_01] Main Gate Road         |  42.1% | WARNING
🔴 [MKCE_LID_02] Academic Block Road    |  90.2% | CRITICAL
🟢 [MKCE_LID_03] Central Avenue         |     0% | NORMAL
🟡 [MKCE_LID_04] Library Road           |  53.9% | WARNING
🔴 [MKCE_LID_05] Workshop Road          |   100% | CRITICAL
🟡 [MKCE_LID_06] Hostel Block Road      |  64.2% | WARNING
🔴 [MKCE_LID_07] Hostel Ring Road       |   100% | CRITICAL
🟢 [MKCE_LID_08] Playground Perimeter Rd |     0% | NORMAL
🟢 [MKCE_LID_09] Canteen Road           |     0% | NORMAL
🟢 [MKCE_LID_10] Back Gate Road         |  23.0% | NORMAL

⏱ 10:46:35 ────────────────────────────────────────
🟡 [MKCE_LID_01] Main Gate Road         |  43.6% | WARNING
🟡 [MKCE_LID_02] Academic Block Road    |  65.0% | WARNING
🟢 [MKCE_LID_03] Central Avenue         |     0% | NORMAL
🟡 [MKCE_LID_04] Library Road           |  48.9% | WARNING
🔴 [MKCE_LID_05] Workshop Road          |   100% | CRITICAL
🔴 [MKCE_LID_06] Hostel Block Road      |  98.2% | CRITICAL
🔴 [MKCE_LID_07] Hostel Ring Road       |   100% | CRITICAL
🟢 [MKCE_LID_08] Playground Perimeter Rd |     0% | NORMAL
🟢 [MKCE_LID_09] Canteen Road           |     0% | NORMAL
🟢 [MKCE_LID_10] Back Gate Road         |  19.8% | NORMAL

⏱ 10:46:38 ────────────────────────────────────────
🟡 [MKCE_LID_01] Main Gate Road         |  44.2% | WARNING
🟡 [MKCE_LID_02] Academic Block Road    |  70.0% | WARNING
🟢 [MKCE_LID_03] Central Avenue         |     0% | NORMAL
🟡 [MKCE_LID_04] Library Road           |  44.8% | WARNING
🔴 [MKCE_LID_05] Workshop Road          |   100% | CRITICAL
🔴 [MKCE_LID_06] Hostel Block Road      |   100% | CRITICAL
🔴 [MKCE_LID_07] Hostel Ring Road       |   100% | CRITICAL
🟢 [MKCE_LID_08] Playground Perimeter Rd |     0% | NORMAL
🟢 [MKCE_LID_09] Canteen Road           |    30% | NORMAL
🟢 [MKCE_LID_10] Back Gate Road         |  17.0% | NORMAL

⏱ 10:46:41 ────────────────────────────────────────
🟡 [MKCE_LID_01] Main Gate Road         |  45.8% | WARNING
🔴 [MKCE_LID_02] Academic Block Road    |  75.0% | CRITICAL
🟢 [MKCE_LID_03] Central Avenue         |     0% | NORMAL
🟢 [MKCE_LID_04] Library Road           |  39.9% | NORMAL
🔴 [MKCE_LID_05] Workshop Road          |   100% | CRITICAL
🔴 [MKCE_LID_06] Hostel Block Road      |   100% | CRITICAL
🔴 [MKCE_LID_07] Hostel Ring Road       |   100% | CRITICAL
🟢 [MKCE_LID_08] Playground Perimeter Rd |     0% | NORMAL
🟢 [MKCE_LID_09] Canteen Road           |  26.3% | NORMAL
🟢 [MKCE_LID_10] Back Gate Road         |  14.1% | NORMAL

⏱ 10:46:44 ────────────────────────────────────────
🟡 [MKCE_LID_01] Main Gate Road         |  46.8% | WARNING
🔴 [MKCE_LID_02] Academic Block Road    |  79.2% | CRITICAL
🟢 [MKCE_LID_03] Central Avenue         |     0% | NORMAL
🟢 [MKCE_LID_04] Library Road           |  35.6% | NORMAL
🔴 [MKCE_LID_05] Workshop Road          |   100% | CRITICAL
🟡 [MKCE_LID_06] Hostel Block Road      |    70% | WARNING
🔴 [MKCE_LID_07] Hostel Ring Road       |   100% | CRITICAL
🟢 [MKCE_LID_08] Playground Perimeter Rd |     0% | NORMAL
🟢 [MKCE_LID_09] Canteen Road           |  23.3% | NORMAL
🟢 [MKCE_LID_10] Back Gate Road         |  10.7% | NORMAL

⏱ 10:46:48 ────────────────────────────────────────
🟡 [MKCE_LID_01] Main Gate Road         |  47.5% | WARNING
🔴 [MKCE_LID_02] Academic Block Road    |  83.7% | CRITICAL
🟢 [MKCE_LID_03] Central Avenue         |     0% | NORMAL
🟢 [MKCE_LID_04] Library Road           |  32.1% | NORMAL
🔴 [MKCE_LID_05] Workshop Road          |   100% | CRITICAL
🔴 [MKCE_LID_06] Hostel Block Road      |  74.2% | CRITICAL
🔴 [MKCE_LID_07] Hostel Ring Road       |   100% | CRITICAL
🟢 [MKCE_LID_08] Playground Perimeter Rd |     0% | NORMAL
🟢 [MKCE_LID_09] Canteen Road           |  20.3% | NORMAL
🟢 [MKCE_LID_10] Back Gate Road         |   7.2% | NORMAL

⏱ 10:46:51 ────────────────────────────────────────
🟡 [MKCE_LID_01] Main Gate Road         |  49.1% | WARNING
🔴 [MKCE_LID_02] Academic Block Road    |  87.8% | CRITICAL
🟢 [MKCE_LID_03] Central Avenue         |     0% | NORMAL
🟢 [MKCE_LID_04] Library Road           |  29.2% | NORMAL
🟡 [MKCE_LID_05] Workshop Road          |    70% | WARNING
🔴 [MKCE_LID_06] Hostel Block Road      |  78.4% | CRITICAL
🔴 [MKCE_LID_07] Hostel Ring Road       |   100% | CRITICAL
🟢 [MKCE_LID_08] Playground Perimeter Rd |     0% | NORMAL
🟢 [MKCE_LID_09] Canteen Road           |  17.5% | NORMAL
🟢 [MKCE_LID_10] Back Gate Road         |     0% | NORMAL

⏱ 10:46:54 ────────────────────────────────────────
🟡 [MKCE_LID_01] Main Gate Road         |  49.7% | WARNING
🔴 [MKCE_LID_02] Academic Block Road    |  92.5% | CRITICAL
🟢 [MKCE_LID_03] Central Avenue         |     0% | NORMAL
🟢 [MKCE_LID_04] Library Road           |  27.1% | NORMAL
🔴 [MKCE_LID_05] Workshop Road          |    75% | CRITICAL
🔴 [MKCE_LID_06] Hostel Block Road      |  83.3% | CRITICAL
🔴 [MKCE_LID_07] Hostel Ring Road       |   100% | CRITICAL
🟢 [MKCE_LID_08] Playground Perimeter Rd |     0% | NORMAL
🟢 [MKCE_LID_09] Canteen Road           |  14.5% | NORMAL
🟢 [MKCE_LID_10] Back Gate Road         |     0% | NORMAL

⏱ 10:46:57 ────────────────────────────────────────
🟡 [MKCE_LID_01] Main Gate Road         |  50.1% | WARNING
🔴 [MKCE_LID_02] Academic Block Road    |  97.5% | CRITICAL
🟢 [MKCE_LID_03] Central Avenue         |     0% | NORMAL
🟢 [MKCE_LID_04] Library Road           |  25.4% | NORMAL
🔴 [MKCE_LID_05] Workshop Road          |    80% | CRITICAL
🔴 [MKCE_LID_06] Hostel Block Road      |  87.1% | CRITICAL
🔴 [MKCE_LID_07] Hostel Ring Road       |   100% | CRITICAL
🟢 [MKCE_LID_08] Playground Perimeter Rd |     0% | NORMAL
🟢 [MKCE_LID_09] Canteen Road           |  10.6% | NORMAL
🟢 [MKCE_LID_10] Back Gate Road         |     0% | NORMAL

⏱ 10:47:00 ────────────────────────────────────────
🟡 [MKCE_LID_01] Main Gate Road         |  51.3% | WARNING
🔴 [MKCE_LID_02] Academic Block Road    |   100% | CRITICAL
🟢 [MKCE_LID_03] Central Avenue         |     0% | NORMAL
🟢 [MKCE_LID_04] Library Road           |  23.6% | NORMAL
🔴 [MKCE_LID_05] Workshop Road          |    85% | CRITICAL
🔴 [MKCE_LID_06] Hostel Block Road      |  90.0% | CRITICAL
🔴 [MKCE_LID_07] Hostel Ring Road       |   100% | CRITICAL
🟢 [MKCE_LID_08] Playground Perimeter Rd |     0% | NORMAL
🟢 [MKCE_LID_09] Canteen Road           |     0% | NORMAL
🟢 [MKCE_LID_10] Back Gate Road         |     0% | NORMAL

⏱ 10:47:03 ────────────────────────────────────────
🟡 [MKCE_LID_01] Main Gate Road         |  51.9% | WARNING
🔴 [MKCE_LID_02] Academic Block Road    |   100% | CRITICAL
🟢 [MKCE_LID_03] Central Avenue         |     0% | NORMAL
🟢 [MKCE_LID_04] Library Road           |  22.3% | NORMAL
🔴 [MKCE_LID_05] Workshop Road          |    90% | CRITICAL
🔴 [MKCE_LID_06] Hostel Block Road      |  92.9% | CRITICAL
🔴 [MKCE_LID_07] Hostel Ring Road       |   100% | CRITICAL
🟢 [MKCE_LID_08] Playground Perimeter Rd |     0% | NORMAL
🟢 [MKCE_LID_09] Canteen Road           |     0% | NORMAL
🟢 [MKCE_LID_10] Back Gate Road         |     0% | NORMAL

⏱ 10:47:06 ────────────────────────────────────────
🟡 [MKCE_LID_01] Main Gate Road         |  53.3% | WARNING
🔴 [MKCE_LID_02] Academic Block Road    |   100% | CRITICAL
🟢 [MKCE_LID_03] Central Avenue         |     0% | NORMAL
🟢 [MKCE_LID_04] Library Road           |  20.1% | NORMAL
🔴 [MKCE_LID_05] Workshop Road          |    95% | CRITICAL
🔴 [MKCE_LID_06] Hostel Block Road      |  95.5% | CRITICAL
🔴 [MKCE_LID_07] Hostel Ring Road       |   100% | CRITICAL
🟢 [MKCE_LID_08] Playground Perimeter Rd |     0% | NORMAL
🟢 [MKCE_LID_09] Canteen Road           |     0% | NORMAL
🟢 [MKCE_LID_10] Back Gate Road         |     0% | NORMAL

⏱ 10:47:09 ────────────────────────────────────────
🟡 [MKCE_LID_01] Main Gate Road         |  55.1% | WARNING
🔴 [MKCE_LID_02] Academic Block Road    |   100% | CRITICAL
🟢 [MKCE_LID_03] Central Avenue         |     0% | NORMAL
🟢 [MKCE_LID_04] Library Road           |  17.6% | NORMAL
🔴 [MKCE_LID_05] Workshop Road          |  99.6% | CRITICAL
🔴 [MKCE_LID_06] Hostel Block Road      |  97.3% | CRITICAL
🔴 [MKCE_LID_07] Hostel Ring Road       |   100% | CRITICAL
🟢 [MKCE_LID_08] Playground Perimeter Rd |     0% | NORMAL
🟢 [MKCE_LID_09] Canteen Road           |     0% | NORMAL
🟢 [MKCE_LID_10] Back Gate Road         |     0% | NORMAL

⏱ 10:47:12 ────────────────────────────────────────
🟡 [MKCE_LID_01] Main Gate Road         |  57.6% | WARNING
🔴 [MKCE_LID_02] Academic Block Road    |   100% | CRITICAL
🟢 [MKCE_LID_03] Central Avenue         |     0% | NORMAL
🟢 [MKCE_LID_04] Library Road           |  15.0% | NORMAL
🔴 [MKCE_LID_05] Workshop Road          |   100% | CRITICAL
🔴 [MKCE_LID_06] Hostel Block Road      |  98.4% | CRITICAL
🔴 [MKCE_LID_07] Hostel Ring Road       |   100% | CRITICAL
🟢 [MKCE_LID_08] Playground Perimeter Rd |     0% | NORMAL
🟢 [MKCE_LID_09] Canteen Road           |     0% | NORMAL
🟢 [MKCE_LID_10] Back Gate Road         |     0% | NORMAL

⏱ 10:47:15 ────────────────────────────────────────
🟡 [MKCE_LID_01] Main Gate Road         |  60.9% | WARNING
🔴 [MKCE_LID_02] Academic Block Road    |   100% | CRITICAL
🟢 [MKCE_LID_03] Central Avenue         |     0% | NORMAL
🟢 [MKCE_LID_04] Library Road           |  12.5% | NORMAL
🔴 [MKCE_LID_05] Workshop Road          |   100% | CRITICAL
🔴 [MKCE_LID_06] Hostel Block Road      |  99.4% | CRITICAL
🔴 [MKCE_LID_07] Hostel Ring Road       |   100% | CRITICAL
🟢 [MKCE_LID_08] Playground Perimeter Rd |     0% | NORMAL
🟢 [MKCE_LID_09] Canteen Road           |     0% | NORMAL
🟢 [MKCE_LID_10] Back Gate Road         |     0% | NORMAL

⏱ 10:47:18 ────────────────────────────────────────
🟡 [MKCE_LID_01] Main Gate Road         |  64.5% | WARNING
🔴 [MKCE_LID_02] Academic Block Road    |   100% | CRITICAL
🟢 [MKCE_LID_03] Central Avenue         |     0% | NORMAL
🟢 [MKCE_LID_04] Library Road           |  10.9% | NORMAL
🔴 [MKCE_LID_05] Workshop Road          |   100% | CRITICAL
🔴 [MKCE_LID_06] Hostel Block Road      |   100% | CRITICAL
🔴 [MKCE_LID_07] Hostel Ring Road       |   100% | CRITICAL
🟢 [MKCE_LID_08] Playground Perimeter Rd |     0% | NORMAL
🟢 [MKCE_LID_09] Canteen Road           |     0% | NORMAL
🟢 [MKCE_LID_10] Back Gate Road         |     0% | NORMAL

⏱ 10:47:21 ────────────────────────────────────────
🟡 [MKCE_LID_01] Main Gate Road         |  68.5% | WARNING
🔴 [MKCE_LID_02] Academic Block Road    |   100% | CRITICAL
🟢 [MKCE_LID_03] Central Avenue         |     0% | NORMAL
🟢 [MKCE_LID_04] Library Road           |   8.6% | NORMAL
🔴 [MKCE_LID_05] Workshop Road          |   100% | CRITICAL
🔴 [MKCE_LID_06] Hostel Block Road      |   100% | CRITICAL
🔴 [MKCE_LID_07] Hostel Ring Road       |   100% | CRITICAL
🟢 [MKCE_LID_08] Playground Perimeter Rd |     0% | NORMAL
🟢 [MKCE_LID_09] Canteen Road           |     0% | NORMAL
🟢 [MKCE_LID_10] Back Gate Road         |     0% | NORMAL

⏱ 10:47:24 ────────────────────────────────────────
🔴 [MKCE_LID_01] Main Gate Road         |  72.1% | CRITICAL
🔴 [MKCE_LID_02] Academic Block Road    |   100% | CRITICAL
🟢 [MKCE_LID_03] Central Avenue         |     0% | NORMAL
🟢 [MKCE_LID_04] Library Road           |   6.6% | NORMAL
🔴 [MKCE_LID_05] Workshop Road          |   100% | CRITICAL
🔴 [MKCE_LID_06] Hostel Block Road      |   100% | CRITICAL
🔴 [MKCE_LID_07] Hostel Ring Road       |   100% | CRITICAL
🟢 [MKCE_LID_08] Playground Perimeter Rd |     0% | NORMAL
🟢 [MKCE_LID_09] Canteen Road           |     0% | NORMAL
🟢 [MKCE_LID_10] Back Gate Road         |     0% | NORMAL

⏱ 10:47:27 ────────────────────────────────────────
🔴 [MKCE_LID_01] Main Gate Road         |  75.3% | CRITICAL
🔴 [MKCE_LID_02] Academic Block Road    |   100% | CRITICAL
🟢 [MKCE_LID_03] Central Avenue         |     0% | NORMAL
🟢 [MKCE_LID_04] Library Road           |   3.7% | NORMAL
🟡 [MKCE_LID_05] Workshop Road          |    70% | WARNING
🔴 [MKCE_LID_06] Hostel Block Road      |   100% | CRITICAL
🔴 [MKCE_LID_07] Hostel Ring Road       |   100% | CRITICAL
🟢 [MKCE_LID_08] Playground Perimeter Rd |     0% | NORMAL
🟢 [MKCE_LID_09] Canteen Road           |     0% | NORMAL
🟢 [MKCE_LID_10] Back Gate Road         |     0% | NORMAL

⏱ 10:47:30 ────────────────────────────────────────
🔴 [MKCE_LID_01] Main Gate Road         |  78.8% | CRITICAL
🔴 [MKCE_LID_02] Academic Block Road    |   100% | CRITICAL
🟢 [MKCE_LID_03] Central Avenue         |     0% | NORMAL
🟢 [MKCE_LID_04] Library Road           |   0.1% | NORMAL
🔴 [MKCE_LID_05] Workshop Road          |    75% | CRITICAL
🔴 [MKCE_LID_06] Hostel Block Road      |   100% | CRITICAL
🔴 [MKCE_LID_07] Hostel Ring Road       |   100% | CRITICAL
🟢 [MKCE_LID_08] Playground Perimeter Rd |     0% | NORMAL
🟢 [MKCE_LID_09] Canteen Road           |     0% | NORMAL
🟢 [MKCE_LID_10] Back Gate Road         |     0% | NORMAL

⏱ 10:47:33 ────────────────────────────────────────
🔴 [MKCE_LID_01] Main Gate Road         |  82.9% | CRITICAL
🔴 [MKCE_LID_02] Academic Block Road    |   100% | CRITICAL
🟢 [MKCE_LID_03] Central Avenue         |     0% | NORMAL
🟢 [MKCE_LID_04] Library Road           |     0% | NORMAL
🔴 [MKCE_LID_05] Workshop Road          |  79.3% | CRITICAL
🔴 [MKCE_LID_06] Hostel Block Road      |   100% | CRITICAL
🔴 [MKCE_LID_07] Hostel Ring Road       |   100% | CRITICAL
🟢 [MKCE_LID_08] Playground Perimeter Rd |     0% | NORMAL
🟢 [MKCE_LID_09] Canteen Road           |     0% | NORMAL
🟢 [MKCE_LID_10] Back Gate Road         |     0% | NORMAL

⏱ 10:47:36 ────────────────────────────────────────
🔴 [MKCE_LID_01] Main Gate Road         |  87.5% | CRITICAL
🔴 [MKCE_LID_02] Academic Block Road    |   100% | CRITICAL
🟢 [MKCE_LID_03] Central Avenue         |     0% | NORMAL
🟢 [MKCE_LID_04] Library Road           |     0% | NORMAL
🔴 [MKCE_LID_05] Workshop Road          |  82.6% | CRITICAL
🔴 [MKCE_LID_06] Hostel Block Road      | 100.0% | CRITICAL
🔴 [MKCE_LID_07] Hostel Ring Road       |   100% | CRITICAL
🟢 [MKCE_LID_08] Playground Perimeter Rd |     0% | NORMAL
🟢 [MKCE_LID_09] Canteen Road           |     0% | NORMAL
🟢 [MKCE_LID_10] Back Gate Road         |     0% | NORMAL

⏱ 10:47:39 ────────────────────────────────────────
🔴 [MKCE_LID_01] Main Gate Road         |  91.5% | CRITICAL
🔴 [MKCE_LID_02] Academic Block Road    |   100% | CRITICAL
🟢 [MKCE_LID_03] Central Avenue         |     0% | NORMAL
🟢 [MKCE_LID_04] Library Road           |     0% | NORMAL
🔴 [MKCE_LID_05] Workshop Road          |  86.9% | CRITICAL
🔴 [MKCE_LID_06] Hostel Block Road      |   100% | CRITICAL
🔴 [MKCE_LID_07] Hostel Ring Road       |   100% | CRITICAL
🟢 [MKCE_LID_08] Playground Perimeter Rd |     0% | NORMAL
🟢 [MKCE_LID_09] Canteen Road           |     0% | NORMAL
🟢 [MKCE_LID_10] Back Gate Road         |     0% | NORMAL

⏱ 10:47:43 ────────────────────────────────────────
🔴 [MKCE_LID_01] Main Gate Road         |  96.4% | CRITICAL
🔴 [MKCE_LID_02] Academic Block Road    |   100% | CRITICAL
🟢 [MKCE_LID_03] Central Avenue         |     0% | NORMAL
🟢 [MKCE_LID_04] Library Road           |     0% | NORMAL
🟡 [MKCE_LID_05] Workshop Road          |  61.8% | WARNING
🔴 [MKCE_LID_06] Hostel Block Road      |   100% | CRITICAL
🔴 [MKCE_LID_07] Hostel Ring Road       |   100% | CRITICAL
🟢 [MKCE_LID_08] Playground Perimeter Rd |     0% | NORMAL
🟢 [MKCE_LID_09] Canteen Road           |     0% | NORMAL
🟢 [MKCE_LID_10] Back Gate Road         |     0% | NORMAL

⏱ 10:47:46 ────────────────────────────────────────
🔴 [MKCE_LID_01] Main Gate Road         |   100% | CRITICAL
🔴 [MKCE_LID_02] Academic Block Road    |   100% | CRITICAL
🟢 [MKCE_LID_03] Central Avenue         |     0% | NORMAL
🟢 [MKCE_LID_04] Library Road           |     0% | NORMAL
🟡 [MKCE_LID_05] Workshop Road          |  66.8% | WARNING
🔴 [MKCE_LID_06] Hostel Block Road      |   100% | CRITICAL
🔴 [MKCE_LID_07] Hostel Ring Road       |   100% | CRITICAL
🟢 [MKCE_LID_08] Playground Perimeter Rd |     0% | NORMAL
🟢 [MKCE_LID_09] Canteen Road           |     0% | NORMAL
🟢 [MKCE_LID_10] Back Gate Road         |     0% | NORMAL

⏱ 10:47:49 ────────────────────────────────────────
🔴 [MKCE_LID_01] Main Gate Road         |   100% | CRITICAL
🔴 [MKCE_LID_02] Academic Block Road    |   100% | CRITICAL
🟢 [MKCE_LID_03] Central Avenue         |     0% | NORMAL
🟢 [MKCE_LID_04] Library Road           |     0% | NORMAL
🔴 [MKCE_LID_05] Workshop Road          |  71.8% | CRITICAL
🔴 [MKCE_LID_06] Hostel Block Road      |   100% | CRITICAL
🔴 [MKCE_LID_07] Hostel Ring Road       |   100% | CRITICAL
🟢 [MKCE_LID_08] Playground Perimeter Rd |     0% | NORMAL
🟢 [MKCE_LID_09] Canteen Road           |     0% | NORMAL
🟢 [MKCE_LID_10] Back Gate Road         |     0% | NORMAL

⏱ 10:47:52 ────────────────────────────────────────
🔴 [MKCE_LID_01] Main Gate Road         |   100% | CRITICAL
🔴 [MKCE_LID_02] Academic Block Road    |   100% | CRITICAL
🟢 [MKCE_LID_03] Central Avenue         |     0% | NORMAL
🟢 [MKCE_LID_04] Library Road           |    30% | NORMAL
🔴 [MKCE_LID_05] Workshop Road          |  76.1% | CRITICAL
🔴 [MKCE_LID_06] Hostel Block Road      |   100% | CRITICAL
🔴 [MKCE_LID_07] Hostel Ring Road       |   100% | CRITICAL
🟢 [MKCE_LID_08] Playground Perimeter Rd |     0% | NORMAL
🟢 [MKCE_LID_09] Canteen Road           |     0% | NORMAL
🟢 [MKCE_LID_10] Back Gate Road         |     0% | NORMAL

⏱ 10:47:55 ────────────────────────────────────────
🔴 [MKCE_LID_01] Main Gate Road         |   100% | CRITICAL
🔴 [MKCE_LID_02] Academic Block Road    |   100% | CRITICAL
🟢 [MKCE_LID_03] Central Avenue         |     0% | NORMAL
🟢 [MKCE_LID_04] Library Road           |  27.8% | NORMAL
🔴 [MKCE_LID_05] Workshop Road          |   100% | CRITICAL
🔴 [MKCE_LID_06] Hostel Block Road      |  99.9% | CRITICAL
🔴 [MKCE_LID_07] Hostel Ring Road       |   100% | CRITICAL
🟢 [MKCE_LID_08] Playground Perimeter Rd |     0% | NORMAL
🟢 [MKCE_LID_09] Canteen Road           |     0% | NORMAL
🟢 [MKCE_LID_10] Back Gate Road         |     0% | NORMAL

⏱ 10:47:58 ────────────────────────────────────────
🔴 [MKCE_LID_01] Main Gate Road         |   100% | CRITICAL
🔴 [MKCE_LID_02] Academic Block Road    |   100% | CRITICAL
🟢 [MKCE_LID_03] Central Avenue         |     0% | NORMAL
🟢 [MKCE_LID_04] Library Road           |  25.3% | NORMAL
🔴 [MKCE_LID_05] Workshop Road          |   100% | CRITICAL
🔴 [MKCE_LID_06] Hostel Block Road      |  99.6% | CRITICAL
🔴 [MKCE_LID_07] Hostel Ring Road       |   100% | CRITICAL
🟢 [MKCE_LID_08] Playground Perimeter Rd |     0% | NORMAL
🟢 [MKCE_LID_09] Canteen Road           |     0% | NORMAL
🟢 [MKCE_LID_10] Back Gate Road         |     0% | NORMAL

⏱ 10:48:01 ────────────────────────────────────────
🔴 [MKCE_LID_01] Main Gate Road         |   100% | CRITICAL
🔴 [MKCE_LID_02] Academic Block Road    |   100% | CRITICAL
🟢 [MKCE_LID_03] Central Avenue         |     0% | NORMAL
🟢 [MKCE_LID_04] Library Road           |  22.7% | NORMAL
🔴 [MKCE_LID_05] Workshop Road          |   100% | CRITICAL
🔴 [MKCE_LID_06] Hostel Block Road      |  99.0% | CRITICAL
🔴 [MKCE_LID_07] Hostel Ring Road       |   100% | CRITICAL
🟢 [MKCE_LID_08] Playground Perimeter Rd |     0% | NORMAL
🟢 [MKCE_LID_09] Canteen Road           |     0% | NORMAL
🟢 [MKCE_LID_10] Back Gate Road         |     0% | NORMAL

⏱ 10:48:04 ────────────────────────────────────────
🔴 [MKCE_LID_01] Main Gate Road         |   100% | CRITICAL
🔴 [MKCE_LID_02] Academic Block Road    |   100% | CRITICAL
🟢 [MKCE_LID_03] Central Avenue         |     0% | NORMAL
🟢 [MKCE_LID_04] Library Road           |  21.1% | NORMAL
🔴 [MKCE_LID_05] Workshop Road          |   100% | CRITICAL
🔴 [MKCE_LID_06] Hostel Block Road      |  99.3% | CRITICAL
🔴 [MKCE_LID_07] Hostel Ring Road       |   100% | CRITICAL
🟢 [MKCE_LID_08] Playground Perimeter Rd |     0% | NORMAL
🟢 [MKCE_LID_09] Canteen Road           |     0% | NORMAL
🟢 [MKCE_LID_10] Back Gate Road         |     0% | NORMAL

⏱ 10:48:07 ────────────────────────────────────────
🔴 [MKCE_LID_01] Main Gate Road         |   100% | CRITICAL
🔴 [MKCE_LID_02] Academic Block Road    |   100% | CRITICAL
🟢 [MKCE_LID_03] Central Avenue         |     0% | NORMAL
🟢 [MKCE_LID_04] Library Road           |  19.7% | NORMAL
🔴 [MKCE_LID_05] Workshop Road          |   100% | CRITICAL
🔴 [MKCE_LID_06] Hostel Block Road      |   100% | CRITICAL
🔴 [MKCE_LID_07] Hostel Ring Road       |   100% | CRITICAL
🟢 [MKCE_LID_08] Playground Perimeter Rd |     0% | NORMAL
🟢 [MKCE_LID_09] Canteen Road           |     0% | NORMAL
🟢 [MKCE_LID_10] Back Gate Road         |     0% | NORMAL

⏱ 10:48:10 ────────────────────────────────────────
🔴 [MKCE_LID_01] Main Gate Road         |   100% | CRITICAL
🔴 [MKCE_LID_02] Academic Block Road    |   100% | CRITICAL
🟢 [MKCE_LID_03] Central Avenue         |     0% | NORMAL
🟢 [MKCE_LID_04] Library Road           |  17.7% | NORMAL
🔴 [MKCE_LID_05] Workshop Road          |   100% | CRITICAL
🔴 [MKCE_LID_06] Hostel Block Road      |   100% | CRITICAL
🔴 [MKCE_LID_07] Hostel Ring Road       |   100% | CRITICAL
🟢 [MKCE_LID_08] Playground Perimeter Rd |     0% | NORMAL
🟢 [MKCE_LID_09] Canteen Road           |     0% | NORMAL
🟢 [MKCE_LID_10] Back Gate Road         |     0% | NORMAL

⏱ 10:48:13 ────────────────────────────────────────
🔴 [MKCE_LID_01] Main Gate Road         |   100% | CRITICAL
🔴 [MKCE_LID_02] Academic Block Road    |   100% | CRITICAL
🟢 [MKCE_LID_03] Central Avenue         |     0% | NORMAL
🟢 [MKCE_LID_04] Library Road           |  15.6% | NORMAL
🔴 [MKCE_LID_05] Workshop Road          |   100% | CRITICAL
🔴 [MKCE_LID_06] Hostel Block Road      |   100% | CRITICAL
🔴 [MKCE_LID_07] Hostel Ring Road       |   100% | CRITICAL
🟢 [MKCE_LID_08] Playground Perimeter Rd |     0% | NORMAL
🟢 [MKCE_LID_09] Canteen Road           |     0% | NORMAL
🟢 [MKCE_LID_10] Back Gate Road         |     0% | NORMAL

⏱ 10:48:16 ────────────────────────────────────────
🔴 [MKCE_LID_01] Main Gate Road         |   100% | CRITICAL
🔴 [MKCE_LID_02] Academic Block Road    |   100% | CRITICAL
🟢 [MKCE_LID_03] Central Avenue         |     0% | NORMAL
🟢 [MKCE_LID_04] Library Road           |  12.9% | NORMAL
🔴 [MKCE_LID_05] Workshop Road          |   100% | CRITICAL
🟡 [MKCE_LID_06] Hostel Block Road      |    70% | WARNING
🔴 [MKCE_LID_07] Hostel Ring Road       |   100% | CRITICAL
🟢 [MKCE_LID_08] Playground Perimeter Rd |     0% | NORMAL
🟢 [MKCE_LID_09] Canteen Road           |     0% | NORMAL
🟢 [MKCE_LID_10] Back Gate Road         |     0% | NORMAL

⏱ 10:48:19 ────────────────────────────────────────
🔴 [MKCE_LID_01] Main Gate Road         |   100% | CRITICAL
🔴 [MKCE_LID_02] Academic Block Road    |   100% | CRITICAL
🟢 [MKCE_LID_03] Central Avenue         |     0% | NORMAL
🟢 [MKCE_LID_04] Library Road           |   9.3% | NORMAL
🔴 [MKCE_LID_05] Workshop Road          |   100% | CRITICAL
🔴 [MKCE_LID_06] Hostel Block Road      |  71.3% | CRITICAL
🔴 [MKCE_LID_07] Hostel Ring Road       |   100% | CRITICAL
🟢 [MKCE_LID_08] Playground Perimeter Rd |     0% | NORMAL
🟢 [MKCE_LID_09] Canteen Road           |     0% | NORMAL
🟢 [MKCE_LID_10] Back Gate Road         |     0% | NORMAL

⏱ 10:48:22 ────────────────────────────────────────
🔴 [MKCE_LID_01] Main Gate Road         |   100% | CRITICAL
🔴 [MKCE_LID_02] Academic Block Road    |   100% | CRITICAL
🟢 [MKCE_LID_03] Central Avenue         |     0% | NORMAL
🟢 [MKCE_LID_04] Library Road           |   4.8% | NORMAL
🔴 [MKCE_LID_05] Workshop Road          |   100% | CRITICAL
🔴 [MKCE_LID_06] Hostel Block Road      |  73.1% | CRITICAL
🔴 [MKCE_LID_07] Hostel Ring Road       |   100% | CRITICAL
🟢 [MKCE_LID_08] Playground Perimeter Rd |    30% | NORMAL
🟢 [MKCE_LID_09] Canteen Road           |     0% | NORMAL
🟢 [MKCE_LID_10] Back Gate Road         |     0% | NORMAL

⏱ 10:48:25 ────────────────────────────────────────
🔴 [MKCE_LID_01] Main Gate Road         |   100% | CRITICAL
🔴 [MKCE_LID_02] Academic Block Road    |   100% | CRITICAL
🟢 [MKCE_LID_03] Central Avenue         |     0% | NORMAL
🟢 [MKCE_LID_04] Library Road           |   0.2% | NORMAL
🔴 [MKCE_LID_05] Workshop Road          |   100% | CRITICAL
🔴 [MKCE_LID_06] Hostel Block Road      |  75.7% | CRITICAL
🔴 [MKCE_LID_07] Hostel Ring Road       |   100% | CRITICAL
🟢 [MKCE_LID_08] Playground Perimeter Rd |  27.0% | NORMAL
🟢 [MKCE_LID_09] Canteen Road           |     0% | NORMAL
🟢 [MKCE_LID_10] Back Gate Road         |     0% | NORMAL

⏱ 10:48:28 ────────────────────────────────────────
🔴 [MKCE_LID_01] Main Gate Road         |   100% | CRITICAL
🔴 [MKCE_LID_02] Academic Block Road    |   100% | CRITICAL
🟢 [MKCE_LID_03] Central Avenue         |     0% | NORMAL
🟢 [MKCE_LID_04] Library Road           |     0% | NORMAL
🔴 [MKCE_LID_05] Workshop Road          |   100% | CRITICAL
🔴 [MKCE_LID_06] Hostel Block Road      |  78.4% | CRITICAL
🔴 [MKCE_LID_07] Hostel Ring Road       |   100% | CRITICAL
🟢 [MKCE_LID_08] Playground Perimeter Rd |  23.7% | NORMAL
🟢 [MKCE_LID_09] Canteen Road           |     0% | NORMAL
🟢 [MKCE_LID_10] Back Gate Road         |     0% | NORMAL

⏱ 10:48:31 ────────────────────────────────────────
🔴 [MKCE_LID_01] Main Gate Road         |   100% | CRITICAL
🔴 [MKCE_LID_02] Academic Block Road    |   100% | CRITICAL
🟢 [MKCE_LID_03] Central Avenue         |   0.3% | NORMAL
🟢 [MKCE_LID_04] Library Road           |     0% | NORMAL
🔴 [MKCE_LID_05] Workshop Road          |   100% | CRITICAL
🔴 [MKCE_LID_06] Hostel Block Road      |  80.4% | CRITICAL
🔴 [MKCE_LID_07] Hostel Ring Road       |   100% | CRITICAL
🟢 [MKCE_LID_08] Playground Perimeter Rd |  19.7% | NORMAL
🟢 [MKCE_LID_09] Canteen Road           |     0% | NORMAL
🟢 [MKCE_LID_10] Back Gate Road         |     0% | NORMAL

⏱ 10:48:34 ────────────────────────────────────────
🔴 [MKCE_LID_01] Main Gate Road         |   100% | CRITICAL
🔴 [MKCE_LID_02] Academic Block Road    |   100% | CRITICAL
🟢 [MKCE_LID_03] Central Avenue         |   1.4% | NORMAL
🟢 [MKCE_LID_04] Library Road           |     0% | NORMAL
🔴 [MKCE_LID_05] Workshop Road          |   100% | CRITICAL
🔴 [MKCE_LID_06] Hostel Block Road      |  82.3% | CRITICAL
🔴 [MKCE_LID_07] Hostel Ring Road       |   100% | CRITICAL
🟢 [MKCE_LID_08] Playground Perimeter Rd |  14.8% | NORMAL
🟢 [MKCE_LID_09] Canteen Road           |     0% | NORMAL
🟢 [MKCE_LID_10] Back Gate Road         |     0% | NORMAL

⏱ 10:48:38 ────────────────────────────────────────
🔴 [MKCE_LID_01] Main Gate Road         |   100% | CRITICAL
🔴 [MKCE_LID_02] Academic Block Road    |   100% | CRITICAL
🟢 [MKCE_LID_03] Central Avenue         |   2.8% | NORMAL
🟢 [MKCE_LID_04] Library Road           |     0% | NORMAL
🔴 [MKCE_LID_05] Workshop Road          |   100% | CRITICAL
🔴 [MKCE_LID_06] Hostel Block Road      |  84.0% | CRITICAL
🔴 [MKCE_LID_07] Hostel Ring Road       |   100% | CRITICAL
🟢 [MKCE_LID_08] Playground Perimeter Rd |     0% | NORMAL
🟢 [MKCE_LID_09] Canteen Road           |     0% | NORMAL
🟢 [MKCE_LID_10] Back Gate Road         |     0% | NORMAL

⏱ 10:48:41 ────────────────────────────────────────
🔴 [MKCE_LID_01] Main Gate Road         |   100% | CRITICAL
🔴 [MKCE_LID_02] Academic Block Road    |   100% | CRITICAL
🟢 [MKCE_LID_03] Central Avenue         |   4.6% | NORMAL
🟢 [MKCE_LID_04] Library Road           |     0% | NORMAL
🔴 [MKCE_LID_05] Workshop Road          |   100% | CRITICAL
🔴 [MKCE_LID_06] Hostel Block Road      |  86.6% | CRITICAL
🔴 [MKCE_LID_07] Hostel Ring Road       |  99.9% | CRITICAL
🟢 [MKCE_LID_08] Playground Perimeter Rd |     0% | NORMAL
🟢 [MKCE_LID_09] Canteen Road           |     0% | NORMAL
🟢 [MKCE_LID_10] Back Gate Road         |     0% | NORMAL

⏱ 10:48:44 ────────────────────────────────────────
🔴 [MKCE_LID_01] Main Gate Road         |   100% | CRITICAL
🔴 [MKCE_LID_02] Academic Block Road    |   100% | CRITICAL
🟢 [MKCE_LID_03] Central Avenue         |   6.4% | NORMAL
🟢 [MKCE_LID_04] Library Road           |     0% | NORMAL
🔴 [MKCE_LID_05] Workshop Road          |   100% | CRITICAL
🔴 [MKCE_LID_06] Hostel Block Road      |  89.7% | CRITICAL
🔴 [MKCE_LID_07] Hostel Ring Road       |   100% | CRITICAL
🟢 [MKCE_LID_08] Playground Perimeter Rd |     0% | NORMAL
🟢 [MKCE_LID_09] Canteen Road           |     0% | NORMAL
🟢 [MKCE_LID_10] Back Gate Road         |     0% | NORMAL

⏱ 10:48:47 ────────────────────────────────────────
🔴 [MKCE_LID_01] Main Gate Road         |   100% | CRITICAL
🔴 [MKCE_LID_02] Academic Block Road    |   100% | CRITICAL
🟢 [MKCE_LID_03] Central Avenue         |   8.7% | NORMAL
🟢 [MKCE_LID_04] Library Road           |     0% | NORMAL
🔴 [MKCE_LID_05] Workshop Road          |   100% | CRITICAL
🔴 [MKCE_LID_06] Hostel Block Road      |  92.3% | CRITICAL
🔴 [MKCE_LID_07] Hostel Ring Road       |   100% | CRITICAL
🟢 [MKCE_LID_08] Playground Perimeter Rd |     0% | NORMAL
🟢 [MKCE_LID_09] Canteen Road           |     0% | NORMAL
🟢 [MKCE_LID_10] Back Gate Road         |     0% | NORMAL

⏱ 10:48:50 ────────────────────────────────────────
🔴 [MKCE_LID_01] Main Gate Road         |   100% | CRITICAL
🔴 [MKCE_LID_02] Academic Block Road    |   100% | CRITICAL
🟢 [MKCE_LID_03] Central Avenue         |  10.3% | NORMAL
🟢 [MKCE_LID_04] Library Road           |     0% | NORMAL
🔴 [MKCE_LID_05] Workshop Road          |   100% | CRITICAL
🔴 [MKCE_LID_06] Hostel Block Road      |  94.0% | CRITICAL
🔴 [MKCE_LID_07] Hostel Ring Road       |   100% | CRITICAL
🟢 [MKCE_LID_08] Playground Perimeter Rd |     0% | NORMAL
🟢 [MKCE_LID_09] Canteen Road           |     0% | NORMAL
🟢 [MKCE_LID_10] Back Gate Road         |     0% | NORMAL

⏱ 10:48:53 ────────────────────────────────────────
🔴 [MKCE_LID_01] Main Gate Road         |   100% | CRITICAL
🔴 [MKCE_LID_02] Academic Block Road    |   100% | CRITICAL
🟢 [MKCE_LID_03] Central Avenue         |  12.3% | NORMAL
🟢 [MKCE_LID_04] Library Road           |     0% | NORMAL
🔴 [MKCE_LID_05] Workshop Road          |   100% | CRITICAL
🔴 [MKCE_LID_06] Hostel Block Road      |  95.0% | CRITICAL
🔴 [MKCE_LID_07] Hostel Ring Road       | 100.0% | CRITICAL
🟢 [MKCE_LID_08] Playground Perimeter Rd |     0% | NORMAL
🟢 [MKCE_LID_09] Canteen Road           |     0% | NORMAL
🟢 [MKCE_LID_10] Back Gate Road         |     0% | NORMAL

⏱ 10:48:56 ────────────────────────────────────────
🔴 [MKCE_LID_01] Main Gate Road         |   100% | CRITICAL
🔴 [MKCE_LID_02] Academic Block Road    |   100% | CRITICAL
🟢 [MKCE_LID_03] Central Avenue         |  14.7% | NORMAL
🟢 [MKCE_LID_04] Library Road           |     0% | NORMAL
🔴 [MKCE_LID_05] Workshop Road          |   100% | CRITICAL
🔴 [MKCE_LID_06] Hostel Block Road      |  96.1% | CRITICAL
🔴 [MKCE_LID_07] Hostel Ring Road       |  99.0% | CRITICAL
🟢 [MKCE_LID_08] Playground Perimeter Rd |     0% | NORMAL
🟢 [MKCE_LID_09] Canteen Road           |     0% | NORMAL
🟢 [MKCE_LID_10] Back Gate Road         |     0% | NORMAL

⏱ 10:48:59 ────────────────────────────────────────
🔴 [MKCE_LID_01] Main Gate Road         |   100% | CRITICAL
🔴 [MKCE_LID_02] Academic Block Road    |   100% | CRITICAL
🟢 [MKCE_LID_03] Central Avenue         |  17.9% | NORMAL
🟢 [MKCE_LID_04] Library Road           |    30% | NORMAL
🔴 [MKCE_LID_05] Workshop Road          |   100% | CRITICAL
🔴 [MKCE_LID_06] Hostel Block Road      |  96.3% | CRITICAL
🔴 [MKCE_LID_07] Hostel Ring Road       |  98.2% | CRITICAL
🟢 [MKCE_LID_08] Playground Perimeter Rd |     0% | NORMAL
🟢 [MKCE_LID_09] Canteen Road           |     0% | NORMAL
🟢 [MKCE_LID_10] Back Gate Road         |     0% | NORMAL

⏱ 10:49:02 ────────────────────────────────────────
🔴 [MKCE_LID_01] Main Gate Road         |   100% | CRITICAL
🔴 [MKCE_LID_02] Academic Block Road    |   100% | CRITICAL
🟢 [MKCE_LID_03] Central Avenue         |  21.9% | NORMAL
🟢 [MKCE_LID_04] Library Road           |  26.3% | NORMAL
🔴 [MKCE_LID_05] Workshop Road          |   100% | CRITICAL
🔴 [MKCE_LID_06] Hostel Block Road      |  95.8% | CRITICAL
🔴 [MKCE_LID_07] Hostel Ring Road       |  96.5% | CRITICAL
🟢 [MKCE_LID_08] Playground Perimeter Rd |     0% | NORMAL
🟢 [MKCE_LID_09] Canteen Road           |     0% | NORMAL
🟢 [MKCE_LID_10] Back Gate Road         |     0% | NORMAL

⏱ 10:49:05 ────────────────────────────────────────
🔴 [MKCE_LID_01] Main Gate Road         |   100% | CRITICAL
🔴 [MKCE_LID_02] Academic Block Road    |   100% | CRITICAL
🟢 [MKCE_LID_03] Central Avenue         |  25.3% | NORMAL
🟢 [MKCE_LID_04] Library Road           |  22.1% | NORMAL
🔴 [MKCE_LID_05] Workshop Road          |   100% | CRITICAL
🔴 [MKCE_LID_06] Hostel Block Road      |  95.0% | CRITICAL
🔴 [MKCE_LID_07] Hostel Ring Road       |   100% | CRITICAL
🟢 [MKCE_LID_08] Playground Perimeter Rd |     0% | NORMAL
🟢 [MKCE_LID_09] Canteen Road           |     0% | NORMAL
🟢 [MKCE_LID_10] Back Gate Road         |     0% | NORMAL

⏱ 10:49:08 ────────────────────────────────────────
🔴 [MKCE_LID_01] Main Gate Road         |   100% | CRITICAL
🔴 [MKCE_LID_02] Academic Block Road    |   100% | CRITICAL
🟢 [MKCE_LID_03] Central Avenue         |  29.6% | NORMAL
🟢 [MKCE_LID_04] Library Road           |  18.6% | NORMAL
🔴 [MKCE_LID_05] Workshop Road          |   100% | CRITICAL
🔴 [MKCE_LID_06] Hostel Block Road      |  93.7% | CRITICAL
🔴 [MKCE_LID_07] Hostel Ring Road       |  97.9% | CRITICAL
🟢 [MKCE_LID_08] Playground Perimeter Rd |     0% | NORMAL
🟢 [MKCE_LID_09] Canteen Road           |     0% | NORMAL
🟢 [MKCE_LID_10] Back Gate Road         |     0% | NORMAL

⏱ 10:49:11 ────────────────────────────────────────
🔴 [MKCE_LID_01] Main Gate Road         |   100% | CRITICAL
🔴 [MKCE_LID_02] Academic Block Road    |   100% | CRITICAL
🟢 [MKCE_LID_03] Central Avenue         |  34.2% | NORMAL
🟢 [MKCE_LID_04] Library Road           |  15.7% | NORMAL
🔴 [MKCE_LID_05] Workshop Road          |   100% | CRITICAL
🔴 [MKCE_LID_06] Hostel Block Road      |  93.4% | CRITICAL
🔴 [MKCE_LID_07] Hostel Ring Road       |  95.1% | CRITICAL
🟢 [MKCE_LID_08] Playground Perimeter Rd |     0% | NORMAL
🟢 [MKCE_LID_09] Canteen Road           |     0% | NORMAL
🟢 [MKCE_LID_10] Back Gate Road         |     0% | NORMAL

⏱ 10:49:14 ────────────────────────────────────────
🔴 [MKCE_LID_01] Main Gate Road         |   100% | CRITICAL
🔴 [MKCE_LID_02] Academic Block Road    |   100% | CRITICAL
🟢 [MKCE_LID_03] Central Avenue         |  39.2% | NORMAL
🟢 [MKCE_LID_04] Library Road           |  13.1% | NORMAL
🔴 [MKCE_LID_05] Workshop Road          |   100% | CRITICAL
🔴 [MKCE_LID_06] Hostel Block Road      |  92.3% | CRITICAL
🔴 [MKCE_LID_07] Hostel Ring Road       |  92.7% | CRITICAL
🟢 [MKCE_LID_08] Playground Perimeter Rd |     0% | NORMAL
🟢 [MKCE_LID_09] Canteen Road           |     0% | NORMAL
🟢 [MKCE_LID_10] Back Gate Road         |     0% | NORMAL

⏱ 10:49:17 ────────────────────────────────────────
🔴 [MKCE_LID_01] Main Gate Road         |   100% | CRITICAL
🔴 [MKCE_LID_02] Academic Block Road    |   100% | CRITICAL
🟡 [MKCE_LID_03] Central Avenue         |  43.7% | WARNING
🟢 [MKCE_LID_04] Library Road           |  10.0% | NORMAL
🔴 [MKCE_LID_05] Workshop Road          |   100% | CRITICAL
🔴 [MKCE_LID_06] Hostel Block Road      |  90.3% | CRITICAL
🔴 [MKCE_LID_07] Hostel Ring Road       |  89.5% | CRITICAL
🟢 [MKCE_LID_08] Playground Perimeter Rd |     0% | NORMAL
🟢 [MKCE_LID_09] Canteen Road           |    30% | NORMAL
🟢 [MKCE_LID_10] Back Gate Road         |     0% | NORMAL

⏱ 10:49:20 ────────────────────────────────────────
🔴 [MKCE_LID_01] Main Gate Road         |   100% | CRITICAL
🔴 [MKCE_LID_02] Academic Block Road    |   100% | CRITICAL
🟡 [MKCE_LID_03] Central Avenue         |  48.2% | WARNING
🟢 [MKCE_LID_04] Library Road           |   6.7% | NORMAL
🔴 [MKCE_LID_05] Workshop Road          |   100% | CRITICAL
🔴 [MKCE_LID_06] Hostel Block Road      |  89.1% | CRITICAL
🔴 [MKCE_LID_07] Hostel Ring Road       |  86.4% | CRITICAL
🟢 [MKCE_LID_08] Playground Perimeter Rd |     0% | NORMAL
🟢 [MKCE_LID_09] Canteen Road           |  25.6% | NORMAL
🟢 [MKCE_LID_10] Back Gate Road         |     0% | NORMAL

⏱ 10:49:23 ────────────────────────────────────────
🔴 [MKCE_LID_01] Main Gate Road         |   100% | CRITICAL
🔴 [MKCE_LID_02] Academic Block Road    |   100% | CRITICAL
🟡 [MKCE_LID_03] Central Avenue         |  53.1% | WARNING
🟢 [MKCE_LID_04] Library Road           |   3.6% | NORMAL
🔴 [MKCE_LID_05] Workshop Road          |   100% | CRITICAL
🔴 [MKCE_LID_06] Hostel Block Road      |  88.6% | CRITICAL
🔴 [MKCE_LID_07] Hostel Ring Road       |  83.2% | CRITICAL
🟢 [MKCE_LID_08] Playground Perimeter Rd |     0% | NORMAL
🟢 [MKCE_LID_09] Canteen Road           |  21.3% | NORMAL
🟢 [MKCE_LID_10] Back Gate Road         |     0% | NORMAL

⏱ 10:49:26 ────────────────────────────────────────
🟡 [MKCE_LID_01] Main Gate Road         |    70% | WARNING
🔴 [MKCE_LID_02] Academic Block Road    |   100% | CRITICAL
🟡 [MKCE_LID_03] Central Avenue         |  57.2% | WARNING
🟢 [MKCE_LID_04] Library Road           |   0.7% | NORMAL
🔴 [MKCE_LID_05] Workshop Road          |   100% | CRITICAL
🔴 [MKCE_LID_06] Hostel Block Road      |  88.6% | CRITICAL
🔴 [MKCE_LID_07] Hostel Ring Road       |  81.0% | CRITICAL
🟢 [MKCE_LID_08] Playground Perimeter Rd |     0% | NORMAL
🟢 [MKCE_LID_09] Canteen Road           |  16.4% | NORMAL
🟢 [MKCE_LID_10] Back Gate Road         |     0% | NORMAL

⏱ 10:49:29 ────────────────────────────────────────
🔴 [MKCE_LID_01] Main Gate Road         |   100% | CRITICAL
🔴 [MKCE_LID_02] Academic Block Road    |   100% | CRITICAL
🔴 [MKCE_LID_03] Central Avenue         |  92.2% | CRITICAL
🟢 [MKCE_LID_04] Library Road           |     0% | NORMAL
🔴 [MKCE_LID_05] Workshop Road          |   100% | CRITICAL
🔴 [MKCE_LID_06] Hostel Block Road      |  89.3% | CRITICAL
🔴 [MKCE_LID_07] Hostel Ring Road       |  78.3% | CRITICAL
🟢 [MKCE_LID_08] Playground Perimeter Rd |     0% | NORMAL
🟢 [MKCE_LID_09] Canteen Road           |  11.4% | NORMAL
🟢 [MKCE_LID_10] Back Gate Road         |     0% | NORMAL

⏱ 10:49:33 ────────────────────────────────────────
🔴 [MKCE_LID_01] Main Gate Road         |   100% | CRITICAL
🔴 [MKCE_LID_02] Academic Block Road    |   100% | CRITICAL
🔴 [MKCE_LID_03] Central Avenue         |  97.2% | CRITICAL
🟢 [MKCE_LID_04] Library Road           |     0% | NORMAL
🔴 [MKCE_LID_05] Workshop Road          |   100% | CRITICAL
🔴 [MKCE_LID_06] Hostel Block Road      |  90.6% | CRITICAL
🔴 [MKCE_LID_07] Hostel Ring Road       |  76.0% | CRITICAL
🟢 [MKCE_LID_08] Playground Perimeter Rd |     0% | NORMAL
🟢 [MKCE_LID_09] Canteen Road           |   7.2% | NORMAL
🟢 [MKCE_LID_10] Back Gate Road         |     0% | NORMAL

⏱ 10:49:36 ────────────────────────────────────────
🔴 [MKCE_LID_01] Main Gate Road         |   100% | CRITICAL
🔴 [MKCE_LID_02] Academic Block Road    |   100% | CRITICAL
🔴 [MKCE_LID_03] Central Avenue         |   100% | CRITICAL
🟢 [MKCE_LID_04] Library Road           |     0% | NORMAL
🔴 [MKCE_LID_05] Workshop Road          |   100% | CRITICAL
🔴 [MKCE_LID_06] Hostel Block Road      |  92.6% | CRITICAL
🔴 [MKCE_LID_07] Hostel Ring Road       |  73.0% | CRITICAL
🟢 [MKCE_LID_08] Playground Perimeter Rd |     0% | NORMAL
🟢 [MKCE_LID_09] Canteen Road           |   3.9% | NORMAL
🟢 [MKCE_LID_10] Back Gate Road         |     0% | NORMAL

⏱ 10:49:39 ────────────────────────────────────────
🔴 [MKCE_LID_01] Main Gate Road         |   100% | CRITICAL
🔴 [MKCE_LID_02] Academic Block Road    |   100% | CRITICAL
🔴 [MKCE_LID_03] Central Avenue         |   100% | CRITICAL
🟢 [MKCE_LID_04] Library Road           |     0% | NORMAL
🔴 [MKCE_LID_05] Workshop Road          |   100% | CRITICAL
🔴 [MKCE_LID_06] Hostel Block Road      |  94.5% | CRITICAL
🔴 [MKCE_LID_07] Hostel Ring Road       |   100% | CRITICAL
🟢 [MKCE_LID_08] Playground Perimeter Rd |     0% | NORMAL
🟢 [MKCE_LID_09] Canteen Road           |   1.1% | NORMAL
🟢 [MKCE_LID_10] Back Gate Road         |     0% | NORMAL

⏱ 10:49:42 ────────────────────────────────────────
🔴 [MKCE_LID_01] Main Gate Road         |   100% | CRITICAL
🔴 [MKCE_LID_02] Academic Block Road    |   100% | CRITICAL
🔴 [MKCE_LID_03] Central Avenue         |   100% | CRITICAL
🟢 [MKCE_LID_04] Library Road           |     0% | NORMAL
🔴 [MKCE_LID_05] Workshop Road          |   100% | CRITICAL
🔴 [MKCE_LID_06] Hostel Block Road      |  97.0% | CRITICAL
🔴 [MKCE_LID_07] Hostel Ring Road       |  97.7% | CRITICAL
🟢 [MKCE_LID_08] Playground Perimeter Rd |     0% | NORMAL
🟢 [MKCE_LID_09] Canteen Road           |     0% | NORMAL
🟢 [MKCE_LID_10] Back Gate Road         |     0% | NORMAL

⏱ 10:49:45 ────────────────────────────────────────
🔴 [MKCE_LID_01] Main Gate Road         |   100% | CRITICAL
🔴 [MKCE_LID_02] Academic Block Road    |   100% | CRITICAL
🔴 [MKCE_LID_03] Central Avenue         |   100% | CRITICAL
🟢 [MKCE_LID_04] Library Road           |     0% | NORMAL
🔴 [MKCE_LID_05] Workshop Road          |   100% | CRITICAL
🔴 [MKCE_LID_06] Hostel Block Road      |  99.1% | CRITICAL
🔴 [MKCE_LID_07] Hostel Ring Road       |  96.2% | CRITICAL
🟢 [MKCE_LID_08] Playground Perimeter Rd |     0% | NORMAL
🟢 [MKCE_LID_09] Canteen Road           |     0% | NORMAL
🟢 [MKCE_LID_10] Back Gate Road         |     0% | NORMAL

⏱ 10:49:48 ────────────────────────────────────────
🟡 [MKCE_LID_01] Main Gate Road         |    70% | WARNING
🔴 [MKCE_LID_02] Academic Block Road    |   100% | CRITICAL
🔴 [MKCE_LID_03] Central Avenue         |   100% | CRITICAL
🟢 [MKCE_LID_04] Library Road           |     0% | NORMAL
🔴 [MKCE_LID_05] Workshop Road          |   100% | CRITICAL
🔴 [MKCE_LID_06] Hostel Block Road      |   100% | CRITICAL
🔴 [MKCE_LID_07] Hostel Ring Road       |  94.5% | CRITICAL
🟢 [MKCE_LID_08] Playground Perimeter Rd |     0% | NORMAL
🟢 [MKCE_LID_09] Canteen Road           |     0% | NORMAL
🟢 [MKCE_LID_10] Back Gate Road         |     0% | NORMAL

⏱ 10:49:51 ────────────────────────────────────────
🔴 [MKCE_LID_01] Main Gate Road         |  73.0% | CRITICAL
🔴 [MKCE_LID_02] Academic Block Road    |   100% | CRITICAL
🔴 [MKCE_LID_03] Central Avenue         |   100% | CRITICAL
🟢 [MKCE_LID_04] Library Road           |     0% | NORMAL
🔴 [MKCE_LID_05] Workshop Road          |   100% | CRITICAL
🔴 [MKCE_LID_06] Hostel Block Road      |   100% | CRITICAL
🔴 [MKCE_LID_07] Hostel Ring Road       |  93.4% | CRITICAL
🟢 [MKCE_LID_08] Playground Perimeter Rd |     0% | NORMAL
🟢 [MKCE_LID_09] Canteen Road           |     0% | NORMAL
🟢 [MKCE_LID_10] Back Gate Road         |    30% | NORMAL

⏱ 10:49:54 ────────────────────────────────────────
🔴 [MKCE_LID_01] Main Gate Road         |  75.0% | CRITICAL
🔴 [MKCE_LID_02] Academic Block Road    |   100% | CRITICAL
🔴 [MKCE_LID_03] Central Avenue         |   100% | CRITICAL
🟢 [MKCE_LID_04] Library Road           |     0% | NORMAL
🔴 [MKCE_LID_05] Workshop Road          |   100% | CRITICAL
🔴 [MKCE_LID_06] Hostel Block Road      |   100% | CRITICAL
🟡 [MKCE_LID_07] Hostel Ring Road       |  63.1% | WARNING
🟢 [MKCE_LID_08] Playground Perimeter Rd |     0% | NORMAL
🟢 [MKCE_LID_09] Canteen Road           |     0% | NORMAL
🟢 [MKCE_LID_10] Back Gate Road         |     0% | NORMAL

⏱ 10:49:57 ────────────────────────────────────────
🔴 [MKCE_LID_01] Main Gate Road         |  77.1% | CRITICAL
🔴 [MKCE_LID_02] Academic Block Road    |   100% | CRITICAL
🔴 [MKCE_LID_03] Central Avenue         |   100% | CRITICAL
🟢 [MKCE_LID_04] Library Road           |     0% | NORMAL
🔴 [MKCE_LID_05] Workshop Road          |   100% | CRITICAL
🔴 [MKCE_LID_06] Hostel Block Road      |   100% | CRITICAL
🟡 [MKCE_LID_07] Hostel Ring Road       |  63.1% | WARNING
🟢 [MKCE_LID_08] Playground Perimeter Rd |     0% | NORMAL
🟢 [MKCE_LID_09] Canteen Road           |     0% | NORMAL
🟢 [MKCE_LID_10] Back Gate Road         |     0% | NORMAL

⏱ 10:50:00 ────────────────────────────────────────
🔴 [MKCE_LID_01] Main Gate Road         |  78.6% | CRITICAL
🔴 [MKCE_LID_02] Academic Block Road    |   100% | CRITICAL
🔴 [MKCE_LID_03] Central Avenue         |   100% | CRITICAL
🟢 [MKCE_LID_04] Library Road           |     0% | NORMAL
🔴 [MKCE_LID_05] Workshop Road          |   100% | CRITICAL
🔴 [MKCE_LID_06] Hostel Block Road      |   100% | CRITICAL
🟡 [MKCE_LID_07] Hostel Ring Road       |  62.3% | WARNING
🟢 [MKCE_LID_08] Playground Perimeter Rd |     0% | NORMAL
🟢 [MKCE_LID_09] Canteen Road           |     0% | NORMAL
🟢 [MKCE_LID_10] Back Gate Road         |     0% | NORMAL

⏱ 10:50:03 ────────────────────────────────────────
🔴 [MKCE_LID_01] Main Gate Road         |  79.6% | CRITICAL
🔴 [MKCE_LID_02] Academic Block Road    |   100% | CRITICAL
🔴 [MKCE_LID_03] Central Avenue         |   100% | CRITICAL
🟢 [MKCE_LID_04] Library Road           |     0% | NORMAL
🔴 [MKCE_LID_05] Workshop Road          |   100% | CRITICAL
🔴 [MKCE_LID_06] Hostel Block Road      |   100% | CRITICAL
🟡 [MKCE_LID_07] Hostel Ring Road       |  61.8% | WARNING
🟢 [MKCE_LID_08] Playground Perimeter Rd |     0% | NORMAL
🟢 [MKCE_LID_09] Canteen Road           |     0% | NORMAL
🟢 [MKCE_LID_10] Back Gate Road         |     0% | NORMAL

⏱ 10:50:06 ────────────────────────────────────────
🔴 [MKCE_LID_01] Main Gate Road         |  79.7% | CRITICAL
🔴 [MKCE_LID_02] Academic Block Road    |   100% | CRITICAL
🔴 [MKCE_LID_03] Central Avenue         |   100% | CRITICAL
🟢 [MKCE_LID_04] Library Road           |     0% | NORMAL
🔴 [MKCE_LID_05] Workshop Road          |   100% | CRITICAL
🔴 [MKCE_LID_06] Hostel Block Road      |   100% | CRITICAL
🟡 [MKCE_LID_07] Hostel Ring Road       |  61.1% | WARNING
🟢 [MKCE_LID_08] Playground Perimeter Rd |     0% | NORMAL
🟢 [MKCE_LID_09] Canteen Road           |     0% | NORMAL
🟢 [MKCE_LID_10] Back Gate Road         |     0% | NORMAL

⏱ 10:50:09 ────────────────────────────────────────
🔴 [MKCE_LID_01] Main Gate Road         |  80.1% | CRITICAL
🔴 [MKCE_LID_02] Academic Block Road    |   100% | CRITICAL
🟡 [MKCE_LID_03] Central Avenue         |    70% | WARNING
🟢 [MKCE_LID_04] Library Road           |     0% | NORMAL
🔴 [MKCE_LID_05] Workshop Road          |   100% | CRITICAL
🔴 [MKCE_LID_06] Hostel Block Road      |   100% | CRITICAL
🟡 [MKCE_LID_07] Hostel Ring Road       |  60.4% | WARNING
🟢 [MKCE_LID_08] Playground Perimeter Rd |     0% | NORMAL
🟢 [MKCE_LID_09] Canteen Road           |     0% | NORMAL
🟢 [MKCE_LID_10] Back Gate Road         |     0% | NORMAL

⏱ 10:50:12 ────────────────────────────────────────
🔴 [MKCE_LID_01] Main Gate Road         |  80.0% | CRITICAL
🔴 [MKCE_LID_02] Academic Block Road    |   100% | CRITICAL
🔴 [MKCE_LID_03] Central Avenue         |  70.5% | CRITICAL
🟢 [MKCE_LID_04] Library Road           |     0% | NORMAL
🔴 [MKCE_LID_05] Workshop Road          |   100% | CRITICAL
🔴 [MKCE_LID_06] Hostel Block Road      |   100% | CRITICAL
🟡 [MKCE_LID_07] Hostel Ring Road       |  59.0% | WARNING
🟢 [MKCE_LID_08] Playground Perimeter Rd |     0% | NORMAL
🟢 [MKCE_LID_09] Canteen Road           |     0% | NORMAL
🟢 [MKCE_LID_10] Back Gate Road         |     0% | NORMAL

⏱ 10:50:15 ────────────────────────────────────────
🔴 [MKCE_LID_01] Main Gate Road         |  79.3% | CRITICAL
🔴 [MKCE_LID_02] Academic Block Road    |   100% | CRITICAL
🔴 [MKCE_LID_03] Central Avenue         |  71.3% | CRITICAL
🟢 [MKCE_LID_04] Library Road           |     0% | NORMAL
🔴 [MKCE_LID_05] Workshop Road          |   100% | CRITICAL
🔴 [MKCE_LID_06] Hostel Block Road      |   100% | CRITICAL
🟡 [MKCE_LID_07] Hostel Ring Road       |  58.1% | WARNING
🟢 [MKCE_LID_08] Playground Perimeter Rd |     0% | NORMAL
🟢 [MKCE_LID_09] Canteen Road           |     0% | NORMAL
🟢 [MKCE_LID_10] Back Gate Road         |     0% | NORMAL

⏱ 10:50:18 ────────────────────────────────────────
🔴 [MKCE_LID_01] Main Gate Road         |  78.1% | CRITICAL
🔴 [MKCE_LID_02] Academic Block Road    |   100% | CRITICAL
🔴 [MKCE_LID_03] Central Avenue         |  73.0% | CRITICAL
🟢 [MKCE_LID_04] Library Road           |     0% | NORMAL
🔴 [MKCE_LID_05] Workshop Road          |   100% | CRITICAL
🔴 [MKCE_LID_06] Hostel Block Road      |   100% | CRITICAL
🟡 [MKCE_LID_07] Hostel Ring Road       |  58.3% | WARNING
🟢 [MKCE_LID_08] Playground Perimeter Rd |     0% | NORMAL
🟢 [MKCE_LID_09] Canteen Road           |     0% | NORMAL
🟢 [MKCE_LID_10] Back Gate Road         |     0% | NORMAL

⏱ 10:50:21 ────────────────────────────────────────
🔴 [MKCE_LID_01] Main Gate Road         |  76.3% | CRITICAL
🔴 [MKCE_LID_02] Academic Block Road    |   100% | CRITICAL
🔴 [MKCE_LID_03] Central Avenue         |  75.5% | CRITICAL
🟢 [MKCE_LID_04] Library Road           |     0% | NORMAL
🔴 [MKCE_LID_05] Workshop Road          |   100% | CRITICAL
🔴 [MKCE_LID_06] Hostel Block Road      |   100% | CRITICAL
🟡 [MKCE_LID_07] Hostel Ring Road       |  58.3% | WARNING
🟢 [MKCE_LID_08] Playground Perimeter Rd |     0% | NORMAL
🟢 [MKCE_LID_09] Canteen Road           |     0% | NORMAL
🟢 [MKCE_LID_10] Back Gate Road         |     0% | NORMAL

⏱ 10:50:24 ────────────────────────────────────────
🔴 [MKCE_LID_01] Main Gate Road         |  74.7% | CRITICAL
🔴 [MKCE_LID_02] Academic Block Road    |   100% | CRITICAL
🔴 [MKCE_LID_03] Central Avenue         |  77.9% | CRITICAL
🟢 [MKCE_LID_04] Library Road           |     0% | NORMAL
🔴 [MKCE_LID_05] Workshop Road          |   100% | CRITICAL
🔴 [MKCE_LID_06] Hostel Block Road      |  99.9% | CRITICAL
🟡 [MKCE_LID_07] Hostel Ring Road       |  58.1% | WARNING
🟢 [MKCE_LID_08] Playground Perimeter Rd |     0% | NORMAL
🟢 [MKCE_LID_09] Canteen Road           |     0% | NORMAL
🟢 [MKCE_LID_10] Back Gate Road         |     0% | NORMAL

⏱ 10:50:27 ────────────────────────────────────────
🔴 [MKCE_LID_01] Main Gate Road         |  73.8% | CRITICAL
🔴 [MKCE_LID_02] Academic Block Road    |   100% | CRITICAL
🔴 [MKCE_LID_03] Central Avenue         |  81.4% | CRITICAL
🟢 [MKCE_LID_04] Library Road           |     0% | NORMAL
🔴 [MKCE_LID_05] Workshop Road          |   100% | CRITICAL
🔴 [MKCE_LID_06] Hostel Block Road      |  99.7% | CRITICAL
🟡 [MKCE_LID_07] Hostel Ring Road       |  58.0% | WARNING
🟢 [MKCE_LID_08] Playground Perimeter Rd |     0% | NORMAL
🟢 [MKCE_LID_09] Canteen Road           |     0% | NORMAL
🟢 [MKCE_LID_10] Back Gate Road         |     0% | NORMAL

⏱ 10:50:30 ────────────────────────────────────────
🔴 [MKCE_LID_01] Main Gate Road         |  73.8% | CRITICAL
🔴 [MKCE_LID_02] Academic Block Road    |   100% | CRITICAL
🔴 [MKCE_LID_03] Central Avenue         |  84.3% | CRITICAL
🟢 [MKCE_LID_04] Library Road           |     0% | NORMAL
🔴 [MKCE_LID_05] Workshop Road          |   100% | CRITICAL
🔴 [MKCE_LID_06] Hostel Block Road      |  98.5% | CRITICAL
🟡 [MKCE_LID_07] Hostel Ring Road       |  57.9% | WARNING
🟢 [MKCE_LID_08] Playground Perimeter Rd |     0% | NORMAL
🟢 [MKCE_LID_09] Canteen Road           |     0% | NORMAL
🟢 [MKCE_LID_10] Back Gate Road         |     0% | NORMAL

⏱ 10:50:34 ────────────────────────────────────────
🔴 [MKCE_LID_01] Main Gate Road         |  73.5% | CRITICAL
🔴 [MKCE_LID_02] Academic Block Road    |   100% | CRITICAL
🔴 [MKCE_LID_03] Central Avenue         |   100% | CRITICAL
🟢 [MKCE_LID_04] Library Road           |     0% | NORMAL
🔴 [MKCE_LID_05] Workshop Road          |   100% | CRITICAL
🔴 [MKCE_LID_06] Hostel Block Road      |  96.9% | CRITICAL
🟡 [MKCE_LID_07] Hostel Ring Road       |  57.8% | WARNING
🟢 [MKCE_LID_08] Playground Perimeter Rd |     0% | NORMAL
🟢 [MKCE_LID_09] Canteen Road           |     0% | NORMAL
🟢 [MKCE_LID_10] Back Gate Road         |     0% | NORMAL

⏱ 10:50:37 ────────────────────────────────────────
🔴 [MKCE_LID_01] Main Gate Road         |  72.8% | CRITICAL
🔴 [MKCE_LID_02] Academic Block Road    |   100% | CRITICAL
🔴 [MKCE_LID_03] Central Avenue         |   100% | CRITICAL
🟢 [MKCE_LID_04] Library Road           |     0% | NORMAL
🔴 [MKCE_LID_05] Workshop Road          |   100% | CRITICAL
🔴 [MKCE_LID_06] Hostel Block Road      |  94.5% | CRITICAL
🟡 [MKCE_LID_07] Hostel Ring Road       |  57.4% | WARNING
🟢 [MKCE_LID_08] Playground Perimeter Rd |     0% | NORMAL
🟢 [MKCE_LID_09] Canteen Road           |     0% | NORMAL
🟢 [MKCE_LID_10] Back Gate Road         |     0% | NORMAL

⏱ 10:50:40 ────────────────────────────────────────
🔴 [MKCE_LID_01] Main Gate Road         |  71.8% | CRITICAL
🔴 [MKCE_LID_02] Academic Block Road    |   100% | CRITICAL
🔴 [MKCE_LID_03] Central Avenue         |   100% | CRITICAL
🟢 [MKCE_LID_04] Library Road           |     0% | NORMAL
🔴 [MKCE_LID_05] Workshop Road          |   100% | CRITICAL
🔴 [MKCE_LID_06] Hostel Block Road      |  92.7% | CRITICAL
🟡 [MKCE_LID_07] Hostel Ring Road       |  57.1% | WARNING
🟢 [MKCE_LID_08] Playground Perimeter Rd |     0% | NORMAL
🟢 [MKCE_LID_09] Canteen Road           |     0% | NORMAL
🟢 [MKCE_LID_10] Back Gate Road         |     0% | NORMAL

⏱ 10:50:43 ────────────────────────────────────────
🟡 [MKCE_LID_01] Main Gate Road         |  69.8% | WARNING
🔴 [MKCE_LID_02] Academic Block Road    |   100% | CRITICAL
🔴 [MKCE_LID_03] Central Avenue         |   100% | CRITICAL
🟢 [MKCE_LID_04] Library Road           |     0% | NORMAL
🔴 [MKCE_LID_05] Workshop Road          |   100% | CRITICAL
🔴 [MKCE_LID_06] Hostel Block Road      |  91.3% | CRITICAL
🟢 [MKCE_LID_07] Hostel Ring Road       |  26.5% | NORMAL
🟢 [MKCE_LID_08] Playground Perimeter Rd |     0% | NORMAL
🟢 [MKCE_LID_09] Canteen Road           |     0% | NORMAL
🟢 [MKCE_LID_10] Back Gate Road         |     0% | NORMAL

⏱ 10:50:46 ────────────────────────────────────────
🟡 [MKCE_LID_01] Main Gate Road         |  68.8% | WARNING
🔴 [MKCE_LID_02] Academic Block Road    |   100% | CRITICAL
🔴 [MKCE_LID_03] Central Avenue         |   100% | CRITICAL
🟢 [MKCE_LID_04] Library Road           |     0% | NORMAL
🔴 [MKCE_LID_05] Workshop Road          |   100% | CRITICAL
🔴 [MKCE_LID_06] Hostel Block Road      |  89.8% | CRITICAL
🟢 [MKCE_LID_07] Hostel Ring Road       |  26.8% | NORMAL
🟢 [MKCE_LID_08] Playground Perimeter Rd |     0% | NORMAL
🟢 [MKCE_LID_09] Canteen Road           |     0% | NORMAL
🟢 [MKCE_LID_10] Back Gate Road         |     0% | NORMAL

⏱ 10:50:49 ────────────────────────────────────────
🟡 [MKCE_LID_01] Main Gate Road         |  66.9% | WARNING
🔴 [MKCE_LID_02] Academic Block Road    |   100% | CRITICAL
🔴 [MKCE_LID_03] Central Avenue         |   100% | CRITICAL
🟢 [MKCE_LID_04] Library Road           |     0% | NORMAL
🔴 [MKCE_LID_05] Workshop Road          |   100% | CRITICAL
🔴 [MKCE_LID_06] Hostel Block Road      |  88.1% | CRITICAL
🟢 [MKCE_LID_07] Hostel Ring Road       |  26.4% | NORMAL
🟢 [MKCE_LID_08] Playground Perimeter Rd |     0% | NORMAL
🟢 [MKCE_LID_09] Canteen Road           |   0.1% | NORMAL
🟢 [MKCE_LID_10] Back Gate Road         |     0% | NORMAL

⏱ 10:50:52 ────────────────────────────────────────
🟡 [MKCE_LID_01] Main Gate Road         |  64.5% | WARNING
🔴 [MKCE_LID_02] Academic Block Road    |   100% | CRITICAL
🔴 [MKCE_LID_03] Central Avenue         |   100% | CRITICAL
🟢 [MKCE_LID_04] Library Road           |     0% | NORMAL
🔴 [MKCE_LID_05] Workshop Road          |  99.9% | CRITICAL
🔴 [MKCE_LID_06] Hostel Block Road      |  87.0% | CRITICAL
🟢 [MKCE_LID_07] Hostel Ring Road       |  25.2% | NORMAL
🟢 [MKCE_LID_08] Playground Perimeter Rd |     0% | NORMAL
🟢 [MKCE_LID_09] Canteen Road           |   1.2% | NORMAL
🟢 [MKCE_LID_10] Back Gate Road         |     0% | NORMAL

⏱ 10:50:55 ────────────────────────────────────────
🟢 [MKCE_LID_01] Main Gate Road         |  31.6% | NORMAL
🔴 [MKCE_LID_02] Academic Block Road    |   100% | CRITICAL
🔴 [MKCE_LID_03] Central Avenue         |   100% | CRITICAL
🟢 [MKCE_LID_04] Library Road           |     0% | NORMAL
🔴 [MKCE_LID_05] Workshop Road          |  99.4% | CRITICAL
🔴 [MKCE_LID_06] Hostel Block Road      |  86.4% | CRITICAL
🟢 [MKCE_LID_07] Hostel Ring Road       |  23.3% | NORMAL
🟢 [MKCE_LID_08] Playground Perimeter Rd |     0% | NORMAL
🟢 [MKCE_LID_09] Canteen Road           |   3.2% | NORMAL
🟢 [MKCE_LID_10] Back Gate Road         |     0% | NORMAL

⏱ 10:50:58 ────────────────────────────────────────
🟢 [MKCE_LID_01] Main Gate Road         |  29.2% | NORMAL
🔴 [MKCE_LID_02] Academic Block Road    |   100% | CRITICAL
🔴 [MKCE_LID_03] Central Avenue         |   100% | CRITICAL
🟢 [MKCE_LID_04] Library Road           |     0% | NORMAL
🔴 [MKCE_LID_05] Workshop Road          |  98.8% | CRITICAL
🔴 [MKCE_LID_06] Hostel Block Road      |  86.6% | CRITICAL
🟢 [MKCE_LID_07] Hostel Ring Road       |  20.8% | NORMAL
🟢 [MKCE_LID_08] Playground Perimeter Rd |     0% | NORMAL
🟢 [MKCE_LID_09] Canteen Road           |   4.8% | NORMAL
🟢 [MKCE_LID_10] Back Gate Road         |     0% | NORMAL

⏱ 10:51:01 ────────────────────────────────────────
🟢 [MKCE_LID_01] Main Gate Road         |  26.9% | NORMAL
🔴 [MKCE_LID_02] Academic Block Road    |   100% | CRITICAL
🔴 [MKCE_LID_03] Central Avenue         |   100% | CRITICAL
🟢 [MKCE_LID_04] Library Road           |   0.1% | NORMAL
🔴 [MKCE_LID_05] Workshop Road          |   100% | CRITICAL
🔴 [MKCE_LID_06] Hostel Block Road      |  87.7% | CRITICAL
🟢 [MKCE_LID_07] Hostel Ring Road       |  18.5% | NORMAL
🟢 [MKCE_LID_08] Playground Perimeter Rd |     0% | NORMAL
🟢 [MKCE_LID_09] Canteen Road           |   6.7% | NORMAL
🟢 [MKCE_LID_10] Back Gate Road         |     0% | NORMAL

⏱ 10:51:04 ────────────────────────────────────────
🟢 [MKCE_LID_01] Main Gate Road         |  24.9% | NORMAL
🔴 [MKCE_LID_02] Academic Block Road    |   100% | CRITICAL
🔴 [MKCE_LID_03] Central Avenue         |   100% | CRITICAL
🟢 [MKCE_LID_04] Library Road           |     0% | NORMAL
🔴 [MKCE_LID_05] Workshop Road          |   100% | CRITICAL
🔴 [MKCE_LID_06] Hostel Block Road      |  89.5% | CRITICAL
🟢 [MKCE_LID_07] Hostel Ring Road       |  16.0% | NORMAL
🟢 [MKCE_LID_08] Playground Perimeter Rd |     0% | NORMAL
🟢 [MKCE_LID_09] Canteen Road           |   7.9% | NORMAL
🟢 [MKCE_LID_10] Back Gate Road         |     0% | NORMAL

⏱ 10:51:07 ────────────────────────────────────────
🟢 [MKCE_LID_01] Main Gate Road         |  23.1% | NORMAL
🔴 [MKCE_LID_02] Academic Block Road    |   100% | CRITICAL
🔴 [MKCE_LID_03] Central Avenue         |   100% | CRITICAL
🟢 [MKCE_LID_04] Library Road           |     0% | NORMAL
🔴 [MKCE_LID_05] Workshop Road          |  99.7% | CRITICAL
🔴 [MKCE_LID_06] Hostel Block Road      |  92.0% | CRITICAL
🟢 [MKCE_LID_07] Hostel Ring Road       |  13.6% | NORMAL
🟢 [MKCE_LID_08] Playground Perimeter Rd |     0% | NORMAL
🟢 [MKCE_LID_09] Canteen Road           |  10.0% | NORMAL
🟢 [MKCE_LID_10] Back Gate Road         |     0% | NORMAL

⏱ 10:51:10 ────────────────────────────────────────
🟢 [MKCE_LID_01] Main Gate Road         |     0% | NORMAL
🔴 [MKCE_LID_02] Academic Block Road    |   100% | CRITICAL
🟡 [MKCE_LID_03] Central Avenue         |    70% | WARNING
🟢 [MKCE_LID_04] Library Road           |     0% | NORMAL
🔴 [MKCE_LID_05] Workshop Road          |  99.3% | CRITICAL
🔴 [MKCE_LID_06] Hostel Block Road      |  94.6% | CRITICAL
🟢 [MKCE_LID_07] Hostel Ring Road       |  11.3% | NORMAL
🟢 [MKCE_LID_08] Playground Perimeter Rd |     0% | NORMAL
🟢 [MKCE_LID_09] Canteen Road           |  12.7% | NORMAL
🟢 [MKCE_LID_10] Back Gate Road         |   0.0% | NORMAL

⏱ 10:51:13 ────────────────────────────────────────
🟢 [MKCE_LID_01] Main Gate Road         |     0% | NORMAL
🔴 [MKCE_LID_02] Academic Block Road    |   100% | CRITICAL
🔴 [MKCE_LID_03] Central Avenue         |  72.7% | CRITICAL
🟢 [MKCE_LID_04] Library Road           |     0% | NORMAL
🔴 [MKCE_LID_05] Workshop Road          |   100% | CRITICAL
🔴 [MKCE_LID_06] Hostel Block Road      |  96.3% | CRITICAL
🟢 [MKCE_LID_07] Hostel Ring Road       |   9.1% | NORMAL
🟢 [MKCE_LID_08] Playground Perimeter Rd |     0% | NORMAL
🟢 [MKCE_LID_09] Canteen Road           |  15.3% | NORMAL
🟢 [MKCE_LID_10] Back Gate Road         |   0.6% | NORMAL

⏱ 10:51:16 ────────────────────────────────────────
🟢 [MKCE_LID_01] Main Gate Road         |     0% | NORMAL
🔴 [MKCE_LID_02] Academic Block Road    |   100% | CRITICAL
🔴 [MKCE_LID_03] Central Avenue         |  75.6% | CRITICAL
🟢 [MKCE_LID_04] Library Road           |     0% | NORMAL
🔴 [MKCE_LID_05] Workshop Road          |   100% | CRITICAL
🔴 [MKCE_LID_06] Hostel Block Road      |  97.1% | CRITICAL
🟢 [MKCE_LID_07] Hostel Ring Road       |   7.7% | NORMAL
🟢 [MKCE_LID_08] Playground Perimeter Rd |     0% | NORMAL
🟢 [MKCE_LID_09] Canteen Road           |  17.8% | NORMAL
🟢 [MKCE_LID_10] Back Gate Road         |   0.2% | NORMAL

⏱ 10:51:19 ────────────────────────────────────────
🟢 [MKCE_LID_01] Main Gate Road         |     0% | NORMAL
🔴 [MKCE_LID_02] Academic Block Road    |   100% | CRITICAL
🔴 [MKCE_LID_03] Central Avenue         |   100% | CRITICAL
🟢 [MKCE_LID_04] Library Road           |     0% | NORMAL
🔴 [MKCE_LID_05] Workshop Road          |   100% | CRITICAL
🔴 [MKCE_LID_06] Hostel Block Road      |  98.7% | CRITICAL
🟢 [MKCE_LID_07] Hostel Ring Road       |   6.8% | NORMAL
🟢 [MKCE_LID_08] Playground Perimeter Rd |     0% | NORMAL
🟢 [MKCE_LID_09] Canteen Road           |  19.8% | NORMAL
🟢 [MKCE_LID_10] Back Gate Road         |     0% | NORMAL

⏱ 10:51:22 ────────────────────────────────────────
🟢 [MKCE_LID_01] Main Gate Road         |     0% | NORMAL
🔴 [MKCE_LID_02] Academic Block Road    |   100% | CRITICAL
🔴 [MKCE_LID_03] Central Avenue         |   100% | CRITICAL
🟢 [MKCE_LID_04] Library Road           |   0.4% | NORMAL
🔴 [MKCE_LID_05] Workshop Road          |   100% | CRITICAL
🔴 [MKCE_LID_06] Hostel Block Road      |  99.7% | CRITICAL
🟢 [MKCE_LID_07] Hostel Ring Road       |   6.5% | NORMAL
🟢 [MKCE_LID_08] Playground Perimeter Rd |    30% | NORMAL
🟢 [MKCE_LID_09] Canteen Road           |  21.9% | NORMAL
🟢 [MKCE_LID_10] Back Gate Road         |     0% | NORMAL

⏱ 10:51:25 ────────────────────────────────────────
🟢 [MKCE_LID_01] Main Gate Road         |     0% | NORMAL
🔴 [MKCE_LID_02] Academic Block Road    |   100% | CRITICAL
🔴 [MKCE_LID_03] Central Avenue         |   100% | CRITICAL
🟢 [MKCE_LID_04] Library Road           |   1.2% | NORMAL
🔴 [MKCE_LID_05] Workshop Road          |   100% | CRITICAL
🔴 [MKCE_LID_06] Hostel Block Road      |   100% | CRITICAL
🟢 [MKCE_LID_07] Hostel Ring Road       |   5.8% | NORMAL
🟢 [MKCE_LID_08] Playground Perimeter Rd |  26.0% | NORMAL
🟢 [MKCE_LID_09] Canteen Road           |  24.6% | NORMAL
🟢 [MKCE_LID_10] Back Gate Road         |    30% | NORMAL

⏱ 10:51:28 ────────────────────────────────────────
🟢 [MKCE_LID_01] Main Gate Road         |     0% | NORMAL
🔴 [MKCE_LID_02] Academic Block Road    |   100% | CRITICAL
🔴 [MKCE_LID_03] Central Avenue         |   100% | CRITICAL
🟢 [MKCE_LID_04] Library Road           |   2.1% | NORMAL
🔴 [MKCE_LID_05] Workshop Road          |   100% | CRITICAL
🔴 [MKCE_LID_06] Hostel Block Road      |   100% | CRITICAL
🟢 [MKCE_LID_07] Hostel Ring Road       |   4.1% | NORMAL
🟢 [MKCE_LID_08] Playground Perimeter Rd |  22.0% | NORMAL
🟢 [MKCE_LID_09] Canteen Road           |  27.5% | NORMAL
🟢 [MKCE_LID_10] Back Gate Road         |  30.2% | NORMAL

⏱ 10:51:31 ────────────────────────────────────────
🟢 [MKCE_LID_01] Main Gate Road         |     0% | NORMAL
🔴 [MKCE_LID_02] Academic Block Road    |   100% | CRITICAL
🔴 [MKCE_LID_03] Central Avenue         |   100% | CRITICAL
🟢 [MKCE_LID_04] Library Road           |   3.3% | NORMAL
🔴 [MKCE_LID_05] Workshop Road          |   100% | CRITICAL
🔴 [MKCE_LID_06] Hostel Block Road      |   100% | CRITICAL
🟢 [MKCE_LID_07] Hostel Ring Road       |   1.7% | NORMAL
🟢 [MKCE_LID_08] Playground Perimeter Rd |  17.5% | NORMAL
🟢 [MKCE_LID_09] Canteen Road           |  29.4% | NORMAL
🟢 [MKCE_LID_10] Back Gate Road         |  30.2% | NORMAL

⏱ 10:51:34 ────────────────────────────────────────
🟢 [MKCE_LID_01] Main Gate Road         |     0% | NORMAL
🔴 [MKCE_LID_02] Academic Block Road    |   100% | CRITICAL
🟡 [MKCE_LID_03] Central Avenue         |    70% | WARNING
🟢 [MKCE_LID_04] Library Road           |   4.6% | NORMAL
🔴 [MKCE_LID_05] Workshop Road          |   100% | CRITICAL
🔴 [MKCE_LID_06] Hostel Block Road      |  99.6% | CRITICAL
🟢 [MKCE_LID_07] Hostel Ring Road       |     0% | NORMAL
🟢 [MKCE_LID_08] Playground Perimeter Rd |  13.1% | NORMAL
🟢 [MKCE_LID_09] Canteen Road           |  32.1% | NORMAL
🟡 [MKCE_LID_10] Back Gate Road         |  59.2% | WARNING

⏱ 10:51:38 ────────────────────────────────────────
🟢 [MKCE_LID_01] Main Gate Road         |     0% | NORMAL
🔴 [MKCE_LID_02] Academic Block Road    |   100% | CRITICAL
🔴 [MKCE_LID_03] Central Avenue         |  74.6% | CRITICAL
🟢 [MKCE_LID_04] Library Road           |   6.1% | NORMAL
🔴 [MKCE_LID_05] Workshop Road          |   100% | CRITICAL
🔴 [MKCE_LID_06] Hostel Block Road      |  99.6% | CRITICAL
🟢 [MKCE_LID_07] Hostel Ring Road       |     0% | NORMAL
🟢 [MKCE_LID_08] Playground Perimeter Rd |   8.2% | NORMAL
🟢 [MKCE_LID_09] Canteen Road           |  34.5% | NORMAL
🟡 [MKCE_LID_10] Back Gate Road         |  57.2% | WARNING

⏱ 10:51:41 ────────────────────────────────────────
🟢 [MKCE_LID_01] Main Gate Road         |     0% | NORMAL
🔴 [MKCE_LID_02] Academic Block Road    |   100% | CRITICAL
🔴 [MKCE_LID_03] Central Avenue         |  78.9% | CRITICAL
🟢 [MKCE_LID_04] Library Road           |   7.0% | NORMAL
🔴 [MKCE_LID_05] Workshop Road          |   100% | CRITICAL
🔴 [MKCE_LID_06] Hostel Block Road      |  98.9% | CRITICAL
🟢 [MKCE_LID_07] Hostel Ring Road       |     0% | NORMAL
🟢 [MKCE_LID_08] Playground Perimeter Rd |   3.2% | NORMAL
🟢 [MKCE_LID_09] Canteen Road           |  36.2% | NORMAL
🟡 [MKCE_LID_10] Back Gate Road         |  56.1% | WARNING

⏱ 10:51:44 ────────────────────────────────────────
🟢 [MKCE_LID_01] Main Gate Road         |     0% | NORMAL
🔴 [MKCE_LID_02] Academic Block Road    |   100% | CRITICAL
🔴 [MKCE_LID_03] Central Avenue         |  83.9% | CRITICAL
🟢 [MKCE_LID_04] Library Road           |   7.9% | NORMAL
🔴 [MKCE_LID_05] Workshop Road          |   100% | CRITICAL
🟡 [MKCE_LID_06] Hostel Block Road      |  68.5% | WARNING
🟢 [MKCE_LID_07] Hostel Ring Road       |     0% | NORMAL
🟢 [MKCE_LID_08] Playground Perimeter Rd |     0% | NORMAL
🟢 [MKCE_LID_09] Canteen Road           |  38.3% | NORMAL
🟡 [MKCE_LID_10] Back Gate Road         |  55.0% | WARNING

⏱ 10:51:47 ────────────────────────────────────────
🟢 [MKCE_LID_01] Main Gate Road         |     0% | NORMAL
🔴 [MKCE_LID_02] Academic Block Road    |   100% | CRITICAL
🔴 [MKCE_LID_03] Central Avenue         |  88.9% | CRITICAL
🟢 [MKCE_LID_04] Library Road           |   9.7% | NORMAL
🔴 [MKCE_LID_05] Workshop Road          |   100% | CRITICAL
🟡 [MKCE_LID_06] Hostel Block Road      |  67.6% | WARNING
🟢 [MKCE_LID_07] Hostel Ring Road       |     0% | NORMAL
🟢 [MKCE_LID_08] Playground Perimeter Rd |     0% | NORMAL
🟡 [MKCE_LID_09] Canteen Road           |  40.5% | WARNING
🟡 [MKCE_LID_10] Back Gate Road         |  53.7% | WARNING

⏱ 10:51:50 ────────────────────────────────────────
🟢 [MKCE_LID_01] Main Gate Road         |     0% | NORMAL
🔴 [MKCE_LID_02] Academic Block Road    |   100% | CRITICAL
🔴 [MKCE_LID_03] Central Avenue         |  93.7% | CRITICAL
🟢 [MKCE_LID_04] Library Road           |  10.6% | NORMAL
🔴 [MKCE_LID_05] Workshop Road          |   100% | CRITICAL
🟡 [MKCE_LID_06] Hostel Block Road      |  66.9% | WARNING
🟢 [MKCE_LID_07] Hostel Ring Road       |     0% | NORMAL
🟢 [MKCE_LID_08] Playground Perimeter Rd |     0% | NORMAL
🟡 [MKCE_LID_09] Canteen Road           |  43.0% | WARNING
🟡 [MKCE_LID_10] Back Gate Road         |  51.6% | WARNING

⏱ 10:51:53 ────────────────────────────────────────
🟢 [MKCE_LID_01] Main Gate Road         |     0% | NORMAL
🔴 [MKCE_LID_02] Academic Block Road    |   100% | CRITICAL
🔴 [MKCE_LID_03] Central Avenue         |  98.2% | CRITICAL
🟢 [MKCE_LID_04] Library Road           |  11.6% | NORMAL
🔴 [MKCE_LID_05] Workshop Road          |   100% | CRITICAL
🟡 [MKCE_LID_06] Hostel Block Road      |  65.8% | WARNING
🟢 [MKCE_LID_07] Hostel Ring Road       |   0.3% | NORMAL
🟢 [MKCE_LID_08] Playground Perimeter Rd |     0% | NORMAL
🟡 [MKCE_LID_09] Canteen Road           |  45.2% | WARNING
🟡 [MKCE_LID_10] Back Gate Road         |  50.1% | WARNING

⏱ 10:51:56 ────────────────────────────────────────
🟢 [MKCE_LID_01] Main Gate Road         |     0% | NORMAL
🔴 [MKCE_LID_02] Academic Block Road    |   100% | CRITICAL
🔴 [MKCE_LID_03] Central Avenue         |   100% | CRITICAL
🟢 [MKCE_LID_04] Library Road           |  13.2% | NORMAL
🔴 [MKCE_LID_05] Workshop Road          |   100% | CRITICAL
🟡 [MKCE_LID_06] Hostel Block Road      |  64.9% | WARNING
🟢 [MKCE_LID_07] Hostel Ring Road       |     0% | NORMAL
🟢 [MKCE_LID_08] Playground Perimeter Rd |     0% | NORMAL
🟡 [MKCE_LID_09] Canteen Road           |  47.8% | WARNING
🟡 [MKCE_LID_10] Back Gate Road         |  48.8% | WARNING

⏱ 10:51:59 ────────────────────────────────────────
🟢 [MKCE_LID_01] Main Gate Road         |     0% | NORMAL
🔴 [MKCE_LID_02] Academic Block Road    |   100% | CRITICAL
🔴 [MKCE_LID_03] Central Avenue         |   100% | CRITICAL
🟢 [MKCE_LID_04] Library Road           |  14.1% | NORMAL
🔴 [MKCE_LID_05] Workshop Road          |   100% | CRITICAL
🔴 [MKCE_LID_06] Hostel Block Road      |  93.6% | CRITICAL
🟢 [MKCE_LID_07] Hostel Ring Road       |     0% | NORMAL
🟢 [MKCE_LID_08] Playground Perimeter Rd |     0% | NORMAL
🟡 [MKCE_LID_09] Canteen Road           |  49.8% | WARNING
🟡 [MKCE_LID_10] Back Gate Road         |  48.1% | WARNING

⏱ 10:52:02 ────────────────────────────────────────
🟢 [MKCE_LID_01] Main Gate Road         |     0% | NORMAL
🔴 [MKCE_LID_02] Academic Block Road    |   100% | CRITICAL
🔴 [MKCE_LID_03] Central Avenue         |   100% | CRITICAL
🟢 [MKCE_LID_04] Library Road           |  15.5% | NORMAL
🔴 [MKCE_LID_05] Workshop Road          |   100% | CRITICAL
🔴 [MKCE_LID_06] Hostel Block Road      |  91.6% | CRITICAL
🟢 [MKCE_LID_07] Hostel Ring Road       |     0% | NORMAL
🟢 [MKCE_LID_08] Playground Perimeter Rd |     0% | NORMAL
🟡 [MKCE_LID_09] Canteen Road           |  51.1% | WARNING
🟡 [MKCE_LID_10] Back Gate Road         |  47.5% | WARNING

⏱ 10:52:05 ────────────────────────────────────────
🟢 [MKCE_LID_01] Main Gate Road         |     0% | NORMAL
🔴 [MKCE_LID_02] Academic Block Road    |   100% | CRITICAL
🔴 [MKCE_LID_03] Central Avenue         |   100% | CRITICAL
🟢 [MKCE_LID_04] Library Road           |  16.2% | NORMAL
🔴 [MKCE_LID_05] Workshop Road          |   100% | CRITICAL
🟡 [MKCE_LID_06] Hostel Block Road      |  58.8% | WARNING
🟢 [MKCE_LID_07] Hostel Ring Road       |    30% | NORMAL
🟢 [MKCE_LID_08] Playground Perimeter Rd |     0% | NORMAL
🟡 [MKCE_LID_09] Canteen Road           |  52.9% | WARNING
🟡 [MKCE_LID_10] Back Gate Road         |  46.7% | WARNING

⏱ 10:52:08 ────────────────────────────────────────
🟢 [MKCE_LID_01] Main Gate Road         |     0% | NORMAL
🔴 [MKCE_LID_02] Academic Block Road    |   100% | CRITICAL
🔴 [MKCE_LID_03] Central Avenue         |   100% | CRITICAL
🟢 [MKCE_LID_04] Library Road           |  16.6% | NORMAL
🔴 [MKCE_LID_05] Workshop Road          |   100% | CRITICAL
🟢 [MKCE_LID_06] Hostel Block Road      |  26.6% | NORMAL
🟡 [MKCE_LID_07] Hostel Ring Road       |  58.5% | WARNING
🟢 [MKCE_LID_08] Playground Perimeter Rd |     0% | NORMAL
🟡 [MKCE_LID_09] Canteen Road           |  53.7% | WARNING
🟡 [MKCE_LID_10] Back Gate Road         |  45.3% | WARNING

⏱ 10:52:11 ────────────────────────────────────────
🟢 [MKCE_LID_01] Main Gate Road         |     0% | NORMAL
🔴 [MKCE_LID_02] Academic Block Road    |   100% | CRITICAL
🔴 [MKCE_LID_03] Central Avenue         |   100% | CRITICAL
🟢 [MKCE_LID_04] Library Road           |  16.6% | NORMAL
🔴 [MKCE_LID_05] Workshop Road          |   100% | CRITICAL
🟢 [MKCE_LID_06] Hostel Block Road      |     0% | NORMAL
🟡 [MKCE_LID_07] Hostel Ring Road       |  56.3% | WARNING
🟢 [MKCE_LID_08] Playground Perimeter Rd |     0% | NORMAL
🟡 [MKCE_LID_09] Canteen Road           |  53.9% | WARNING
🟡 [MKCE_LID_10] Back Gate Road         |  44.2% | WARNING

⏱ 10:52:14 ────────────────────────────────────────
🟢 [MKCE_LID_01] Main Gate Road         |     0% | NORMAL
🔴 [MKCE_LID_02] Academic Block Road    |   100% | CRITICAL
🔴 [MKCE_LID_03] Central Avenue         |   100% | CRITICAL
🟢 [MKCE_LID_04] Library Road           |  17.4% | NORMAL
🟡 [MKCE_LID_05] Workshop Road          |    70% | WARNING
🟢 [MKCE_LID_06] Hostel Block Road      |     0% | NORMAL
🟡 [MKCE_LID_07] Hostel Ring Road       |  54.0% | WARNING
🟢 [MKCE_LID_08] Playground Perimeter Rd |     0% | NORMAL
🟢 [MKCE_LID_09] Canteen Road           |  23.7% | NORMAL
🟡 [MKCE_LID_10] Back Gate Road         |  44.1% | WARNING

⏱ 10:52:17 ────────────────────────────────────────
🟢 [MKCE_LID_01] Main Gate Road         |     0% | NORMAL
🔴 [MKCE_LID_02] Academic Block Road    |   100% | CRITICAL
🔴 [MKCE_LID_03] Central Avenue         |   100% | CRITICAL
🟢 [MKCE_LID_04] Library Road           |  17.3% | NORMAL
🔴 [MKCE_LID_05] Workshop Road          |    75% | CRITICAL
🟢 [MKCE_LID_06] Hostel Block Road      |     0% | NORMAL
🟡 [MKCE_LID_07] Hostel Ring Road       |  51.9% | WARNING
🟢 [MKCE_LID_08] Playground Perimeter Rd |     0% | NORMAL
🟢 [MKCE_LID_09] Canteen Road           |  24.5% | NORMAL
🟡 [MKCE_LID_10] Back Gate Road         |  43.8% | WARNING

⏱ 10:52:20 ────────────────────────────────────────
🟢 [MKCE_LID_01] Main Gate Road         |     0% | NORMAL
🔴 [MKCE_LID_02] Academic Block Road    |   100% | CRITICAL
🔴 [MKCE_LID_03] Central Avenue         |   100% | CRITICAL
🟢 [MKCE_LID_04] Library Road           |  18.0% | NORMAL
🔴 [MKCE_LID_05] Workshop Road          |    80% | CRITICAL
🟢 [MKCE_LID_06] Hostel Block Road      |     0% | NORMAL
🟡 [MKCE_LID_07] Hostel Ring Road       |  49.4% | WARNING
🟢 [MKCE_LID_08] Playground Perimeter Rd |     0% | NORMAL
🟢 [MKCE_LID_09] Canteen Road           |  24.5% | NORMAL
🟡 [MKCE_LID_10] Back Gate Road         |  42.9% | WARNING

⏱ 10:52:23 ────────────────────────────────────────
🟢 [MKCE_LID_01] Main Gate Road         |     0% | NORMAL
🔴 [MKCE_LID_02] Academic Block Road    |   100% | CRITICAL
🔴 [MKCE_LID_03] Central Avenue         |   100% | CRITICAL
🟢 [MKCE_LID_04] Library Road           |  18.0% | NORMAL
🔴 [MKCE_LID_05] Workshop Road          |  84.5% | CRITICAL
🟢 [MKCE_LID_06] Hostel Block Road      |     0% | NORMAL
🟡 [MKCE_LID_07] Hostel Ring Road       |  46.1% | WARNING
🟢 [MKCE_LID_08] Playground Perimeter Rd |     0% | NORMAL
🟢 [MKCE_LID_09] Canteen Road           |  25.1% | NORMAL
🟡 [MKCE_LID_10] Back Gate Road         |  43.0% | WARNING

⏱ 10:52:26 ────────────────────────────────────────
🟢 [MKCE_LID_01] Main Gate Road         |     0% | NORMAL
🔴 [MKCE_LID_02] Academic Block Road    |   100% | CRITICAL
🔴 [MKCE_LID_03] Central Avenue         |   100% | CRITICAL
🟢 [MKCE_LID_04] Library Road           |  18.3% | NORMAL
🔴 [MKCE_LID_05] Workshop Road          |  88.3% | CRITICAL
🟢 [MKCE_LID_06] Hostel Block Road      |    30% | NORMAL
🟡 [MKCE_LID_07] Hostel Ring Road       |  43.3% | WARNING
🟢 [MKCE_LID_08] Playground Perimeter Rd |     0% | NORMAL
🟢 [MKCE_LID_09] Canteen Road           |  25.3% | NORMAL
🟡 [MKCE_LID_10] Back Gate Road         |  42.9% | WARNING

⏱ 10:52:29 ────────────────────────────────────────
🟢 [MKCE_LID_01] Main Gate Road         |     0% | NORMAL
🔴 [MKCE_LID_02] Academic Block Road    |   100% | CRITICAL
🔴 [MKCE_LID_03] Central Avenue         |   100% | CRITICAL
🟢 [MKCE_LID_04] Library Road           |  17.7% | NORMAL
🔴 [MKCE_LID_05] Workshop Road          |  92.0% | CRITICAL
🟢 [MKCE_LID_06] Hostel Block Road      |  27.3% | NORMAL
🟢 [MKCE_LID_07] Hostel Ring Road       |  39.7% | NORMAL
🟢 [MKCE_LID_08] Playground Perimeter Rd |     0% | NORMAL
🟢 [MKCE_LID_09] Canteen Road           |  25.4% | NORMAL
🟡 [MKCE_LID_10] Back Gate Road         |  42.0% | WARNING

⏱ 10:52:32 ────────────────────────────────────────
🟢 [MKCE_LID_01] Main Gate Road         |     0% | NORMAL
🔴 [MKCE_LID_02] Academic Block Road    |   100% | CRITICAL
🔴 [MKCE_LID_03] Central Avenue         |   100% | CRITICAL
🟢 [MKCE_LID_04] Library Road           |  16.4% | NORMAL
🟡 [MKCE_LID_05] Workshop Road          |  66.4% | WARNING
🟢 [MKCE_LID_06] Hostel Block Road      |     0% | NORMAL
🟢 [MKCE_LID_07] Hostel Ring Road       |  35.5% | NORMAL
🟢 [MKCE_LID_08] Playground Perimeter Rd |     0% | NORMAL
🟢 [MKCE_LID_09] Canteen Road           |  25.9% | NORMAL
🟡 [MKCE_LID_10] Back Gate Road         |  41.0% | WARNING

⏱ 10:52:35 ────────────────────────────────────────
🟢 [MKCE_LID_01] Main Gate Road         |     0% | NORMAL
🔴 [MKCE_LID_02] Academic Block Road    |   100% | CRITICAL
🔴 [MKCE_LID_03] Central Avenue         |   100% | CRITICAL
🟢 [MKCE_LID_04] Library Road           |  14.6% | NORMAL
🔴 [MKCE_LID_05] Workshop Road          |  70.2% | CRITICAL
🟢 [MKCE_LID_06] Hostel Block Road      |     0% | NORMAL
🟢 [MKCE_LID_07] Hostel Ring Road       |  31.2% | NORMAL
🟢 [MKCE_LID_08] Playground Perimeter Rd |     0% | NORMAL
🟢 [MKCE_LID_09] Canteen Road           |  26.3% | NORMAL
🟡 [MKCE_LID_10] Back Gate Road         |  40.5% | WARNING

⏱ 10:52:39 ────────────────────────────────────────
🟢 [MKCE_LID_01] Main Gate Road         |    30% | NORMAL
🔴 [MKCE_LID_02] Academic Block Road    |   100% | CRITICAL
🔴 [MKCE_LID_03] Central Avenue         |   100% | CRITICAL
🟢 [MKCE_LID_04] Library Road           |  13.0% | NORMAL
🔴 [MKCE_LID_05] Workshop Road          |  74.8% | CRITICAL
🟢 [MKCE_LID_06] Hostel Block Road      |     0% | NORMAL
🟢 [MKCE_LID_07] Hostel Ring Road       |  27.0% | NORMAL
🟢 [MKCE_LID_08] Playground Perimeter Rd |     0% | NORMAL
🟢 [MKCE_LID_09] Canteen Road           |  26.6% | NORMAL
🟡 [MKCE_LID_10] Back Gate Road         |  40.0% | WARNING

⏱ 10:52:42 ────────────────────────────────────────
🟢 [MKCE_LID_01] Main Gate Road         |  28.5% | NORMAL
🔴 [MKCE_LID_02] Academic Block Road    |   100% | CRITICAL
🔴 [MKCE_LID_03] Central Avenue         |   100% | CRITICAL
🟢 [MKCE_LID_04] Library Road           |  11.3% | NORMAL
🔴 [MKCE_LID_05] Workshop Road          |  78.9% | CRITICAL
🟢 [MKCE_LID_06] Hostel Block Road      |     0% | NORMAL
🟢 [MKCE_LID_07] Hostel Ring Road       |  23.5% | NORMAL
🟢 [MKCE_LID_08] Playground Perimeter Rd |     0% | NORMAL
🟢 [MKCE_LID_09] Canteen Road           |  27.2% | NORMAL
🟢 [MKCE_LID_10] Back Gate Road         |  39.8% | NORMAL

⏱ 10:52:45 ────────────────────────────────────────
🟢 [MKCE_LID_01] Main Gate Road         |  26.6% | NORMAL
🔴 [MKCE_LID_02] Academic Block Road    |   100% | CRITICAL
🔴 [MKCE_LID_03] Central Avenue         |   100% | CRITICAL
🟢 [MKCE_LID_04] Library Road           |  10.4% | NORMAL
🔴 [MKCE_LID_05] Workshop Road          |  83.2% | CRITICAL
🟢 [MKCE_LID_06] Hostel Block Road      |   0.5% | NORMAL
🟢 [MKCE_LID_07] Hostel Ring Road       |  20.9% | NORMAL
🟢 [MKCE_LID_08] Playground Perimeter Rd |     0% | NORMAL
🟢 [MKCE_LID_09] Canteen Road           |  27.8% | NORMAL
🟢 [MKCE_LID_10] Back Gate Road         |  39.3% | NORMAL

⏱ 10:52:48 ────────────────────────────────────────
🟢 [MKCE_LID_01] Main Gate Road         |  24.5% | NORMAL
🔴 [MKCE_LID_02] Academic Block Road    |   100% | CRITICAL
🔴 [MKCE_LID_03] Central Avenue         |   100% | CRITICAL
🟢 [MKCE_LID_04] Library Road           |   9.8% | NORMAL
🔴 [MKCE_LID_05] Workshop Road          |  87.1% | CRITICAL
🟢 [MKCE_LID_06] Hostel Block Road      |   1.1% | NORMAL
🟢 [MKCE_LID_07] Hostel Ring Road       |  17.3% | NORMAL
🟢 [MKCE_LID_08] Playground Perimeter Rd |     0% | NORMAL
🟢 [MKCE_LID_09] Canteen Road           |  29.0% | NORMAL
🟢 [MKCE_LID_10] Back Gate Road         |  37.8% | NORMAL

⏱ 10:52:51 ────────────────────────────────────────
🟢 [MKCE_LID_01] Main Gate Road         |  23.1% | NORMAL
🔴 [MKCE_LID_02] Academic Block Road    |   100% | CRITICAL
🔴 [MKCE_LID_03] Central Avenue         |   100% | CRITICAL
🟢 [MKCE_LID_04] Library Road           |   8.6% | NORMAL
🔴 [MKCE_LID_05] Workshop Road          |  91.4% | CRITICAL
🟢 [MKCE_LID_06] Hostel Block Road      |   1.0% | NORMAL
🟢 [MKCE_LID_07] Hostel Ring Road       |  14.3% | NORMAL
🟢 [MKCE_LID_08] Playground Perimeter Rd |     0% | NORMAL
🟢 [MKCE_LID_09] Canteen Road           |  29.4% | NORMAL
🟢 [MKCE_LID_10] Back Gate Road         |  37.2% | NORMAL

⏱ 10:52:54 ────────────────────────────────────────
🟢 [MKCE_LID_01] Main Gate Road         |  21.0% | NORMAL
🔴 [MKCE_LID_02] Academic Block Road    |   100% | CRITICAL
🔴 [MKCE_LID_03] Central Avenue         |   100% | CRITICAL
🟢 [MKCE_LID_04] Library Road           |   7.5% | NORMAL
🔴 [MKCE_LID_05] Workshop Road          |  96.1% | CRITICAL
🟢 [MKCE_LID_06] Hostel Block Road      |   1.7% | NORMAL
🟢 [MKCE_LID_07] Hostel Ring Road       |  10.3% | NORMAL
🟢 [MKCE_LID_08] Playground Perimeter Rd |     0% | NORMAL
🟢 [MKCE_LID_09] Canteen Road           |  29.5% | NORMAL
🟢 [MKCE_LID_10] Back Gate Road         |  35.7% | NORMAL

⏱ 10:52:57 ────────────────────────────────────────
🟢 [MKCE_LID_01] Main Gate Road         |  18.9% | NORMAL
🔴 [MKCE_LID_02] Academic Block Road    |   100% | CRITICAL
🔴 [MKCE_LID_03] Central Avenue         |   100% | CRITICAL
🟢 [MKCE_LID_04] Library Road           |   6.9% | NORMAL
🔴 [MKCE_LID_05] Workshop Road          |   100% | CRITICAL
🟢 [MKCE_LID_06] Hostel Block Road      |   1.6% | NORMAL
🟢 [MKCE_LID_07] Hostel Ring Road       |   7.0% | NORMAL
🟢 [MKCE_LID_08] Playground Perimeter Rd |     0% | NORMAL
🟢 [MKCE_LID_09] Canteen Road           |  30.4% | NORMAL
🟢 [MKCE_LID_10] Back Gate Road         |  33.2% | NORMAL

⏱ 10:53:00 ────────────────────────────────────────
🟢 [MKCE_LID_01] Main Gate Road         |  16.5% | NORMAL
🔴 [MKCE_LID_02] Academic Block Road    |   100% | CRITICAL
🔴 [MKCE_LID_03] Central Avenue         |   100% | CRITICAL
🟢 [MKCE_LID_04] Library Road           |   6.7% | NORMAL
🔴 [MKCE_LID_05] Workshop Road          |   100% | CRITICAL
🟢 [MKCE_LID_06] Hostel Block Road      |   0.8% | NORMAL
🟢 [MKCE_LID_07] Hostel Ring Road       |   3.3% | NORMAL
🟢 [MKCE_LID_08] Playground Perimeter Rd |     0% | NORMAL
🟢 [MKCE_LID_09] Canteen Road           |  30.4% | NORMAL
🟢 [MKCE_LID_10] Back Gate Road         |  30.3% | NORMAL

⏱ 10:53:03 ────────────────────────────────────────
🟢 [MKCE_LID_01] Main Gate Road         |  13.3% | NORMAL
🔴 [MKCE_LID_02] Academic Block Road    |   100% | CRITICAL
🔴 [MKCE_LID_03] Central Avenue         |   100% | CRITICAL
🟢 [MKCE_LID_04] Library Road           |   7.5% | NORMAL
🔴 [MKCE_LID_05] Workshop Road          |   100% | CRITICAL
🟢 [MKCE_LID_06] Hostel Block Road      |     0% | NORMAL
🟢 [MKCE_LID_07] Hostel Ring Road       |     0% | NORMAL
🟢 [MKCE_LID_08] Playground Perimeter Rd |     0% | NORMAL
🟢 [MKCE_LID_09] Canteen Road           |  29.6% | NORMAL
🟢 [MKCE_LID_10] Back Gate Road         |  27.8% | NORMAL

⏱ 10:53:06 ────────────────────────────────────────
🟢 [MKCE_LID_01] Main Gate Road         |   9.4% | NORMAL
🔴 [MKCE_LID_02] Academic Block Road    |   100% | CRITICAL
🔴 [MKCE_LID_03] Central Avenue         |   100% | CRITICAL
🟢 [MKCE_LID_04] Library Road           |   7.7% | NORMAL
🔴 [MKCE_LID_05] Workshop Road          |   100% | CRITICAL
🟢 [MKCE_LID_06] Hostel Block Road      |     0% | NORMAL
🟢 [MKCE_LID_07] Hostel Ring Road       |     0% | NORMAL
🟢 [MKCE_LID_08] Playground Perimeter Rd |     0% | NORMAL
🟢 [MKCE_LID_09] Canteen Road           |  28.5% | NORMAL
🟢 [MKCE_LID_10] Back Gate Road         |  25.5% | NORMAL

⏱ 10:53:09 ────────────────────────────────────────
🟢 [MKCE_LID_01] Main Gate Road         |  35.7% | NORMAL
🔴 [MKCE_LID_02] Academic Block Road    |   100% | CRITICAL
🔴 [MKCE_LID_03] Central Avenue         |   100% | CRITICAL
🟢 [MKCE_LID_04] Library Road           |   8.7% | NORMAL
🔴 [MKCE_LID_05] Workshop Road          |   100% | CRITICAL
🟢 [MKCE_LID_06] Hostel Block Road      |   0.5% | NORMAL
🟢 [MKCE_LID_07] Hostel Ring Road       |     0% | NORMAL
🟢 [MKCE_LID_08] Playground Perimeter Rd |     0% | NORMAL
🟢 [MKCE_LID_09] Canteen Road           |  27.5% | NORMAL
🟢 [MKCE_LID_10] Back Gate Road         |  22.5% | NORMAL

⏱ 10:53:12 ────────────────────────────────────────
🟢 [MKCE_LID_01] Main Gate Road         |  32.9% | NORMAL
🔴 [MKCE_LID_02] Academic Block Road    |   100% | CRITICAL
🔴 [MKCE_LID_03] Central Avenue         |   100% | CRITICAL
🟢 [MKCE_LID_04] Library Road           |   9.9% | NORMAL
🔴 [MKCE_LID_05] Workshop Road          |   100% | CRITICAL
🟢 [MKCE_LID_06] Hostel Block Road      |   1.9% | NORMAL
🟢 [MKCE_LID_07] Hostel Ring Road       |     0% | NORMAL
🟢 [MKCE_LID_08] Playground Perimeter Rd |     0% | NORMAL
🟢 [MKCE_LID_09] Canteen Road           |  26.6% | NORMAL
🟢 [MKCE_LID_10] Back Gate Road         |  19.4% | NORMAL

⏱ 10:53:15 ────────────────────────────────────────
🟢 [MKCE_LID_01] Main Gate Road         |  29.6% | NORMAL
🔴 [MKCE_LID_02] Academic Block Road    |   100% | CRITICAL
🔴 [MKCE_LID_03] Central Avenue         |   100% | CRITICAL
🟢 [MKCE_LID_04] Library Road           |  11.3% | NORMAL
🔴 [MKCE_LID_05] Workshop Road          |   100% | CRITICAL
🟢 [MKCE_LID_06] Hostel Block Road      |   4.3% | NORMAL
🟢 [MKCE_LID_07] Hostel Ring Road       |     0% | NORMAL
🟢 [MKCE_LID_08] Playground Perimeter Rd |     0% | NORMAL
🟢 [MKCE_LID_09] Canteen Road           |  24.8% | NORMAL
🟢 [MKCE_LID_10] Back Gate Road         |  16.9% | NORMAL

⏱ 10:53:18 ────────────────────────────────────────
🟢 [MKCE_LID_01] Main Gate Road         |  26.1% | NORMAL
🔴 [MKCE_LID_02] Academic Block Road    |   100% | CRITICAL
🔴 [MKCE_LID_03] Central Avenue         |   100% | CRITICAL
🟢 [MKCE_LID_04] Library Road           |  13.5% | NORMAL
🔴 [MKCE_LID_05] Workshop Road          |   100% | CRITICAL
🟢 [MKCE_LID_06] Hostel Block Road      |   7.1% | NORMAL
🟢 [MKCE_LID_07] Hostel Ring Road       |     0% | NORMAL
🟢 [MKCE_LID_08] Playground Perimeter Rd |    30% | NORMAL
🟢 [MKCE_LID_09] Canteen Road           |  22.7% | NORMAL
🟢 [MKCE_LID_10] Back Gate Road         |  13.7% | NORMAL

⏱ 10:53:21 ────────────────────────────────────────
🟢 [MKCE_LID_01] Main Gate Road         |  22.7% | NORMAL
🔴 [MKCE_LID_02] Academic Block Road    |   100% | CRITICAL
🔴 [MKCE_LID_03] Central Avenue         |   100% | CRITICAL
🟢 [MKCE_LID_04] Library Road           |  15.8% | NORMAL
🟡 [MKCE_LID_05] Workshop Road          |    70% | WARNING
🟢 [MKCE_LID_06] Hostel Block Road      |  10.0% | NORMAL
🟢 [MKCE_LID_07] Hostel Ring Road       |     0% | NORMAL
🟢 [MKCE_LID_08] Playground Perimeter Rd |  26.0% | NORMAL
🟢 [MKCE_LID_09] Canteen Road           |  19.9% | NORMAL
🟢 [MKCE_LID_10] Back Gate Road         |  10.1% | NORMAL

⏱ 10:53:24 ────────────────────────────────────────
🟢 [MKCE_LID_01] Main Gate Road         |  19.4% | NORMAL
🔴 [MKCE_LID_02] Academic Block Road    |   100% | CRITICAL
🔴 [MKCE_LID_03] Central Avenue         |   100% | CRITICAL
🟢 [MKCE_LID_04] Library Road           |     0% | NORMAL
🔴 [MKCE_LID_05] Workshop Road          |  74.3% | CRITICAL
🟢 [MKCE_LID_06] Hostel Block Road      |  13.7% | NORMAL
🟢 [MKCE_LID_07] Hostel Ring Road       |     0% | NORMAL
🟢 [MKCE_LID_08] Playground Perimeter Rd |  22.0% | NORMAL
🟢 [MKCE_LID_09] Canteen Road           |  16.3% | NORMAL
🟢 [MKCE_LID_10] Back Gate Road         |   6.3% | NORMAL

⏱ 10:53:27 ────────────────────────────────────────
🟢 [MKCE_LID_01] Main Gate Road         |  16.2% | NORMAL
🔴 [MKCE_LID_02] Academic Block Road    |   100% | CRITICAL
🔴 [MKCE_LID_03] Central Avenue         |   100% | CRITICAL
🟢 [MKCE_LID_04] Library Road           |   2.7% | NORMAL
🔴 [MKCE_LID_05] Workshop Road          |  77.7% | CRITICAL
🟢 [MKCE_LID_06] Hostel Block Road      |  16.4% | NORMAL
🟢 [MKCE_LID_07] Hostel Ring Road       |     0% | NORMAL
🟢 [MKCE_LID_08] Playground Perimeter Rd |  17.1% | NORMAL
🟢 [MKCE_LID_09] Canteen Road           |  11.6% | NORMAL
🟢 [MKCE_LID_10] Back Gate Road         |  32.9% | NORMAL

⏱ 10:53:30 ────────────────────────────────────────
🟢 [MKCE_LID_01] Main Gate Road         |  13.2% | NORMAL
🔴 [MKCE_LID_02] Academic Block Road    |   100% | CRITICAL
🔴 [MKCE_LID_03] Central Avenue         |   100% | CRITICAL
🟢 [MKCE_LID_04] Library Road           |   4.7% | NORMAL
🔴 [MKCE_LID_05] Workshop Road          |  80.2% | CRITICAL
🟢 [MKCE_LID_06] Hostel Block Road      |  19.2% | NORMAL
🟢 [MKCE_LID_07] Hostel Ring Road       |     0% | NORMAL
🟢 [MKCE_LID_08] Playground Perimeter Rd |  12.3% | NORMAL
🟢 [MKCE_LID_09] Canteen Road           |   7.0% | NORMAL
🟢 [MKCE_LID_10] Back Gate Road         |  30.1% | NORMAL

⏱ 10:53:33 ────────────────────────────────────────
🟢 [MKCE_LID_01] Main Gate Road         |   9.6% | NORMAL
🔴 [MKCE_LID_02] Academic Block Road    |   100% | CRITICAL
🔴 [MKCE_LID_03] Central Avenue         |   100% | CRITICAL
🟢 [MKCE_LID_04] Library Road           |   5.7% | NORMAL
🔴 [MKCE_LID_05] Workshop Road          |   100% | CRITICAL
🟢 [MKCE_LID_06] Hostel Block Road      |  21.3% | NORMAL
🟢 [MKCE_LID_07] Hostel Ring Road       |     0% | NORMAL
🟢 [MKCE_LID_08] Playground Perimeter Rd |   7.8% | NORMAL
🟢 [MKCE_LID_09] Canteen Road           |   2.2% | NORMAL
🟢 [MKCE_LID_10] Back Gate Road         |  26.9% | NORMAL

⏱ 10:53:36 ────────────────────────────────────────
🟢 [MKCE_LID_01] Main Gate Road         |   6.2% | NORMAL
🔴 [MKCE_LID_02] Academic Block Road    |   100% | CRITICAL
🔴 [MKCE_LID_03] Central Avenue         |   100% | CRITICAL
🟢 [MKCE_LID_04] Library Road           |   6.9% | NORMAL
🔴 [MKCE_LID_05] Workshop Road          |   100% | CRITICAL
🟢 [MKCE_LID_06] Hostel Block Road      |  23.8% | NORMAL
🟢 [MKCE_LID_07] Hostel Ring Road       |     0% | NORMAL
🟢 [MKCE_LID_08] Playground Perimeter Rd |   3.1% | NORMAL
🟢 [MKCE_LID_09] Canteen Road           |     0% | NORMAL
🟢 [MKCE_LID_10] Back Gate Road         |  24.2% | NORMAL

⏱ 10:53:40 ────────────────────────────────────────
🟢 [MKCE_LID_01] Main Gate Road         |   3.6% | NORMAL
🔴 [MKCE_LID_02] Academic Block Road    |   100% | CRITICAL
🔴 [MKCE_LID_03] Central Avenue         |   100% | CRITICAL
🟢 [MKCE_LID_04] Library Road           |   8.4% | NORMAL
🔴 [MKCE_LID_05] Workshop Road          |   100% | CRITICAL
🟢 [MKCE_LID_06] Hostel Block Road      |  25.5% | NORMAL
🟢 [MKCE_LID_07] Hostel Ring Road       |     0% | NORMAL
🟢 [MKCE_LID_08] Playground Perimeter Rd |     0% | NORMAL
🟢 [MKCE_LID_09] Canteen Road           |     0% | NORMAL
🟢 [MKCE_LID_10] Back Gate Road         |  22.5% | NORMAL

⏱ 10:53:43 ────────────────────────────────────────
🟢 [MKCE_LID_01] Main Gate Road         |   1.9% | NORMAL
🔴 [MKCE_LID_02] Academic Block Road    |   100% | CRITICAL
🔴 [MKCE_LID_03] Central Avenue         |   100% | CRITICAL
🟢 [MKCE_LID_04] Library Road           |  10.3% | NORMAL
🔴 [MKCE_LID_05] Workshop Road          |   100% | CRITICAL
🟢 [MKCE_LID_06] Hostel Block Road      |  27.1% | NORMAL
🟢 [MKCE_LID_07] Hostel Ring Road       |     0% | NORMAL
🟢 [MKCE_LID_08] Playground Perimeter Rd |     0% | NORMAL
🟢 [MKCE_LID_09] Canteen Road           |     0% | NORMAL
🟡 [MKCE_LID_10] Back Gate Road         |  51.2% | WARNING

⏱ 10:53:46 ────────────────────────────────────────
🟢 [MKCE_LID_01] Main Gate Road         |     0% | NORMAL
🔴 [MKCE_LID_02] Academic Block Road    |   100% | CRITICAL
🔴 [MKCE_LID_03] Central Avenue         |   100% | CRITICAL
🟢 [MKCE_LID_04] Library Road           |  11.4% | NORMAL
🔴 [MKCE_LID_05] Workshop Road          |   100% | CRITICAL
🟢 [MKCE_LID_06] Hostel Block Road      |  29.1% | NORMAL
🟢 [MKCE_LID_07] Hostel Ring Road       |     0% | NORMAL
🟢 [MKCE_LID_08] Playground Perimeter Rd |     0% | NORMAL
🟢 [MKCE_LID_09] Canteen Road           |     0% | NORMAL
🟡 [MKCE_LID_10] Back Gate Road         |  49.7% | WARNING

⏱ 10:53:49 ────────────────────────────────────────
🟢 [MKCE_LID_01] Main Gate Road         |     0% | NORMAL
🔴 [MKCE_LID_02] Academic Block Road    |   100% | CRITICAL
🔴 [MKCE_LID_03] Central Avenue         |  99.6% | CRITICAL
🟢 [MKCE_LID_04] Library Road           |  11.8% | NORMAL
🔴 [MKCE_LID_05] Workshop Road          |   100% | CRITICAL
🟢 [MKCE_LID_06] Hostel Block Road      |  31.8% | NORMAL
🟢 [MKCE_LID_07] Hostel Ring Road       |     0% | NORMAL
🟢 [MKCE_LID_08] Playground Perimeter Rd |     0% | NORMAL
🟢 [MKCE_LID_09] Canteen Road           |     0% | NORMAL
🟡 [MKCE_LID_10] Back Gate Road         |  47.7% | WARNING

⏱ 10:53:52 ────────────────────────────────────────
🟢 [MKCE_LID_01] Main Gate Road         |     0% | NORMAL
🔴 [MKCE_LID_02] Academic Block Road    |   100% | CRITICAL
🔴 [MKCE_LID_03] Central Avenue         |  98.9% | CRITICAL
🟢 [MKCE_LID_04] Library Road           |  12.4% | NORMAL
🔴 [MKCE_LID_05] Workshop Road          |   100% | CRITICAL
🟢 [MKCE_LID_06] Hostel Block Road      |  35.2% | NORMAL
🟢 [MKCE_LID_07] Hostel Ring Road       |     0% | NORMAL
🟢 [MKCE_LID_08] Playground Perimeter Rd |     0% | NORMAL
🟢 [MKCE_LID_09] Canteen Road           |     0% | NORMAL
🟡 [MKCE_LID_10] Back Gate Road         |  46.0% | WARNING

⏱ 10:53:55 ────────────────────────────────────────
🟢 [MKCE_LID_01] Main Gate Road         |     0% | NORMAL
🔴 [MKCE_LID_02] Academic Block Road    |   100% | CRITICAL
🔴 [MKCE_LID_03] Central Avenue         |  98.4% | CRITICAL
🟢 [MKCE_LID_04] Library Road           |  12.6% | NORMAL
🔴 [MKCE_LID_05] Workshop Road          |   100% | CRITICAL
🟢 [MKCE_LID_06] Hostel Block Road      |  37.8% | NORMAL
🟢 [MKCE_LID_07] Hostel Ring Road       |     0% | NORMAL
🟢 [MKCE_LID_08] Playground Perimeter Rd |     0% | NORMAL
🟢 [MKCE_LID_09] Canteen Road           |     0% | NORMAL
🟡 [MKCE_LID_10] Back Gate Road         |  44.0% | WARNING

⏱ 10:53:58 ────────────────────────────────────────
🟢 [MKCE_LID_01] Main Gate Road         |     0% | NORMAL
🔴 [MKCE_LID_02] Academic Block Road    |   100% | CRITICAL
🔴 [MKCE_LID_03] Central Avenue         |  97.1% | CRITICAL
🟢 [MKCE_LID_04] Library Road           |  12.6% | NORMAL
🔴 [MKCE_LID_05] Workshop Road          |   100% | CRITICAL
🟢 [MKCE_LID_06] Hostel Block Road      |  39.8% | NORMAL
🟢 [MKCE_LID_07] Hostel Ring Road       |     0% | NORMAL
🟢 [MKCE_LID_08] Playground Perimeter Rd |     0% | NORMAL
🟢 [MKCE_LID_09] Canteen Road           |     0% | NORMAL
🟡 [MKCE_LID_10] Back Gate Road         |  42.6% | WARNING

⏱ 10:54:01 ────────────────────────────────────────
🟢 [MKCE_LID_01] Main Gate Road         |     0% | NORMAL
🔴 [MKCE_LID_02] Academic Block Road    |   100% | CRITICAL
🔴 [MKCE_LID_03] Central Avenue         |  95.8% | CRITICAL
🟢 [MKCE_LID_04] Library Road           |  12.9% | NORMAL
🔴 [MKCE_LID_05] Workshop Road          |   100% | CRITICAL
🟡 [MKCE_LID_06] Hostel Block Road      |  41.5% | WARNING
🟢 [MKCE_LID_07] Hostel Ring Road       |     0% | NORMAL
🟢 [MKCE_LID_08] Playground Perimeter Rd |     0% | NORMAL
🟢 [MKCE_LID_09] Canteen Road           |     0% | NORMAL
🟡 [MKCE_LID_10] Back Gate Road         |  40.5% | WARNING

⏱ 10:54:04 ────────────────────────────────────────
🟢 [MKCE_LID_01] Main Gate Road         |     0% | NORMAL
🔴 [MKCE_LID_02] Academic Block Road    |   100% | CRITICAL
🔴 [MKCE_LID_03] Central Avenue         |  95.6% | CRITICAL
🟢 [MKCE_LID_04] Library Road           |  13.1% | NORMAL
🔴 [MKCE_LID_05] Workshop Road          |   100% | CRITICAL
🟡 [MKCE_LID_06] Hostel Block Road      |  43.6% | WARNING
🟢 [MKCE_LID_07] Hostel Ring Road       |     0% | NORMAL
🟢 [MKCE_LID_08] Playground Perimeter Rd |     0% | NORMAL
🟢 [MKCE_LID_09] Canteen Road           |     0% | NORMAL
🟢 [MKCE_LID_10] Back Gate Road         |  38.6% | NORMAL

⏱ 10:54:07 ────────────────────────────────────────
🟢 [MKCE_LID_01] Main Gate Road         |     0% | NORMAL
🔴 [MKCE_LID_02] Academic Block Road    |   100% | CRITICAL
🔴 [MKCE_LID_03] Central Avenue         |  94.7% | CRITICAL
🟢 [MKCE_LID_04] Library Road           |  13.3% | NORMAL
🔴 [MKCE_LID_05] Workshop Road          |   100% | CRITICAL
🟡 [MKCE_LID_06] Hostel Block Road      |  45.8% | WARNING
🟢 [MKCE_LID_07] Hostel Ring Road       |     0% | NORMAL
🟢 [MKCE_LID_08] Playground Perimeter Rd |     0% | NORMAL
🟢 [MKCE_LID_09] Canteen Road           |     0% | NORMAL
🟢 [MKCE_LID_10] Back Gate Road         |  36.7% | NORMAL

⏱ 10:54:10 ────────────────────────────────────────
🟢 [MKCE_LID_01] Main Gate Road         |     0% | NORMAL
🔴 [MKCE_LID_02] Academic Block Road    |   100% | CRITICAL
🔴 [MKCE_LID_03] Central Avenue         |  93.4% | CRITICAL
🟢 [MKCE_LID_04] Library Road           |  12.9% | NORMAL
🔴 [MKCE_LID_05] Workshop Road          |   100% | CRITICAL
🟡 [MKCE_LID_06] Hostel Block Road      |  47.8% | WARNING
🟢 [MKCE_LID_07] Hostel Ring Road       |     0% | NORMAL
🟢 [MKCE_LID_08] Playground Perimeter Rd |     0% | NORMAL
🟢 [MKCE_LID_09] Canteen Road           |     0% | NORMAL
🟢 [MKCE_LID_10] Back Gate Road         |  34.7% | NORMAL

⏱ 10:54:13 ────────────────────────────────────────
🟢 [MKCE_LID_01] Main Gate Road         |     0% | NORMAL
🔴 [MKCE_LID_02] Academic Block Road    |   100% | CRITICAL
🔴 [MKCE_LID_03] Central Avenue         |  91.3% | CRITICAL
🟢 [MKCE_LID_04] Library Road           |  12.2% | NORMAL
🔴 [MKCE_LID_05] Workshop Road          |   100% | CRITICAL
🟡 [MKCE_LID_06] Hostel Block Road      |  49.9% | WARNING
🟢 [MKCE_LID_07] Hostel Ring Road       |     0% | NORMAL
🟢 [MKCE_LID_08] Playground Perimeter Rd |     0% | NORMAL
🟢 [MKCE_LID_09] Canteen Road           |     0% | NORMAL
🟢 [MKCE_LID_10] Back Gate Road         |  33.2% | NORMAL

⏱ 10:54:16 ────────────────────────────────────────
🟢 [MKCE_LID_01] Main Gate Road         |     0% | NORMAL
🔴 [MKCE_LID_02] Academic Block Road    |   100% | CRITICAL
🔴 [MKCE_LID_03] Central Avenue         |  89.1% | CRITICAL
🟢 [MKCE_LID_04] Library Road           |  11.3% | NORMAL
🔴 [MKCE_LID_05] Workshop Road          |   100% | CRITICAL
🟡 [MKCE_LID_06] Hostel Block Road      |  52.1% | WARNING
🟢 [MKCE_LID_07] Hostel Ring Road       |     0% | NORMAL
🟢 [MKCE_LID_08] Playground Perimeter Rd |     0% | NORMAL
🟢 [MKCE_LID_09] Canteen Road           |     0% | NORMAL
🟡 [MKCE_LID_10] Back Gate Road         |  62.0% | WARNING

⏱ 10:54:19 ────────────────────────────────────────
🟢 [MKCE_LID_01] Main Gate Road         |     0% | NORMAL
🔴 [MKCE_LID_02] Academic Block Road    |   100% | CRITICAL
🔴 [MKCE_LID_03] Central Avenue         |  86.8% | CRITICAL
🟢 [MKCE_LID_04] Library Road           |  10.1% | NORMAL
🔴 [MKCE_LID_05] Workshop Road          |   100% | CRITICAL
🟡 [MKCE_LID_06] Hostel Block Road      |  54.5% | WARNING
🟢 [MKCE_LID_07] Hostel Ring Road       |     0% | NORMAL
🟢 [MKCE_LID_08] Playground Perimeter Rd |     0% | NORMAL
🟢 [MKCE_LID_09] Canteen Road           |     0% | NORMAL
🔴 [MKCE_LID_10] Back Gate Road         |  91.7% | CRITICAL

⏱ 10:54:22 ────────────────────────────────────────
🟢 [MKCE_LID_01] Main Gate Road         |     0% | NORMAL
🔴 [MKCE_LID_02] Academic Block Road    |   100% | CRITICAL
🔴 [MKCE_LID_03] Central Avenue         |  83.7% | CRITICAL
🟢 [MKCE_LID_04] Library Road           |   8.0% | NORMAL
🔴 [MKCE_LID_05] Workshop Road          |   100% | CRITICAL
🟡 [MKCE_LID_06] Hostel Block Road      |  56.0% | WARNING
🟢 [MKCE_LID_07] Hostel Ring Road       |     0% | NORMAL
🟢 [MKCE_LID_08] Playground Perimeter Rd |     0% | NORMAL
🟢 [MKCE_LID_09] Canteen Road           |     0% | NORMAL
🔴 [MKCE_LID_10] Back Gate Road         |  91.6% | CRITICAL

⏱ 10:54:25 ────────────────────────────────────────
🟢 [MKCE_LID_01] Main Gate Road         |     0% | NORMAL
🔴 [MKCE_LID_02] Academic Block Road    |   100% | CRITICAL
🔴 [MKCE_LID_03] Central Avenue         |  80.4% | CRITICAL
🟢 [MKCE_LID_04] Library Road           |   5.0% | NORMAL
🔴 [MKCE_LID_05] Workshop Road          |   100% | CRITICAL
🟡 [MKCE_LID_06] Hostel Block Road      |  57.6% | WARNING
🟢 [MKCE_LID_07] Hostel Ring Road       |     0% | NORMAL
🟢 [MKCE_LID_08] Playground Perimeter Rd |     0% | NORMAL
🟢 [MKCE_LID_09] Canteen Road           |     0% | NORMAL
🔴 [MKCE_LID_10] Back Gate Road         |  92.3% | CRITICAL

⏱ 10:54:28 ────────────────────────────────────────
🟢 [MKCE_LID_01] Main Gate Road         |     0% | NORMAL
🔴 [MKCE_LID_02] Academic Block Road    |   100% | CRITICAL
🔴 [MKCE_LID_03] Central Avenue         |  77.4% | CRITICAL
🟢 [MKCE_LID_04] Library Road           |  31.0% | NORMAL
🔴 [MKCE_LID_05] Workshop Road          |   100% | CRITICAL
🔴 [MKCE_LID_06] Hostel Block Road      |  88.6% | CRITICAL
🟢 [MKCE_LID_07] Hostel Ring Road       |     0% | NORMAL
🟢 [MKCE_LID_08] Playground Perimeter Rd |     0% | NORMAL
🟢 [MKCE_LID_09] Canteen Road           |     0% | NORMAL
🔴 [MKCE_LID_10] Back Gate Road         |  93.2% | CRITICAL

⏱ 10:54:31 ────────────────────────────────────────
🟢 [MKCE_LID_01] Main Gate Road         |     0% | NORMAL
🔴 [MKCE_LID_02] Academic Block Road    |   100% | CRITICAL
🔴 [MKCE_LID_03] Central Avenue         |  74.4% | CRITICAL
🟢 [MKCE_LID_04] Library Road           |     0% | NORMAL
🔴 [MKCE_LID_05] Workshop Road          |   100% | CRITICAL
🔴 [MKCE_LID_06] Hostel Block Road      |  89.3% | CRITICAL
🟢 [MKCE_LID_07] Hostel Ring Road       |     0% | NORMAL
🟢 [MKCE_LID_08] Playground Perimeter Rd |     0% | NORMAL
🟢 [MKCE_LID_09] Canteen Road           |     0% | NORMAL
🔴 [MKCE_LID_10] Back Gate Road         |  94.8% | CRITICAL

⏱ 10:54:34 ────────────────────────────────────────
🟢 [MKCE_LID_01] Main Gate Road         |     0% | NORMAL
🔴 [MKCE_LID_02] Academic Block Road    |   100% | CRITICAL
🔴 [MKCE_LID_03] Central Avenue         |  70.8% | CRITICAL
🟢 [MKCE_LID_04] Library Road           |     0% | NORMAL
🔴 [MKCE_LID_05] Workshop Road          |   100% | CRITICAL
🔴 [MKCE_LID_06] Hostel Block Road      |  90.4% | CRITICAL
🟢 [MKCE_LID_07] Hostel Ring Road       |     0% | NORMAL
🟢 [MKCE_LID_08] Playground Perimeter Rd |     0% | NORMAL
🟢 [MKCE_LID_09] Canteen Road           |     0% | NORMAL
🔴 [MKCE_LID_10] Back Gate Road         |  96.4% | CRITICAL

⏱ 10:54:38 ────────────────────────────────────────
🟢 [MKCE_LID_01] Main Gate Road         |     0% | NORMAL
🔴 [MKCE_LID_02] Academic Block Road    |   100% | CRITICAL
🟡 [MKCE_LID_03] Central Avenue         |  67.9% | WARNING
🟢 [MKCE_LID_04] Library Road           |     0% | NORMAL
🔴 [MKCE_LID_05] Workshop Road          |   100% | CRITICAL
🔴 [MKCE_LID_06] Hostel Block Road      |  91.2% | CRITICAL
🟢 [MKCE_LID_07] Hostel Ring Road       |     0% | NORMAL
🟢 [MKCE_LID_08] Playground Perimeter Rd |     0% | NORMAL
🟢 [MKCE_LID_09] Canteen Road           |     0% | NORMAL
🔴 [MKCE_LID_10] Back Gate Road         |  98.2% | CRITICAL

⏱ 10:54:41 ────────────────────────────────────────
🟢 [MKCE_LID_01] Main Gate Road         |     0% | NORMAL
🔴 [MKCE_LID_02] Academic Block Road    |   100% | CRITICAL
🟡 [MKCE_LID_03] Central Avenue         |  64.7% | WARNING
🟢 [MKCE_LID_04] Library Road           |     0% | NORMAL
🔴 [MKCE_LID_05] Workshop Road          |   100% | CRITICAL
🔴 [MKCE_LID_06] Hostel Block Road      |  91.8% | CRITICAL
🟢 [MKCE_LID_07] Hostel Ring Road       |     0% | NORMAL
🟢 [MKCE_LID_08] Playground Perimeter Rd |     0% | NORMAL
🟢 [MKCE_LID_09] Canteen Road           |     0% | NORMAL
🔴 [MKCE_LID_10] Back Gate Road         |  99.1% | CRITICAL

⏱ 10:54:44 ────────────────────────────────────────
🟢 [MKCE_LID_01] Main Gate Road         |     0% | NORMAL
🔴 [MKCE_LID_02] Academic Block Road    |   100% | CRITICAL
🟡 [MKCE_LID_03] Central Avenue         |  61.7% | WARNING
🟢 [MKCE_LID_04] Library Road           |    30% | NORMAL
🟡 [MKCE_LID_05] Workshop Road          |    70% | WARNING
🔴 [MKCE_LID_06] Hostel Block Road      |  91.8% | CRITICAL
🟢 [MKCE_LID_07] Hostel Ring Road       |     0% | NORMAL
🟢 [MKCE_LID_08] Playground Perimeter Rd |     0% | NORMAL
🟢 [MKCE_LID_09] Canteen Road           |     0% | NORMAL
🔴 [MKCE_LID_10] Back Gate Road         |  99.0% | CRITICAL

⏱ 10:54:47 ────────────────────────────────────────
🟢 [MKCE_LID_01] Main Gate Road         |     0% | NORMAL
🔴 [MKCE_LID_02] Academic Block Road    |   100% | CRITICAL
🟡 [MKCE_LID_03] Central Avenue         |  58.9% | WARNING
🟢 [MKCE_LID_04] Library Road           |  27.1% | NORMAL
🔴 [MKCE_LID_05] Workshop Road          |  72.5% | CRITICAL
🔴 [MKCE_LID_06] Hostel Block Road      |  91.1% | CRITICAL
🟢 [MKCE_LID_07] Hostel Ring Road       |     0% | NORMAL
🟢 [MKCE_LID_08] Playground Perimeter Rd |     0% | NORMAL
🟢 [MKCE_LID_09] Canteen Road           |     0% | NORMAL
🔴 [MKCE_LID_10] Back Gate Road         |  99.1% | CRITICAL

⏱ 10:54:50 ────────────────────────────────────────
🟢 [MKCE_LID_01] Main Gate Road         |     0% | NORMAL
🔴 [MKCE_LID_02] Academic Block Road    |   100% | CRITICAL
🟢 [MKCE_LID_03] Central Avenue         |  25.6% | NORMAL
🟢 [MKCE_LID_04] Library Road           |  23.4% | NORMAL
🔴 [MKCE_LID_05] Workshop Road          |  75.6% | CRITICAL
🔴 [MKCE_LID_06] Hostel Block Road      |  90.6% | CRITICAL
🟢 [MKCE_LID_07] Hostel Ring Road       |     0% | NORMAL
🟢 [MKCE_LID_08] Playground Perimeter Rd |     0% | NORMAL
🟢 [MKCE_LID_09] Canteen Road           |    30% | NORMAL
🔴 [MKCE_LID_10] Back Gate Road         |  98.5% | CRITICAL

⏱ 10:54:53 ────────────────────────────────────────
🟢 [MKCE_LID_01] Main Gate Road         |     0% | NORMAL
🔴 [MKCE_LID_02] Academic Block Road    |   100% | CRITICAL
🟢 [MKCE_LID_03] Central Avenue         |  21.5% | NORMAL
🟢 [MKCE_LID_04] Library Road           |  20.5% | NORMAL
🔴 [MKCE_LID_05] Workshop Road          |  79.3% | CRITICAL
🔴 [MKCE_LID_06] Hostel Block Road      |  91.0% | CRITICAL
🟢 [MKCE_LID_07] Hostel Ring Road       |     0% | NORMAL
🟢 [MKCE_LID_08] Playground Perimeter Rd |     0% | NORMAL
🟢 [MKCE_LID_09] Canteen Road           |  26.3% | NORMAL
🔴 [MKCE_LID_10] Back Gate Road         |  97.6% | CRITICAL

⏱ 10:54:56 ────────────────────────────────────────
🟢 [MKCE_LID_01] Main Gate Road         |     0% | NORMAL
🔴 [MKCE_LID_02] Academic Block Road    |   100% | CRITICAL
🟢 [MKCE_LID_03] Central Avenue         |  17.6% | NORMAL
🟢 [MKCE_LID_04] Library Road           |  17.6% | NORMAL
🔴 [MKCE_LID_05] Workshop Road          |  82.4% | CRITICAL
🔴 [MKCE_LID_06] Hostel Block Road      |  92.3% | CRITICAL
🟢 [MKCE_LID_07] Hostel Ring Road       |     0% | NORMAL
🟢 [MKCE_LID_08] Playground Perimeter Rd |     0% | NORMAL
🟢 [MKCE_LID_09] Canteen Road           |  23.2% | NORMAL
🔴 [MKCE_LID_10] Back Gate Road         |  96.6% | CRITICAL

⏱ 10:54:59 ────────────────────────────────────────
🟢 [MKCE_LID_01] Main Gate Road         |     0% | NORMAL
🔴 [MKCE_LID_02] Academic Block Road    |   100% | CRITICAL
🟢 [MKCE_LID_03] Central Avenue         |  13.3% | NORMAL
🟢 [MKCE_LID_04] Library Road           |  14.8% | NORMAL
🔴 [MKCE_LID_05] Workshop Road          |  85.4% | CRITICAL
🔴 [MKCE_LID_06] Hostel Block Road      |  94.5% | CRITICAL
🟢 [MKCE_LID_07] Hostel Ring Road       |     0% | NORMAL
🟢 [MKCE_LID_08] Playground Perimeter Rd |     0% | NORMAL
🟢 [MKCE_LID_09] Canteen Road           |  20.7% | NORMAL
🔴 [MKCE_LID_10] Back Gate Road         |  95.2% | CRITICAL

⏱ 10:55:02 ────────────────────────────────────────
🟢 [MKCE_LID_01] Main Gate Road         |     0% | NORMAL
🔴 [MKCE_LID_02] Academic Block Road    |   100% | CRITICAL
🟢 [MKCE_LID_03] Central Avenue         |   8.5% | NORMAL
🟢 [MKCE_LID_04] Library Road           |  12.0% | NORMAL
🔴 [MKCE_LID_05] Workshop Road          |  87.9% | CRITICAL
🔴 [MKCE_LID_06] Hostel Block Road      |  96.3% | CRITICAL
🟢 [MKCE_LID_07] Hostel Ring Road       |     0% | NORMAL
🟢 [MKCE_LID_08] Playground Perimeter Rd |     0% | NORMAL
🟢 [MKCE_LID_09] Canteen Road           |  18.9% | NORMAL
🔴 [MKCE_LID_10] Back Gate Road         |  94.5% | CRITICAL

⏱ 10:55:05 ────────────────────────────────────────
🟢 [MKCE_LID_01] Main Gate Road         |     0% | NORMAL
🟡 [MKCE_LID_02] Academic Block Road    |    70% | WARNING
🟢 [MKCE_LID_03] Central Avenue         |   3.5% | NORMAL
🟢 [MKCE_LID_04] Library Road           |   9.9% | NORMAL
🔴 [MKCE_LID_05] Workshop Road          |  89.6% | CRITICAL
🔴 [MKCE_LID_06] Hostel Block Road      |  97.8% | CRITICAL
🟢 [MKCE_LID_07] Hostel Ring Road       |     0% | NORMAL
🟢 [MKCE_LID_08] Playground Perimeter Rd |     0% | NORMAL
🟢 [MKCE_LID_09] Canteen Road           |  17.6% | NORMAL
🔴 [MKCE_LID_10] Back Gate Road         |  93.9% | CRITICAL

⏱ 10:55:08 ────────────────────────────────────────
🟢 [MKCE_LID_01] Main Gate Road         |     0% | NORMAL
🔴 [MKCE_LID_02] Academic Block Road    |  73.1% | CRITICAL
🟢 [MKCE_LID_03] Central Avenue         |     0% | NORMAL
🟢 [MKCE_LID_04] Library Road           |   6.9% | NORMAL
🔴 [MKCE_LID_05] Workshop Road          |  91.4% | CRITICAL
🔴 [MKCE_LID_06] Hostel Block Road      |   100% | CRITICAL
🟢 [MKCE_LID_07] Hostel Ring Road       |     0% | NORMAL
🟢 [MKCE_LID_08] Playground Perimeter Rd |     0% | NORMAL
🟢 [MKCE_LID_09] Canteen Road           |  16.5% | NORMAL
🔴 [MKCE_LID_10] Back Gate Road         |  93.2% | CRITICAL

⏱ 10:55:11 ────────────────────────────────────────
🟢 [MKCE_LID_01] Main Gate Road         |     0% | NORMAL
🔴 [MKCE_LID_02] Academic Block Road    |  76.9% | CRITICAL
🟢 [MKCE_LID_03] Central Avenue         |     0% | NORMAL
🟢 [MKCE_LID_04] Library Road           |   3.2% | NORMAL
🔴 [MKCE_LID_05] Workshop Road          |  93.4% | CRITICAL
🔴 [MKCE_LID_06] Hostel Block Road      |   100% | CRITICAL
🟢 [MKCE_LID_07] Hostel Ring Road       |     0% | NORMAL
🟢 [MKCE_LID_08] Playground Perimeter Rd |     0% | NORMAL
🟢 [MKCE_LID_09] Canteen Road           |  15.8% | NORMAL
🔴 [MKCE_LID_10] Back Gate Road         |  92.6% | CRITICAL

⏱ 10:55:14 ────────────────────────────────────────
🟢 [MKCE_LID_01] Main Gate Road         |     0% | NORMAL
🔴 [MKCE_LID_02] Academic Block Road    |  81.5% | CRITICAL
🟢 [MKCE_LID_03] Central Avenue         |     0% | NORMAL
🟢 [MKCE_LID_04] Library Road           |   0.2% | NORMAL
🔴 [MKCE_LID_05] Workshop Road          |  96.3% | CRITICAL
🔴 [MKCE_LID_06] Hostel Block Road      |   100% | CRITICAL
🟢 [MKCE_LID_07] Hostel Ring Road       |     0% | NORMAL
🟢 [MKCE_LID_08] Playground Perimeter Rd |     0% | NORMAL
🟢 [MKCE_LID_09] Canteen Road           |  15.3% | NORMAL
🔴 [MKCE_LID_10] Back Gate Road         |  92.9% | CRITICAL

⏱ 10:55:17 ────────────────────────────────────────
🟢 [MKCE_LID_01] Main Gate Road         |     0% | NORMAL
🔴 [MKCE_LID_02] Academic Block Road    |  86.0% | CRITICAL
🟢 [MKCE_LID_03] Central Avenue         |     0% | NORMAL
🟢 [MKCE_LID_04] Library Road           |     0% | NORMAL
🔴 [MKCE_LID_05] Workshop Road          |  99.4% | CRITICAL
🔴 [MKCE_LID_06] Hostel Block Road      |   100% | CRITICAL
🟢 [MKCE_LID_07] Hostel Ring Road       |     0% | NORMAL
🟢 [MKCE_LID_08] Playground Perimeter Rd |     0% | NORMAL
🟢 [MKCE_LID_09] Canteen Road           |  14.2% | NORMAL
🔴 [MKCE_LID_10] Back Gate Road         |  94.0% | CRITICAL

⏱ 10:55:20 ────────────────────────────────────────
🟢 [MKCE_LID_01] Main Gate Road         |     0% | NORMAL
🔴 [MKCE_LID_02] Academic Block Road    |  91.0% | CRITICAL
🟢 [MKCE_LID_03] Central Avenue         |     0% | NORMAL
🟢 [MKCE_LID_04] Library Road           |     0% | NORMAL
🔴 [MKCE_LID_05] Workshop Road          |   100% | CRITICAL
🔴 [MKCE_LID_06] Hostel Block Road      |   100% | CRITICAL
🟢 [MKCE_LID_07] Hostel Ring Road       |     0% | NORMAL
🟢 [MKCE_LID_08] Playground Perimeter Rd |   0.7% | NORMAL
🟢 [MKCE_LID_09] Canteen Road           |  14.1% | NORMAL
🔴 [MKCE_LID_10] Back Gate Road         |  94.4% | CRITICAL

⏱ 10:55:23 ────────────────────────────────────────
🟢 [MKCE_LID_01] Main Gate Road         |     0% | NORMAL
🔴 [MKCE_LID_02] Academic Block Road    |  96.0% | CRITICAL
🟢 [MKCE_LID_03] Central Avenue         |     0% | NORMAL
🟢 [MKCE_LID_04] Library Road           |     0% | NORMAL
🔴 [MKCE_LID_05] Workshop Road          |   100% | CRITICAL
🔴 [MKCE_LID_06] Hostel Block Road      |   100% | CRITICAL
🟢 [MKCE_LID_07] Hostel Ring Road       |     0% | NORMAL
🟢 [MKCE_LID_08] Playground Perimeter Rd |   2.0% | NORMAL
🟢 [MKCE_LID_09] Canteen Road           |  14.1% | NORMAL
🔴 [MKCE_LID_10] Back Gate Road         |  95.3% | CRITICAL

⏱ 10:55:26 ────────────────────────────────────────
🟢 [MKCE_LID_01] Main Gate Road         |     0% | NORMAL
🔴 [MKCE_LID_02] Academic Block Road    |   100% | CRITICAL
🟢 [MKCE_LID_03] Central Avenue         |     0% | NORMAL
🟢 [MKCE_LID_04] Library Road           |     0% | NORMAL
🔴 [MKCE_LID_05] Workshop Road          |   100% | CRITICAL
🔴 [MKCE_LID_06] Hostel Block Road      |   100% | CRITICAL
🟢 [MKCE_LID_07] Hostel Ring Road       |     0% | NORMAL
🟢 [MKCE_LID_08] Playground Perimeter Rd |   2.5% | NORMAL
🟢 [MKCE_LID_09] Canteen Road           |  14.6% | NORMAL
🔴 [MKCE_LID_10] Back Gate Road         |  96.2% | CRITICAL

⏱ 10:55:29 ────────────────────────────────────────
🟢 [MKCE_LID_01] Main Gate Road         |     0% | NORMAL
🔴 [MKCE_LID_02] Academic Block Road    |   100% | CRITICAL
🟢 [MKCE_LID_03] Central Avenue         |     0% | NORMAL
🟢 [MKCE_LID_04] Library Road           |     0% | NORMAL
🔴 [MKCE_LID_05] Workshop Road          |   100% | CRITICAL
🔴 [MKCE_LID_06] Hostel Block Road      |   100% | CRITICAL
🟢 [MKCE_LID_07] Hostel Ring Road       |     0% | NORMAL
🟢 [MKCE_LID_08] Playground Perimeter Rd |   2.7% | NORMAL
🟢 [MKCE_LID_09] Canteen Road           |  14.2% | NORMAL
🔴 [MKCE_LID_10] Back Gate Road         |  96.5% | CRITICAL

⏱ 10:55:32 ────────────────────────────────────────
🟢 [MKCE_LID_01] Main Gate Road         |     0% | NORMAL
🔴 [MKCE_LID_02] Academic Block Road    |   100% | CRITICAL
🟢 [MKCE_LID_03] Central Avenue         |     0% | NORMAL
🟢 [MKCE_LID_04] Library Road           |     0% | NORMAL
🔴 [MKCE_LID_05] Workshop Road          |   100% | CRITICAL
🔴 [MKCE_LID_06] Hostel Block Road      |   100% | CRITICAL
🟢 [MKCE_LID_07] Hostel Ring Road       |     0% | NORMAL
🟢 [MKCE_LID_08] Playground Perimeter Rd |   3.6% | NORMAL
🟢 [MKCE_LID_09] Canteen Road           |  12.9% | NORMAL
🔴 [MKCE_LID_10] Back Gate Road         |  96.1% | CRITICAL

⏱ 10:55:35 ────────────────────────────────────────
🟢 [MKCE_LID_01] Main Gate Road         |     0% | NORMAL
🔴 [MKCE_LID_02] Academic Block Road    |   100% | CRITICAL
🟢 [MKCE_LID_03] Central Avenue         |     0% | NORMAL
🟢 [MKCE_LID_04] Library Road           |     0% | NORMAL
🔴 [MKCE_LID_05] Workshop Road          |   100% | CRITICAL
🔴 [MKCE_LID_06] Hostel Block Road      |   100% | CRITICAL
🟢 [MKCE_LID_07] Hostel Ring Road       |     0% | NORMAL
🟢 [MKCE_LID_08] Playground Perimeter Rd |   4.2% | NORMAL
🟢 [MKCE_LID_09] Canteen Road           |  10.9% | NORMAL
🔴 [MKCE_LID_10] Back Gate Road         |   100% | CRITICAL

⏱ 10:55:39 ────────────────────────────────────────
🟢 [MKCE_LID_01] Main Gate Road         |     0% | NORMAL
🔴 [MKCE_LID_02] Academic Block Road    |   100% | CRITICAL
🟢 [MKCE_LID_03] Central Avenue         |     0% | NORMAL
🟢 [MKCE_LID_04] Library Road           |     0% | NORMAL
🔴 [MKCE_LID_05] Workshop Road          |   100% | CRITICAL
🔴 [MKCE_LID_06] Hostel Block Road      |   100% | CRITICAL
🟢 [MKCE_LID_07] Hostel Ring Road       |     0% | NORMAL
🟢 [MKCE_LID_08] Playground Perimeter Rd |   5.2% | NORMAL
🟢 [MKCE_LID_09] Canteen Road           |   8.5% | NORMAL
🔴 [MKCE_LID_10] Back Gate Road         |   100% | CRITICAL

⏱ 10:55:42 ────────────────────────────────────────
🟢 [MKCE_LID_01] Main Gate Road         |     0% | NORMAL
🔴 [MKCE_LID_02] Academic Block Road    |   100% | CRITICAL
🟢 [MKCE_LID_03] Central Avenue         |     0% | NORMAL
🟢 [MKCE_LID_04] Library Road           |     0% | NORMAL
🔴 [MKCE_LID_05] Workshop Road          |   100% | CRITICAL
🔴 [MKCE_LID_06] Hostel Block Road      |   100% | CRITICAL
🟢 [MKCE_LID_07] Hostel Ring Road       |     0% | NORMAL
🟢 [MKCE_LID_08] Playground Perimeter Rd |   6.4% | NORMAL
🟢 [MKCE_LID_09] Canteen Road           |   5.9% | NORMAL
🔴 [MKCE_LID_10] Back Gate Road         |   100% | CRITICAL

⏱ 10:55:45 ────────────────────────────────────────
🟢 [MKCE_LID_01] Main Gate Road         |     0% | NORMAL
🔴 [MKCE_LID_02] Academic Block Road    |   100% | CRITICAL
🟢 [MKCE_LID_03] Central Avenue         |     0% | NORMAL
🟢 [MKCE_LID_04] Library Road           |     0% | NORMAL
🔴 [MKCE_LID_05] Workshop Road          |   100% | CRITICAL
🔴 [MKCE_LID_06] Hostel Block Road      |   100% | CRITICAL
🟢 [MKCE_LID_07] Hostel Ring Road       |    30% | NORMAL
🟢 [MKCE_LID_08] Playground Perimeter Rd |   7.8% | NORMAL
🟢 [MKCE_LID_09] Canteen Road           |   3.4% | NORMAL
🔴 [MKCE_LID_10] Back Gate Road         |   100% | CRITICAL

⏱ 10:55:48 ────────────────────────────────────────
🟢 [MKCE_LID_01] Main Gate Road         |     0% | NORMAL
🔴 [MKCE_LID_02] Academic Block Road    |   100% | CRITICAL
🟢 [MKCE_LID_03] Central Avenue         |     0% | NORMAL
🟢 [MKCE_LID_04] Library Road           |     0% | NORMAL
🔴 [MKCE_LID_05] Workshop Road          |   100% | CRITICAL
🔴 [MKCE_LID_06] Hostel Block Road      |   100% | CRITICAL
🟢 [MKCE_LID_07] Hostel Ring Road       |  25.6% | NORMAL
🟢 [MKCE_LID_08] Playground Perimeter Rd |  10.0% | NORMAL
🟢 [MKCE_LID_09] Canteen Road           |   1.4% | NORMAL
🔴 [MKCE_LID_10] Back Gate Road         |   100% | CRITICAL

⏱ 10:55:51 ────────────────────────────────────────
🟢 [MKCE_LID_01] Main Gate Road         |     0% | NORMAL
🔴 [MKCE_LID_02] Academic Block Road    |   100% | CRITICAL
🟢 [MKCE_LID_03] Central Avenue         |     0% | NORMAL
🟢 [MKCE_LID_04] Library Road           |     0% | NORMAL
🔴 [MKCE_LID_05] Workshop Road          |   100% | CRITICAL
🔴 [MKCE_LID_06] Hostel Block Road      |   100% | CRITICAL
🟢 [MKCE_LID_07] Hostel Ring Road       |  21.5% | NORMAL
🟢 [MKCE_LID_08] Playground Perimeter Rd |  11.2% | NORMAL
🟢 [MKCE_LID_09] Canteen Road           |     0% | NORMAL
🔴 [MKCE_LID_10] Back Gate Road         |   100% | CRITICAL

⏱ 10:55:54 ────────────────────────────────────────
🟢 [MKCE_LID_01] Main Gate Road         |     0% | NORMAL
🔴 [MKCE_LID_02] Academic Block Road    |   100% | CRITICAL
🟢 [MKCE_LID_03] Central Avenue         |     0% | NORMAL
🟢 [MKCE_LID_04] Library Road           |     0% | NORMAL
🔴 [MKCE_LID_05] Workshop Road          |   100% | CRITICAL
🔴 [MKCE_LID_06] Hostel Block Road      |   100% | CRITICAL
🟢 [MKCE_LID_07] Hostel Ring Road       |  18.2% | NORMAL
🟢 [MKCE_LID_08] Playground Perimeter Rd |  11.7% | NORMAL
🟢 [MKCE_LID_09] Canteen Road           |     0% | NORMAL
🔴 [MKCE_LID_10] Back Gate Road         |   100% | CRITICAL

⏱ 10:55:57 ────────────────────────────────────────
🟢 [MKCE_LID_01] Main Gate Road         |     0% | NORMAL
🔴 [MKCE_LID_02] Academic Block Road    |   100% | CRITICAL
🟢 [MKCE_LID_03] Central Avenue         |     0% | NORMAL
🟢 [MKCE_LID_04] Library Road           |     0% | NORMAL
🔴 [MKCE_LID_05] Workshop Road          |   100% | CRITICAL
🔴 [MKCE_LID_06] Hostel Block Road      |   100% | CRITICAL
🟢 [MKCE_LID_07] Hostel Ring Road       |  15.4% | NORMAL
🟢 [MKCE_LID_08] Playground Perimeter Rd |  12.2% | NORMAL
🟢 [MKCE_LID_09] Canteen Road           |     0% | NORMAL
🔴 [MKCE_LID_10] Back Gate Road         |   100% | CRITICAL

⏱ 10:56:00 ────────────────────────────────────────
🟢 [MKCE_LID_01] Main Gate Road         |     0% | NORMAL
🔴 [MKCE_LID_02] Academic Block Road    |   100% | CRITICAL
🟢 [MKCE_LID_03] Central Avenue         |     0% | NORMAL
🟢 [MKCE_LID_04] Library Road           |     0% | NORMAL
🔴 [MKCE_LID_05] Workshop Road          |   100% | CRITICAL
🔴 [MKCE_LID_06] Hostel Block Road      |   100% | CRITICAL
🟢 [MKCE_LID_07] Hostel Ring Road       |  11.7% | NORMAL
🟢 [MKCE_LID_08] Playground Perimeter Rd |  12.5% | NORMAL
🟢 [MKCE_LID_09] Canteen Road           |     0% | NORMAL
🔴 [MKCE_LID_10] Back Gate Road         |   100% | CRITICAL

⏱ 10:56:03 ────────────────────────────────────────
🟢 [MKCE_LID_01] Main Gate Road         |     0% | NORMAL
🔴 [MKCE_LID_02] Academic Block Road    |   100% | CRITICAL
🟢 [MKCE_LID_03] Central Avenue         |     0% | NORMAL
🟢 [MKCE_LID_04] Library Road           |     0% | NORMAL
🔴 [MKCE_LID_05] Workshop Road          |   100% | CRITICAL
🔴 [MKCE_LID_06] Hostel Block Road      |   100% | CRITICAL
🟢 [MKCE_LID_07] Hostel Ring Road       |   7.1% | NORMAL
🟢 [MKCE_LID_08] Playground Perimeter Rd |  13.6% | NORMAL
🟢 [MKCE_LID_09] Canteen Road           |     0% | NORMAL
🔴 [MKCE_LID_10] Back Gate Road         | 100.0% | CRITICAL

⏱ 10:56:06 ────────────────────────────────────────
🟢 [MKCE_LID_01] Main Gate Road         |     0% | NORMAL
🔴 [MKCE_LID_02] Academic Block Road    |   100% | CRITICAL
🟢 [MKCE_LID_03] Central Avenue         |     0% | NORMAL
🟢 [MKCE_LID_04] Library Road           |     0% | NORMAL
🔴 [MKCE_LID_05] Workshop Road          |   100% | CRITICAL
🔴 [MKCE_LID_06] Hostel Block Road      |   100% | CRITICAL
🟢 [MKCE_LID_07] Hostel Ring Road       |   2.2% | NORMAL
🟢 [MKCE_LID_08] Playground Perimeter Rd |  14.1% | NORMAL
🟢 [MKCE_LID_09] Canteen Road           |     0% | NORMAL
🔴 [MKCE_LID_10] Back Gate Road         |   100% | CRITICAL

⏱ 10:56:09 ────────────────────────────────────────
🟢 [MKCE_LID_01] Main Gate Road         |     0% | NORMAL
🔴 [MKCE_LID_02] Academic Block Road    |   100% | CRITICAL
🟢 [MKCE_LID_03] Central Avenue         |     0% | NORMAL
🟢 [MKCE_LID_04] Library Road           |     0% | NORMAL
🔴 [MKCE_LID_05] Workshop Road          |   100% | CRITICAL
🔴 [MKCE_LID_06] Hostel Block Road      |   100% | CRITICAL
🟢 [MKCE_LID_07] Hostel Ring Road       |     0% | NORMAL
🟢 [MKCE_LID_08] Playground Perimeter Rd |  14.3% | NORMAL
🟢 [MKCE_LID_09] Canteen Road           |   0.1% | NORMAL
🔴 [MKCE_LID_10] Back Gate Road         |   100% | CRITICAL

⏱ 10:56:12 ────────────────────────────────────────
🟢 [MKCE_LID_01] Main Gate Road         |     0% | NORMAL
🔴 [MKCE_LID_02] Academic Block Road    |   100% | CRITICAL
🟢 [MKCE_LID_03] Central Avenue         |     0% | NORMAL
🟢 [MKCE_LID_04] Library Road           |     0% | NORMAL
🔴 [MKCE_LID_05] Workshop Road          |   100% | CRITICAL
🔴 [MKCE_LID_06] Hostel Block Road      |   100% | CRITICAL
🟢 [MKCE_LID_07] Hostel Ring Road       |     0% | NORMAL
🟢 [MKCE_LID_08] Playground Perimeter Rd |  15.4% | NORMAL
🟢 [MKCE_LID_09] Canteen Road           |     0% | NORMAL
🔴 [MKCE_LID_10] Back Gate Road         |   100% | CRITICAL

⏱ 10:56:15 ────────────────────────────────────────
🟢 [MKCE_LID_01] Main Gate Road         |     0% | NORMAL
🔴 [MKCE_LID_02] Academic Block Road    |   100% | CRITICAL
🟢 [MKCE_LID_03] Central Avenue         |     0% | NORMAL
🟢 [MKCE_LID_04] Library Road           |     0% | NORMAL
🔴 [MKCE_LID_05] Workshop Road          |   100% | CRITICAL
🔴 [MKCE_LID_06] Hostel Block Road      |   100% | CRITICAL
🟢 [MKCE_LID_07] Hostel Ring Road       |     0% | NORMAL
🟢 [MKCE_LID_08] Playground Perimeter Rd |  15.5% | NORMAL
🟢 [MKCE_LID_09] Canteen Road           |     0% | NORMAL
🔴 [MKCE_LID_10] Back Gate Road         |   100% | CRITICAL

⏱ 10:56:18 ────────────────────────────────────────
🟢 [MKCE_LID_01] Main Gate Road         |     0% | NORMAL
🔴 [MKCE_LID_02] Academic Block Road    |   100% | CRITICAL
🟢 [MKCE_LID_03] Central Avenue         |     0% | NORMAL
🟢 [MKCE_LID_04] Library Road           |     0% | NORMAL
🔴 [MKCE_LID_05] Workshop Road          |   100% | CRITICAL
🔴 [MKCE_LID_06] Hostel Block Road      |   100% | CRITICAL
🟢 [MKCE_LID_07] Hostel Ring Road       |     0% | NORMAL
🟢 [MKCE_LID_08] Playground Perimeter Rd |  16.5% | NORMAL
🟢 [MKCE_LID_09] Canteen Road           |     0% | NORMAL
🔴 [MKCE_LID_10] Back Gate Road         |   100% | CRITICAL

⏱ 10:56:21 ────────────────────────────────────────
🟢 [MKCE_LID_01] Main Gate Road         |     0% | NORMAL
🔴 [MKCE_LID_02] Academic Block Road    |   100% | CRITICAL
🟢 [MKCE_LID_03] Central Avenue         |     0% | NORMAL
🟢 [MKCE_LID_04] Library Road           |     0% | NORMAL
🔴 [MKCE_LID_05] Workshop Road          |   100% | CRITICAL
🔴 [MKCE_LID_06] Hostel Block Road      |   100% | CRITICAL
🟢 [MKCE_LID_07] Hostel Ring Road       |     0% | NORMAL
🟢 [MKCE_LID_08] Playground Perimeter Rd |  18.0% | NORMAL
🟢 [MKCE_LID_09] Canteen Road           |     0% | NORMAL
🟡 [MKCE_LID_10] Back Gate Road         |    70% | WARNING

⏱ 10:56:24 ────────────────────────────────────────
🟢 [MKCE_LID_01] Main Gate Road         |     0% | NORMAL
🔴 [MKCE_LID_02] Academic Block Road    |   100% | CRITICAL
🟢 [MKCE_LID_03] Central Avenue         |     0% | NORMAL
🟢 [MKCE_LID_04] Library Road           |     0% | NORMAL
🔴 [MKCE_LID_05] Workshop Road          |   100% | CRITICAL
🔴 [MKCE_LID_06] Hostel Block Road      |   100% | CRITICAL
🟢 [MKCE_LID_07] Hostel Ring Road       |     0% | NORMAL
🟢 [MKCE_LID_08] Playground Perimeter Rd |  19.8% | NORMAL
🟢 [MKCE_LID_09] Canteen Road           |     0% | NORMAL
🔴 [MKCE_LID_10] Back Gate Road         |  70.9% | CRITICAL

⏱ 10:56:27 ────────────────────────────────────────
🟢 [MKCE_LID_01] Main Gate Road         |     0% | NORMAL
🔴 [MKCE_LID_02] Academic Block Road    |   100% | CRITICAL
🟢 [MKCE_LID_03] Central Avenue         |     0% | NORMAL
🟢 [MKCE_LID_04] Library Road           |     0% | NORMAL
🔴 [MKCE_LID_05] Workshop Road          |   100% | CRITICAL
🔴 [MKCE_LID_06] Hostel Block Road      |   100% | CRITICAL
🟢 [MKCE_LID_07] Hostel Ring Road       |     0% | NORMAL
🟢 [MKCE_LID_08] Playground Perimeter Rd |  22.5% | NORMAL
🟢 [MKCE_LID_09] Canteen Road           |   0.4% | NORMAL
🔴 [MKCE_LID_10] Back Gate Road         |  71.1% | CRITICAL

⏱ 10:56:30 ────────────────────────────────────────
🟢 [MKCE_LID_01] Main Gate Road         |     0% | NORMAL
🔴 [MKCE_LID_02] Academic Block Road    |   100% | CRITICAL
🟢 [MKCE_LID_03] Central Avenue         |     0% | NORMAL
🟢 [MKCE_LID_04] Library Road           |     0% | NORMAL
🔴 [MKCE_LID_05] Workshop Road          |   100% | CRITICAL
🔴 [MKCE_LID_06] Hostel Block Road      |   100% | CRITICAL
🟢 [MKCE_LID_07] Hostel Ring Road       |     0% | NORMAL
🟢 [MKCE_LID_08] Playground Perimeter Rd |  25.9% | NORMAL
🟢 [MKCE_LID_09] Canteen Road           |     0% | NORMAL
🔴 [MKCE_LID_10] Back Gate Road         |  71.3% | CRITICAL

⏱ 10:56:33 ────────────────────────────────────────
🟢 [MKCE_LID_01] Main Gate Road         |     0% | NORMAL
🔴 [MKCE_LID_02] Academic Block Road    |   100% | CRITICAL
🟢 [MKCE_LID_03] Central Avenue         |     0% | NORMAL
🟢 [MKCE_LID_04] Library Road           |     0% | NORMAL
🔴 [MKCE_LID_05] Workshop Road          |   100% | CRITICAL
🔴 [MKCE_LID_06] Hostel Block Road      |   100% | CRITICAL
🟢 [MKCE_LID_07] Hostel Ring Road       |     0% | NORMAL
🟢 [MKCE_LID_08] Playground Perimeter Rd |  29.3% | NORMAL
🟢 [MKCE_LID_09] Canteen Road           |     0% | NORMAL
🔴 [MKCE_LID_10] Back Gate Road         |  70.9% | CRITICAL

⏱ 10:56:37 ────────────────────────────────────────
🟢 [MKCE_LID_01] Main Gate Road         |     0% | NORMAL
🔴 [MKCE_LID_02] Academic Block Road    |   100% | CRITICAL
🟢 [MKCE_LID_03] Central Avenue         |     0% | NORMAL
🟢 [MKCE_LID_04] Library Road           |     0% | NORMAL
🔴 [MKCE_LID_05] Workshop Road          |   100% | CRITICAL
🔴 [MKCE_LID_06] Hostel Block Road      |   100% | CRITICAL
🟢 [MKCE_LID_07] Hostel Ring Road       |     0% | NORMAL
🟢 [MKCE_LID_08] Playground Perimeter Rd |  32.7% | NORMAL
🟢 [MKCE_LID_09] Canteen Road           |     0% | NORMAL
🔴 [MKCE_LID_10] Back Gate Road         |  70.8% | CRITICAL

⏱ 10:56:40 ────────────────────────────────────────
🟢 [MKCE_LID_01] Main Gate Road         |     0% | NORMAL
🔴 [MKCE_LID_02] Academic Block Road    |   100% | CRITICAL
🟢 [MKCE_LID_03] Central Avenue         |     0% | NORMAL
🟢 [MKCE_LID_04] Library Road           |     0% | NORMAL
🔴 [MKCE_LID_05] Workshop Road          |   100% | CRITICAL
🔴 [MKCE_LID_06] Hostel Block Road      |   100% | CRITICAL
🟢 [MKCE_LID_07] Hostel Ring Road       |     0% | NORMAL
🟢 [MKCE_LID_08] Playground Perimeter Rd |  36.2% | NORMAL
🟢 [MKCE_LID_09] Canteen Road           |     0% | NORMAL
🔴 [MKCE_LID_10] Back Gate Road         |  71.1% | CRITICAL

⏱ 10:56:43 ────────────────────────────────────────
🟢 [MKCE_LID_01] Main Gate Road         |     0% | NORMAL
🔴 [MKCE_LID_02] Academic Block Road    |   100% | CRITICAL
🟢 [MKCE_LID_03] Central Avenue         |     0% | NORMAL
🟢 [MKCE_LID_04] Library Road           |     0% | NORMAL
🔴 [MKCE_LID_05] Workshop Road          |   100% | CRITICAL
🔴 [MKCE_LID_06] Hostel Block Road      |   100% | CRITICAL
🟢 [MKCE_LID_07] Hostel Ring Road       |     0% | NORMAL
🟢 [MKCE_LID_08] Playground Perimeter Rd |  39.8% | NORMAL
🟢 [MKCE_LID_09] Canteen Road           |     0% | NORMAL
🔴 [MKCE_LID_10] Back Gate Road         |  70.6% | CRITICAL

⏱ 10:56:46 ────────────────────────────────────────
🟢 [MKCE_LID_01] Main Gate Road         |     0% | NORMAL
🔴 [MKCE_LID_02] Academic Block Road    |   100% | CRITICAL
🟢 [MKCE_LID_03] Central Avenue         |    30% | NORMAL
🟢 [MKCE_LID_04] Library Road           |    30% | NORMAL
🔴 [MKCE_LID_05] Workshop Road          |   100% | CRITICAL
🔴 [MKCE_LID_06] Hostel Block Road      |   100% | CRITICAL
🟢 [MKCE_LID_07] Hostel Ring Road       |     0% | NORMAL
🟡 [MKCE_LID_08] Playground Perimeter Rd |  43.2% | WARNING
🟢 [MKCE_LID_09] Canteen Road           |     0% | NORMAL
🔴 [MKCE_LID_10] Back Gate Road         |  71.1% | CRITICAL

⏱ 10:56:49 ────────────────────────────────────────
🟢 [MKCE_LID_01] Main Gate Road         |     0% | NORMAL
🔴 [MKCE_LID_02] Academic Block Road    |   100% | CRITICAL
🟢 [MKCE_LID_03] Central Avenue         |  25.8% | NORMAL
🟢 [MKCE_LID_04] Library Road           |  27.1% | NORMAL
🔴 [MKCE_LID_05] Workshop Road          |  99.7% | CRITICAL
🔴 [MKCE_LID_06] Hostel Block Road      |   100% | CRITICAL
🟢 [MKCE_LID_07] Hostel Ring Road       |     0% | NORMAL
🟡 [MKCE_LID_08] Playground Perimeter Rd |  46.9% | WARNING
🟢 [MKCE_LID_09] Canteen Road           |     0% | NORMAL
🔴 [MKCE_LID_10] Back Gate Road         |  72.6% | CRITICAL

⏱ 10:56:52 ────────────────────────────────────────
🟢 [MKCE_LID_01] Main Gate Road         |     0% | NORMAL
🔴 [MKCE_LID_02] Academic Block Road    |   100% | CRITICAL
🟢 [MKCE_LID_03] Central Avenue         |  22.4% | NORMAL
🟢 [MKCE_LID_04] Library Road           |  23.2% | NORMAL
🔴 [MKCE_LID_05] Workshop Road          | 100.0% | CRITICAL
🔴 [MKCE_LID_06] Hostel Block Road      |   100% | CRITICAL
🟢 [MKCE_LID_07] Hostel Ring Road       |   0.0% | NORMAL
🟡 [MKCE_LID_08] Playground Perimeter Rd |  50.4% | WARNING
🟢 [MKCE_LID_09] Canteen Road           |     0% | NORMAL
🔴 [MKCE_LID_10] Back Gate Road         |  74.1% | CRITICAL

⏱ 10:56:55 ────────────────────────────────────────
🟢 [MKCE_LID_01] Main Gate Road         |     0% | NORMAL
🔴 [MKCE_LID_02] Academic Block Road    |   100% | CRITICAL
🟢 [MKCE_LID_03] Central Avenue         |  19.6% | NORMAL
🟢 [MKCE_LID_04] Library Road           |  20.0% | NORMAL
🔴 [MKCE_LID_05] Workshop Road          |   100% | CRITICAL
🔴 [MKCE_LID_06] Hostel Block Road      |   100% | CRITICAL
🟢 [MKCE_LID_07] Hostel Ring Road       |     0% | NORMAL
🟡 [MKCE_LID_08] Playground Perimeter Rd |  53.3% | WARNING
🟢 [MKCE_LID_09] Canteen Road           |     0% | NORMAL
🔴 [MKCE_LID_10] Back Gate Road         |  76.4% | CRITICAL

⏱ 10:56:58 ────────────────────────────────────────
🟢 [MKCE_LID_01] Main Gate Road         |     0% | NORMAL
🔴 [MKCE_LID_02] Academic Block Road    |   100% | CRITICAL
🟢 [MKCE_LID_03] Central Avenue         |  17.3% | NORMAL
🟢 [MKCE_LID_04] Library Road           |  15.9% | NORMAL
🔴 [MKCE_LID_05] Workshop Road          |   100% | CRITICAL
🔴 [MKCE_LID_06] Hostel Block Road      |   100% | CRITICAL
🟢 [MKCE_LID_07] Hostel Ring Road       |     0% | NORMAL
🟡 [MKCE_LID_08] Playground Perimeter Rd |  56.6% | WARNING
🟢 [MKCE_LID_09] Canteen Road           |     0% | NORMAL
🔴 [MKCE_LID_10] Back Gate Road         |  78.3% | CRITICAL

⏱ 10:57:01 ────────────────────────────────────────
🟢 [MKCE_LID_01] Main Gate Road         |     0% | NORMAL
🔴 [MKCE_LID_02] Academic Block Road    |   100% | CRITICAL
🟢 [MKCE_LID_03] Central Avenue         |  15.6% | NORMAL
🟢 [MKCE_LID_04] Library Road           |  11.3% | NORMAL
🔴 [MKCE_LID_05] Workshop Road          |  99.6% | CRITICAL
🔴 [MKCE_LID_06] Hostel Block Road      |   100% | CRITICAL
🟢 [MKCE_LID_07] Hostel Ring Road       |     0% | NORMAL
🟡 [MKCE_LID_08] Playground Perimeter Rd |  60.7% | WARNING
🟢 [MKCE_LID_09] Canteen Road           |     0% | NORMAL
🔴 [MKCE_LID_10] Back Gate Road         |  80.8% | CRITICAL

⏱ 10:57:04 ────────────────────────────────────────
🟢 [MKCE_LID_01] Main Gate Road         |     0% | NORMAL
🔴 [MKCE_LID_02] Academic Block Road    |   100% | CRITICAL
🟢 [MKCE_LID_03] Central Avenue         |  13.3% | NORMAL
🟢 [MKCE_LID_04] Library Road           |   6.3% | NORMAL
🟡 [MKCE_LID_05] Workshop Road          |  69.8% | WARNING
🔴 [MKCE_LID_06] Hostel Block Road      |   100% | CRITICAL
🟢 [MKCE_LID_07] Hostel Ring Road       |     0% | NORMAL
🟡 [MKCE_LID_08] Playground Perimeter Rd |  64.4% | WARNING
🟢 [MKCE_LID_09] Canteen Road           |   0.4% | NORMAL
🔴 [MKCE_LID_10] Back Gate Road         |   100% | CRITICAL

⏱ 10:57:07 ────────────────────────────────────────
🟢 [MKCE_LID_01] Main Gate Road         |     0% | NORMAL
🔴 [MKCE_LID_02] Academic Block Road    |   100% | CRITICAL
🟢 [MKCE_LID_03] Central Avenue         |  10.2% | NORMAL
🟢 [MKCE_LID_04] Library Road           |   1.3% | NORMAL
🔴 [MKCE_LID_05] Workshop Road          |   100% | CRITICAL
🔴 [MKCE_LID_06] Hostel Block Road      |   100% | CRITICAL
🟢 [MKCE_LID_07] Hostel Ring Road       |     0% | NORMAL
🟡 [MKCE_LID_08] Playground Perimeter Rd |  69.2% | WARNING
🟢 [MKCE_LID_09] Canteen Road           |   0.7% | NORMAL
🔴 [MKCE_LID_10] Back Gate Road         |   100% | CRITICAL

⏱ 10:57:10 ────────────────────────────────────────
🟢 [MKCE_LID_01] Main Gate Road         |     0% | NORMAL
🔴 [MKCE_LID_02] Academic Block Road    |   100% | CRITICAL
🟢 [MKCE_LID_03] Central Avenue         |   7.3% | NORMAL
🟢 [MKCE_LID_04] Library Road           |     0% | NORMAL
🔴 [MKCE_LID_05] Workshop Road          |   100% | CRITICAL
🔴 [MKCE_LID_06] Hostel Block Road      |   100% | CRITICAL
🟢 [MKCE_LID_07] Hostel Ring Road       |     0% | NORMAL
🔴 [MKCE_LID_08] Playground Perimeter Rd |  74.0% | CRITICAL
🟢 [MKCE_LID_09] Canteen Road           |   1.3% | NORMAL
🔴 [MKCE_LID_10] Back Gate Road         |   100% | CRITICAL

⏱ 10:57:13 ────────────────────────────────────────
🟢 [MKCE_LID_01] Main Gate Road         |     0% | NORMAL
🔴 [MKCE_LID_02] Academic Block Road    |   100% | CRITICAL
🟢 [MKCE_LID_03] Central Avenue         |   5.3% | NORMAL
🟢 [MKCE_LID_04] Library Road           |     0% | NORMAL
🔴 [MKCE_LID_05] Workshop Road          |   100% | CRITICAL
🔴 [MKCE_LID_06] Hostel Block Road      |   100% | CRITICAL
🟢 [MKCE_LID_07] Hostel Ring Road       |     0% | NORMAL
🔴 [MKCE_LID_08] Playground Perimeter Rd |  79.0% | CRITICAL
🟢 [MKCE_LID_09] Canteen Road           |   1.5% | NORMAL
🟡 [MKCE_LID_10] Back Gate Road         |    70% | WARNING

⏱ 10:57:16 ────────────────────────────────────────
🟢 [MKCE_LID_01] Main Gate Road         |     0% | NORMAL
🔴 [MKCE_LID_02] Academic Block Road    |   100% | CRITICAL
🟢 [MKCE_LID_03] Central Avenue         |   2.8% | NORMAL
🟢 [MKCE_LID_04] Library Road           |     0% | NORMAL
🔴 [MKCE_LID_05] Workshop Road          |   100% | CRITICAL
🔴 [MKCE_LID_06] Hostel Block Road      |   100% | CRITICAL
🟢 [MKCE_LID_07] Hostel Ring Road       |    30% | NORMAL
🔴 [MKCE_LID_08] Playground Perimeter Rd |  83.4% | CRITICAL
🟢 [MKCE_LID_09] Canteen Road           |   2.4% | NORMAL
🔴 [MKCE_LID_10] Back Gate Road         |  72.7% | CRITICAL

⏱ 10:57:19 ────────────────────────────────────────
🟢 [MKCE_LID_01] Main Gate Road         |     0% | NORMAL
🔴 [MKCE_LID_02] Academic Block Road    |   100% | CRITICAL
🟢 [MKCE_LID_03] Central Avenue         |   0.0% | NORMAL
🟢 [MKCE_LID_04] Library Road           |    30% | NORMAL
🔴 [MKCE_LID_05] Workshop Road          |   100% | CRITICAL
🔴 [MKCE_LID_06] Hostel Block Road      |   100% | CRITICAL
🟢 [MKCE_LID_07] Hostel Ring Road       |  27.4% | NORMAL
🔴 [MKCE_LID_08] Playground Perimeter Rd |  87.5% | CRITICAL
🟢 [MKCE_LID_09] Canteen Road           |   3.1% | NORMAL
🔴 [MKCE_LID_10] Back Gate Road         |  75.1% | CRITICAL

⏱ 10:57:22 ────────────────────────────────────────
🟢 [MKCE_LID_01] Main Gate Road         |     0% | NORMAL
🔴 [MKCE_LID_02] Academic Block Road    |   100% | CRITICAL
🟢 [MKCE_LID_03] Central Avenue         |     0% | NORMAL
🟢 [MKCE_LID_04] Library Road           |    25% | NORMAL
🔴 [MKCE_LID_05] Workshop Road          |   100% | CRITICAL
🔴 [MKCE_LID_06] Hostel Block Road      |  99.5% | CRITICAL
🟢 [MKCE_LID_07] Hostel Ring Road       |  24.5% | NORMAL
🔴 [MKCE_LID_08] Playground Perimeter Rd |  91.6% | CRITICAL
🟢 [MKCE_LID_09] Canteen Road           |   2.9% | NORMAL
🔴 [MKCE_LID_10] Back Gate Road         |  76.7% | CRITICAL

⏱ 10:57:25 ────────────────────────────────────────
🟢 [MKCE_LID_01] Main Gate Road         |     0% | NORMAL
🔴 [MKCE_LID_02] Academic Block Road    |   100% | CRITICAL
🟢 [MKCE_LID_03] Central Avenue         |     0% | NORMAL
🟢 [MKCE_LID_04] Library Road           |    20% | NORMAL
🔴 [MKCE_LID_05] Workshop Road          |   100% | CRITICAL
🔴 [MKCE_LID_06] Hostel Block Road      |  98.7% | CRITICAL
🟢 [MKCE_LID_07] Hostel Ring Road       |  20.9% | NORMAL
🔴 [MKCE_LID_08] Playground Perimeter Rd |  94.7% | CRITICAL
🟢 [MKCE_LID_09] Canteen Road           |   3.2% | NORMAL
🔴 [MKCE_LID_10] Back Gate Road         |  77.9% | CRITICAL

⏱ 10:57:28 ────────────────────────────────────────
🟢 [MKCE_LID_01] Main Gate Road         |     0% | NORMAL
🔴 [MKCE_LID_02] Academic Block Road    |   100% | CRITICAL
🟢 [MKCE_LID_03] Central Avenue         |     0% | NORMAL
🟢 [MKCE_LID_04] Library Road           |  15.7% | NORMAL
🔴 [MKCE_LID_05] Workshop Road          |   100% | CRITICAL
🔴 [MKCE_LID_06] Hostel Block Road      |  97.6% | CRITICAL
🟢 [MKCE_LID_07] Hostel Ring Road       |  16.3% | NORMAL
🔴 [MKCE_LID_08] Playground Perimeter Rd |  96.9% | CRITICAL
🟢 [MKCE_LID_09] Canteen Road           |   3.5% | NORMAL
🔴 [MKCE_LID_10] Back Gate Road         |  80.0% | CRITICAL

⏱ 10:57:32 ────────────────────────────────────────
🟢 [MKCE_LID_01] Main Gate Road         |     0% | NORMAL
🔴 [MKCE_LID_02] Academic Block Road    |   100% | CRITICAL
🟢 [MKCE_LID_03] Central Avenue         |     0% | NORMAL
🟢 [MKCE_LID_04] Library Road           |  10.9% | NORMAL
🔴 [MKCE_LID_05] Workshop Road          |   100% | CRITICAL
🔴 [MKCE_LID_06] Hostel Block Road      |  96.2% | CRITICAL
🟢 [MKCE_LID_07] Hostel Ring Road       |  12.1% | NORMAL
🔴 [MKCE_LID_08] Playground Perimeter Rd |  99.8% | CRITICAL
🟢 [MKCE_LID_09] Canteen Road           |   4.0% | NORMAL
🔴 [MKCE_LID_10] Back Gate Road         |  81.9% | CRITICAL

⏱ 10:57:35 ────────────────────────────────────────
🟢 [MKCE_LID_01] Main Gate Road         |     0% | NORMAL
🔴 [MKCE_LID_02] Academic Block Road    |   100% | CRITICAL
🟢 [MKCE_LID_03] Central Avenue         |     0% | NORMAL
🟢 [MKCE_LID_04] Library Road           |   6.4% | NORMAL
🔴 [MKCE_LID_05] Workshop Road          |   100% | CRITICAL
🔴 [MKCE_LID_06] Hostel Block Road      |  95.7% | CRITICAL
🟢 [MKCE_LID_07] Hostel Ring Road       |   7.5% | NORMAL
🔴 [MKCE_LID_08] Playground Perimeter Rd |   100% | CRITICAL
🟢 [MKCE_LID_09] Canteen Road           |   5.0% | NORMAL
🔴 [MKCE_LID_10] Back Gate Road         |  83.6% | CRITICAL

⏱ 10:57:38 ────────────────────────────────────────
🟢 [MKCE_LID_01] Main Gate Road         |     0% | NORMAL
🔴 [MKCE_LID_02] Academic Block Road    |   100% | CRITICAL
🟢 [MKCE_LID_03] Central Avenue         |    30% | NORMAL
🟢 [MKCE_LID_04] Library Road           |   2.0% | NORMAL
🔴 [MKCE_LID_05] Workshop Road          |   100% | CRITICAL
🔴 [MKCE_LID_06] Hostel Block Road      |  95.6% | CRITICAL
🟢 [MKCE_LID_07] Hostel Ring Road       |   3.6% | NORMAL
🔴 [MKCE_LID_08] Playground Perimeter Rd |   100% | CRITICAL
🟢 [MKCE_LID_09] Canteen Road           |   5.0% | NORMAL
🔴 [MKCE_LID_10] Back Gate Road         |  85.9% | CRITICAL

⏱ 10:57:41 ────────────────────────────────────────
🟢 [MKCE_LID_01] Main Gate Road         |     0% | NORMAL
🔴 [MKCE_LID_02] Academic Block Road    |   100% | CRITICAL
🟢 [MKCE_LID_03] Central Avenue         |  28.2% | NORMAL
🟢 [MKCE_LID_04] Library Road           |     0% | NORMAL
🔴 [MKCE_LID_05] Workshop Road          |   100% | CRITICAL
🔴 [MKCE_LID_06] Hostel Block Road      |  95.0% | CRITICAL
🟢 [MKCE_LID_07] Hostel Ring Road       |     0% | NORMAL
🔴 [MKCE_LID_08] Playground Perimeter Rd |   100% | CRITICAL
🟢 [MKCE_LID_09] Canteen Road           |   5.9% | NORMAL
🔴 [MKCE_LID_10] Back Gate Road         |  87.8% | CRITICAL

⏱ 10:57:44 ────────────────────────────────────────
🟢 [MKCE_LID_01] Main Gate Road         |     0% | NORMAL
🔴 [MKCE_LID_02] Academic Block Road    |   100% | CRITICAL
🟢 [MKCE_LID_03] Central Avenue         |  25.5% | NORMAL
🟢 [MKCE_LID_04] Library Road           |     0% | NORMAL
🔴 [MKCE_LID_05] Workshop Road          |   100% | CRITICAL
🔴 [MKCE_LID_06] Hostel Block Road      |  94.9% | CRITICAL
🟢 [MKCE_LID_07] Hostel Ring Road       |     0% | NORMAL
🔴 [MKCE_LID_08] Playground Perimeter Rd |   100% | CRITICAL
🟢 [MKCE_LID_09] Canteen Road           |   7.3% | NORMAL
🔴 [MKCE_LID_10] Back Gate Road         |  90.5% | CRITICAL

⏱ 10:57:47 ────────────────────────────────────────
🟢 [MKCE_LID_01] Main Gate Road         |     0% | NORMAL
🔴 [MKCE_LID_02] Academic Block Road    |   100% | CRITICAL
🟢 [MKCE_LID_03] Central Avenue         |  22.7% | NORMAL
🟢 [MKCE_LID_04] Library Road           |    30% | NORMAL
🔴 [MKCE_LID_05] Workshop Road          |   100% | CRITICAL
🔴 [MKCE_LID_06] Hostel Block Road      |  95.6% | CRITICAL
🟢 [MKCE_LID_07] Hostel Ring Road       |     0% | NORMAL
🔴 [MKCE_LID_08] Playground Perimeter Rd |   100% | CRITICAL
🟢 [MKCE_LID_09] Canteen Road           |   9.1% | NORMAL
🔴 [MKCE_LID_10] Back Gate Road         |  92.4% | CRITICAL

⏱ 10:57:50 ────────────────────────────────────────
🟢 [MKCE_LID_01] Main Gate Road         |     0% | NORMAL
🔴 [MKCE_LID_02] Academic Block Road    |   100% | CRITICAL
🟢 [MKCE_LID_03] Central Avenue         |  19.6% | NORMAL
🟢 [MKCE_LID_04] Library Road           |  26.7% | NORMAL
🔴 [MKCE_LID_05] Workshop Road          |   100% | CRITICAL
🔴 [MKCE_LID_06] Hostel Block Road      |  96.6% | CRITICAL
🟢 [MKCE_LID_07] Hostel Ring Road       |     0% | NORMAL
🔴 [MKCE_LID_08] Playground Perimeter Rd |   100% | CRITICAL
🟢 [MKCE_LID_09] Canteen Road           |  11.1% | NORMAL
🟡 [MKCE_LID_10] Back Gate Road         |  63.6% | WARNING

⏱ 10:57:53 ────────────────────────────────────────
🟢 [MKCE_LID_01] Main Gate Road         |     0% | NORMAL
🔴 [MKCE_LID_02] Academic Block Road    |   100% | CRITICAL
🟢 [MKCE_LID_03] Central Avenue         |  17.2% | NORMAL
🟢 [MKCE_LID_04] Library Road           |  23.3% | NORMAL
🔴 [MKCE_LID_05] Workshop Road          |   100% | CRITICAL
🔴 [MKCE_LID_06] Hostel Block Road      |  97.0% | CRITICAL
🟢 [MKCE_LID_07] Hostel Ring Road       |     0% | NORMAL
🔴 [MKCE_LID_08] Playground Perimeter Rd |   100% | CRITICAL
🟢 [MKCE_LID_09] Canteen Road           |  12.6% | NORMAL
🟡 [MKCE_LID_10] Back Gate Road         |  65.7% | WARNING

⏱ 10:57:56 ────────────────────────────────────────
🟢 [MKCE_LID_01] Main Gate Road         |     0% | NORMAL
🔴 [MKCE_LID_02] Academic Block Road    |   100% | CRITICAL
🟢 [MKCE_LID_03] Central Avenue         |  14.0% | NORMAL
🟢 [MKCE_LID_04] Library Road           |  19.6% | NORMAL
🔴 [MKCE_LID_05] Workshop Road          |   100% | CRITICAL
🔴 [MKCE_LID_06] Hostel Block Road      |  98.1% | CRITICAL
🟢 [MKCE_LID_07] Hostel Ring Road       |     0% | NORMAL
🔴 [MKCE_LID_08] Playground Perimeter Rd |   100% | CRITICAL
🟢 [MKCE_LID_09] Canteen Road           |  13.9% | NORMAL
🟡 [MKCE_LID_10] Back Gate Road         |  67.4% | WARNING

⏱ 10:57:59 ────────────────────────────────────────
🟢 [MKCE_LID_01] Main Gate Road         |     0% | NORMAL
🔴 [MKCE_LID_02] Academic Block Road    |   100% | CRITICAL
🟢 [MKCE_LID_03] Central Avenue         |   9.8% | NORMAL
🟢 [MKCE_LID_04] Library Road           |  16.4% | NORMAL
🔴 [MKCE_LID_05] Workshop Road          |   100% | CRITICAL
🔴 [MKCE_LID_06] Hostel Block Road      |  99.7% | CRITICAL
🟢 [MKCE_LID_07] Hostel Ring Road       |     0% | NORMAL
🔴 [MKCE_LID_08] Playground Perimeter Rd |   100% | CRITICAL
🟢 [MKCE_LID_09] Canteen Road           |  14.4% | NORMAL
🟡 [MKCE_LID_10] Back Gate Road         |  68.2% | WARNING

⏱ 10:58:02 ────────────────────────────────────────
🟢 [MKCE_LID_01] Main Gate Road         |     0% | NORMAL
🔴 [MKCE_LID_02] Academic Block Road    |   100% | CRITICAL
🟢 [MKCE_LID_03] Central Avenue         |   5.9% | NORMAL
🟢 [MKCE_LID_04] Library Road           |  12.8% | NORMAL
🔴 [MKCE_LID_05] Workshop Road          |  99.8% | CRITICAL
🔴 [MKCE_LID_06] Hostel Block Road      |   100% | CRITICAL
🟢 [MKCE_LID_07] Hostel Ring Road       |     0% | NORMAL
🔴 [MKCE_LID_08] Playground Perimeter Rd |   100% | CRITICAL
🟢 [MKCE_LID_09] Canteen Road           |  14.1% | NORMAL
🟡 [MKCE_LID_10] Back Gate Road         |  68.9% | WARNING

⏱ 10:58:05 ────────────────────────────────────────
🟢 [MKCE_LID_01] Main Gate Road         |     0% | NORMAL
🔴 [MKCE_LID_02] Academic Block Road    |   100% | CRITICAL
🟢 [MKCE_LID_03] Central Avenue         |   1.6% | NORMAL
🟢 [MKCE_LID_04] Library Road           |   9.3% | NORMAL
🔴 [MKCE_LID_05] Workshop Road          |  99.6% | CRITICAL
🔴 [MKCE_LID_06] Hostel Block Road      |   100% | CRITICAL
🟢 [MKCE_LID_07] Hostel Ring Road       |     0% | NORMAL
🔴 [MKCE_LID_08] Playground Perimeter Rd |   100% | CRITICAL
🟢 [MKCE_LID_09] Canteen Road           |  14.0% | NORMAL
🟡 [MKCE_LID_10] Back Gate Road         |  68.7% | WARNING

⏱ 10:58:08 ────────────────────────────────────────
🟢 [MKCE_LID_01] Main Gate Road         |     0% | NORMAL
🔴 [MKCE_LID_02] Academic Block Road    |  99.4% | CRITICAL
🟢 [MKCE_LID_03] Central Avenue         |     0% | NORMAL
🟢 [MKCE_LID_04] Library Road           |   5.9% | NORMAL
🔴 [MKCE_LID_05] Workshop Road          |   100% | CRITICAL
🔴 [MKCE_LID_06] Hostel Block Road      |   100% | CRITICAL
🟢 [MKCE_LID_07] Hostel Ring Road       |     0% | NORMAL
🔴 [MKCE_LID_08] Playground Perimeter Rd |   100% | CRITICAL
🟢 [MKCE_LID_09] Canteen Road           |  14.8% | NORMAL
🟡 [MKCE_LID_10] Back Gate Road         |  67.6% | WARNING

⏱ 10:58:11 ────────────────────────────────────────
🟢 [MKCE_LID_01] Main Gate Road         |     0% | NORMAL
🔴 [MKCE_LID_02] Academic Block Road    |  99.6% | CRITICAL
🟢 [MKCE_LID_03] Central Avenue         |     0% | NORMAL
🟢 [MKCE_LID_04] Library Road           |   3.0% | NORMAL
🔴 [MKCE_LID_05] Workshop Road          |   100% | CRITICAL
🔴 [MKCE_LID_06] Hostel Block Road      |   100% | CRITICAL
🟢 [MKCE_LID_07] Hostel Ring Road       |     0% | NORMAL
🔴 [MKCE_LID_08] Playground Perimeter Rd |   100% | CRITICAL
🟢 [MKCE_LID_09] Canteen Road           |  15.3% | NORMAL
🟡 [MKCE_LID_10] Back Gate Road         |  65.8% | WARNING

⏱ 10:58:14 ────────────────────────────────────────
🟢 [MKCE_LID_01] Main Gate Road         |     0% | NORMAL
🔴 [MKCE_LID_02] Academic Block Road    |  99.1% | CRITICAL
🟢 [MKCE_LID_03] Central Avenue         |     0% | NORMAL
🟢 [MKCE_LID_04] Library Road           |   0.9% | NORMAL
🔴 [MKCE_LID_05] Workshop Road          |   100% | CRITICAL
🔴 [MKCE_LID_06] Hostel Block Road      |   100% | CRITICAL
🟢 [MKCE_LID_07] Hostel Ring Road       |     0% | NORMAL
🔴 [MKCE_LID_08] Playground Perimeter Rd |   100% | CRITICAL
🟢 [MKCE_LID_09] Canteen Road           |  16.7% | NORMAL
🟡 [MKCE_LID_10] Back Gate Road         |  63.9% | WARNING

⏱ 10:58:17 ────────────────────────────────────────
🟢 [MKCE_LID_01] Main Gate Road         |    30% | NORMAL
🔴 [MKCE_LID_02] Academic Block Road    |  99.4% | CRITICAL
🟢 [MKCE_LID_03] Central Avenue         |     0% | NORMAL
🟢 [MKCE_LID_04] Library Road           |     0% | NORMAL
🔴 [MKCE_LID_05] Workshop Road          |   100% | CRITICAL
🔴 [MKCE_LID_06] Hostel Block Road      |   100% | CRITICAL
🟢 [MKCE_LID_07] Hostel Ring Road       |     0% | NORMAL
🔴 [MKCE_LID_08] Playground Perimeter Rd |   100% | CRITICAL
🟢 [MKCE_LID_09] Canteen Road           |  17.3% | NORMAL
🟡 [MKCE_LID_10] Back Gate Road         |  61.4% | WARNING

⏱ 10:58:20 ────────────────────────────────────────
🟢 [MKCE_LID_01] Main Gate Road         |  27.3% | NORMAL
🔴 [MKCE_LID_02] Academic Block Road    |  99.5% | CRITICAL
🟢 [MKCE_LID_03] Central Avenue         |     0% | NORMAL
🟢 [MKCE_LID_04] Library Road           |     0% | NORMAL
🔴 [MKCE_LID_05] Workshop Road          |   100% | CRITICAL
🔴 [MKCE_LID_06] Hostel Block Road      |   100% | CRITICAL
🟢 [MKCE_LID_07] Hostel Ring Road       |     0% | NORMAL
🔴 [MKCE_LID_08] Playground Perimeter Rd |   100% | CRITICAL
🟢 [MKCE_LID_09] Canteen Road           |  16.9% | NORMAL
🟡 [MKCE_LID_10] Back Gate Road         |  59.6% | WARNING

⏱ 10:58:23 ────────────────────────────────────────
🟢 [MKCE_LID_01] Main Gate Road         |  24.4% | NORMAL
🔴 [MKCE_LID_02] Academic Block Road    |  98.7% | CRITICAL
🟢 [MKCE_LID_03] Central Avenue         |     0% | NORMAL
🟢 [MKCE_LID_04] Library Road           |     0% | NORMAL
🔴 [MKCE_LID_05] Workshop Road          |   100% | CRITICAL
🔴 [MKCE_LID_06] Hostel Block Road      |   100% | CRITICAL
🟢 [MKCE_LID_07] Hostel Ring Road       |     0% | NORMAL
🔴 [MKCE_LID_08] Playground Perimeter Rd |   100% | CRITICAL
🟢 [MKCE_LID_09] Canteen Road           |  17.0% | NORMAL
🟡 [MKCE_LID_10] Back Gate Road         |  57.5% | WARNING

⏱ 10:58:27 ────────────────────────────────────────
🟢 [MKCE_LID_01] Main Gate Road         |  22.3% | NORMAL
🟡 [MKCE_LID_02] Academic Block Road    |  67.5% | WARNING
🟢 [MKCE_LID_03] Central Avenue         |     0% | NORMAL
🟢 [MKCE_LID_04] Library Road           |     0% | NORMAL
🔴 [MKCE_LID_05] Workshop Road          |   100% | CRITICAL
🔴 [MKCE_LID_06] Hostel Block Road      |   100% | CRITICAL
🟢 [MKCE_LID_07] Hostel Ring Road       |     0% | NORMAL
🔴 [MKCE_LID_08] Playground Perimeter Rd |   100% | CRITICAL
🟢 [MKCE_LID_09] Canteen Road           |  16.8% | NORMAL
🟡 [MKCE_LID_10] Back Gate Road         |  54.6% | WARNING

⏱ 10:58:30 ────────────────────────────────────────
🟡 [MKCE_LID_01] Main Gate Road         |  51.2% | WARNING
🟡 [MKCE_LID_02] Academic Block Road    |  66.6% | WARNING
🟢 [MKCE_LID_03] Central Avenue         |     0% | NORMAL
🟢 [MKCE_LID_04] Library Road           |     0% | NORMAL
🔴 [MKCE_LID_05] Workshop Road          |   100% | CRITICAL
🔴 [MKCE_LID_06] Hostel Block Road      |   100% | CRITICAL
🟢 [MKCE_LID_07] Hostel Ring Road       |     0% | NORMAL
🔴 [MKCE_LID_08] Playground Perimeter Rd |  99.7% | CRITICAL
🟢 [MKCE_LID_09] Canteen Road           |  17.5% | NORMAL
🟡 [MKCE_LID_10] Back Gate Road         |  51.4% | WARNING

⏱ 10:58:33 ────────────────────────────────────────
🟡 [MKCE_LID_01] Main Gate Road         |  50.0% | WARNING
🟡 [MKCE_LID_02] Academic Block Road    |  65.8% | WARNING
🟢 [MKCE_LID_03] Central Avenue         |     0% | NORMAL
🟢 [MKCE_LID_04] Library Road           |     0% | NORMAL
🔴 [MKCE_LID_05] Workshop Road          |   100% | CRITICAL
🔴 [MKCE_LID_06] Hostel Block Road      |   100% | CRITICAL
🟢 [MKCE_LID_07] Hostel Ring Road       |     0% | NORMAL
🔴 [MKCE_LID_08] Playground Perimeter Rd |  99.0% | CRITICAL
🟢 [MKCE_LID_09] Canteen Road           |  17.4% | NORMAL
🟡 [MKCE_LID_10] Back Gate Road         |  49.0% | WARNING

⏱ 10:58:36 ────────────────────────────────────────
🟡 [MKCE_LID_01] Main Gate Road         |  48.2% | WARNING
🟡 [MKCE_LID_02] Academic Block Road    |  64.8% | WARNING
🟢 [MKCE_LID_03] Central Avenue         |     0% | NORMAL
🟢 [MKCE_LID_04] Library Road           |     0% | NORMAL
🔴 [MKCE_LID_05] Workshop Road          |   100% | CRITICAL
🔴 [MKCE_LID_06] Hostel Block Road      |   100% | CRITICAL
🟢 [MKCE_LID_07] Hostel Ring Road       |     0% | NORMAL
🔴 [MKCE_LID_08] Playground Perimeter Rd |  97.4% | CRITICAL
🟢 [MKCE_LID_09] Canteen Road           |  17.7% | NORMAL
🟡 [MKCE_LID_10] Back Gate Road         |  47.4% | WARNING

⏱ 10:58:39 ────────────────────────────────────────
🟡 [MKCE_LID_01] Main Gate Road         |  46.2% | WARNING
🟡 [MKCE_LID_02] Academic Block Road    |  62.8% | WARNING
🟢 [MKCE_LID_03] Central Avenue         |     0% | NORMAL
🟢 [MKCE_LID_04] Library Road           |     0% | NORMAL
🔴 [MKCE_LID_05] Workshop Road          |   100% | CRITICAL
🔴 [MKCE_LID_06] Hostel Block Road      |   100% | CRITICAL
🟢 [MKCE_LID_07] Hostel Ring Road       |     0% | NORMAL
🔴 [MKCE_LID_08] Playground Perimeter Rd |   100% | CRITICAL
🟢 [MKCE_LID_09] Canteen Road           |  18.3% | NORMAL
🟡 [MKCE_LID_10] Back Gate Road         |  45.3% | WARNING

⏱ 10:58:42 ────────────────────────────────────────
🟡 [MKCE_LID_01] Main Gate Road         |  43.1% | WARNING
🟡 [MKCE_LID_02] Academic Block Road    |  61.8% | WARNING
🟢 [MKCE_LID_03] Central Avenue         |     0% | NORMAL
🟢 [MKCE_LID_04] Library Road           |     0% | NORMAL
🔴 [MKCE_LID_05] Workshop Road          |   100% | CRITICAL
🔴 [MKCE_LID_06] Hostel Block Road      |   100% | CRITICAL
🟢 [MKCE_LID_07] Hostel Ring Road       |     0% | NORMAL
🔴 [MKCE_LID_08] Playground Perimeter Rd |  99.2% | CRITICAL
🟢 [MKCE_LID_09] Canteen Road           |  18.0% | NORMAL
🟡 [MKCE_LID_10] Back Gate Road         |  42.5% | WARNING

⏱ 10:58:45 ────────────────────────────────────────
🟡 [MKCE_LID_01] Main Gate Road         |  40.4% | WARNING
🔴 [MKCE_LID_02] Academic Block Road    |  90.4% | CRITICAL
🟢 [MKCE_LID_03] Central Avenue         |     0% | NORMAL
🟢 [MKCE_LID_04] Library Road           |     0% | NORMAL
🔴 [MKCE_LID_05] Workshop Road          |   100% | CRITICAL
🔴 [MKCE_LID_06] Hostel Block Road      |   100% | CRITICAL
🟢 [MKCE_LID_07] Hostel Ring Road       |     0% | NORMAL
🔴 [MKCE_LID_08] Playground Perimeter Rd |  99.2% | CRITICAL
🟢 [MKCE_LID_09] Canteen Road           |  18.5% | NORMAL
🟢 [MKCE_LID_10] Back Gate Road         |  39.1% | NORMAL

⏱ 10:58:48 ────────────────────────────────────────
🟢 [MKCE_LID_01] Main Gate Road         |  37.3% | NORMAL
🔴 [MKCE_LID_02] Academic Block Road    |  89.7% | CRITICAL
🟢 [MKCE_LID_03] Central Avenue         |   0.2% | NORMAL
🟢 [MKCE_LID_04] Library Road           |     0% | NORMAL
🔴 [MKCE_LID_05] Workshop Road          |   100% | CRITICAL
🔴 [MKCE_LID_06] Hostel Block Road      |   100% | CRITICAL
🟢 [MKCE_LID_07] Hostel Ring Road       |     0% | NORMAL
🔴 [MKCE_LID_08] Playground Perimeter Rd |  98.9% | CRITICAL
🟢 [MKCE_LID_09] Canteen Road           |     0% | NORMAL
🟢 [MKCE_LID_10] Back Gate Road         |  35.0% | NORMAL

⏱ 10:58:51 ────────────────────────────────────────
🟢 [MKCE_LID_01] Main Gate Road         |  33.8% | NORMAL
🔴 [MKCE_LID_02] Academic Block Road    |  88.3% | CRITICAL
🟢 [MKCE_LID_03] Central Avenue         |   0.8% | NORMAL
🟢 [MKCE_LID_04] Library Road           |     0% | NORMAL
🔴 [MKCE_LID_05] Workshop Road          |   100% | CRITICAL
🔴 [MKCE_LID_06] Hostel Block Road      |   100% | CRITICAL
🟢 [MKCE_LID_07] Hostel Ring Road       |     0% | NORMAL
🔴 [MKCE_LID_08] Playground Perimeter Rd |  98.3% | CRITICAL
🟢 [MKCE_LID_09] Canteen Road           |   1.0% | NORMAL
🟢 [MKCE_LID_10] Back Gate Road         |  30.3% | NORMAL

⏱ 10:58:54 ────────────────────────────────────────
🟢 [MKCE_LID_01] Main Gate Road         |  30.7% | NORMAL
🔴 [MKCE_LID_02] Academic Block Road    |  87.2% | CRITICAL
🟢 [MKCE_LID_03] Central Avenue         |   2.3% | NORMAL
🟢 [MKCE_LID_04] Library Road           |     0% | NORMAL
🔴 [MKCE_LID_05] Workshop Road          |   100% | CRITICAL
🔴 [MKCE_LID_06] Hostel Block Road      |   100% | CRITICAL
🟢 [MKCE_LID_07] Hostel Ring Road       |   0.3% | NORMAL
🔴 [MKCE_LID_08] Playground Perimeter Rd |  98.7% | CRITICAL
🟢 [MKCE_LID_09] Canteen Road           |   2.4% | NORMAL
🟢 [MKCE_LID_10] Back Gate Road         |  26.2% | NORMAL

⏱ 10:58:57 ────────────────────────────────────────
🟢 [MKCE_LID_01] Main Gate Road         |  27.8% | NORMAL
🔴 [MKCE_LID_02] Academic Block Road    |  85.9% | CRITICAL
🟢 [MKCE_LID_03] Central Avenue         |   4.6% | NORMAL
🟢 [MKCE_LID_04] Library Road           |     0% | NORMAL
🔴 [MKCE_LID_05] Workshop Road          |   100% | CRITICAL
🔴 [MKCE_LID_06] Hostel Block Road      |   100% | CRITICAL
🟢 [MKCE_LID_07] Hostel Ring Road       |   0.0% | NORMAL
🔴 [MKCE_LID_08] Playground Perimeter Rd |  99.1% | CRITICAL
🟢 [MKCE_LID_09] Canteen Road           |   4.7% | NORMAL
🟢 [MKCE_LID_10] Back Gate Road         |  22.0% | NORMAL

⏱ 10:59:00 ────────────────────────────────────────
🟢 [MKCE_LID_01] Main Gate Road         |  24.3% | NORMAL
🔴 [MKCE_LID_02] Academic Block Road    |  83.9% | CRITICAL
🟢 [MKCE_LID_03] Central Avenue         |   7.2% | NORMAL
🟢 [MKCE_LID_04] Library Road           |     0% | NORMAL
🔴 [MKCE_LID_05] Workshop Road          |   100% | CRITICAL
🔴 [MKCE_LID_06] Hostel Block Road      |   100% | CRITICAL
🟢 [MKCE_LID_07] Hostel Ring Road       |     0% | NORMAL
🔴 [MKCE_LID_08] Playground Perimeter Rd |   100% | CRITICAL
🟢 [MKCE_LID_09] Canteen Road           |   7.8% | NORMAL
🟢 [MKCE_LID_10] Back Gate Road         |  18.7% | NORMAL

⏱ 10:59:03 ────────────────────────────────────────
🟢 [MKCE_LID_01] Main Gate Road         |  20.3% | NORMAL
🔴 [MKCE_LID_02] Academic Block Road    |  81.7% | CRITICAL
🟢 [MKCE_LID_03] Central Avenue         |  39.5% | NORMAL
🟢 [MKCE_LID_04] Library Road           |     0% | NORMAL
🔴 [MKCE_LID_05] Workshop Road          |   100% | CRITICAL
🔴 [MKCE_LID_06] Hostel Block Road      |   100% | CRITICAL
🟢 [MKCE_LID_07] Hostel Ring Road       |     0% | NORMAL
🔴 [MKCE_LID_08] Playground Perimeter Rd |   100% | CRITICAL
🟢 [MKCE_LID_09] Canteen Road           |  10.7% | NORMAL
🟢 [MKCE_LID_10] Back Gate Road         |  15.2% | NORMAL

⏱ 10:59:06 ────────────────────────────────────────
🟢 [MKCE_LID_01] Main Gate Road         |  15.9% | NORMAL
🔴 [MKCE_LID_02] Academic Block Road    |  80.4% | CRITICAL
🟡 [MKCE_LID_03] Central Avenue         |  41.3% | WARNING
🟢 [MKCE_LID_04] Library Road           |     0% | NORMAL
🔴 [MKCE_LID_05] Workshop Road          |   100% | CRITICAL
🔴 [MKCE_LID_06] Hostel Block Road      |   100% | CRITICAL
🟢 [MKCE_LID_07] Hostel Ring Road       |     0% | NORMAL
🔴 [MKCE_LID_08] Playground Perimeter Rd |   100% | CRITICAL
🟢 [MKCE_LID_09] Canteen Road           |  13.8% | NORMAL
🟢 [MKCE_LID_10] Back Gate Road         |  10.7% | NORMAL

⏱ 10:59:09 ────────────────────────────────────────
🟢 [MKCE_LID_01] Main Gate Road         |  12.1% | NORMAL
🔴 [MKCE_LID_02] Academic Block Road    |  78.8% | CRITICAL
🟡 [MKCE_LID_03] Central Avenue         |  43.2% | WARNING
🟢 [MKCE_LID_04] Library Road           |     0% | NORMAL
🔴 [MKCE_LID_05] Workshop Road          |   100% | CRITICAL
🔴 [MKCE_LID_06] Hostel Block Road      |   100% | CRITICAL
🟢 [MKCE_LID_07] Hostel Ring Road       |     0% | NORMAL
🔴 [MKCE_LID_08] Playground Perimeter Rd |   100% | CRITICAL
🟢 [MKCE_LID_09] Canteen Road           |  17.0% | NORMAL
🟢 [MKCE_LID_10] Back Gate Road         |   5.7% | NORMAL

⏱ 10:59:12 ────────────────────────────────────────
🟢 [MKCE_LID_01] Main Gate Road         |   8.9% | NORMAL
🔴 [MKCE_LID_02] Academic Block Road    |  77.0% | CRITICAL
🟡 [MKCE_LID_03] Central Avenue         |  45.1% | WARNING
🟢 [MKCE_LID_04] Library Road           |     0% | NORMAL
🔴 [MKCE_LID_05] Workshop Road          |   100% | CRITICAL
🔴 [MKCE_LID_06] Hostel Block Road      |   100% | CRITICAL
🟢 [MKCE_LID_07] Hostel Ring Road       |     0% | NORMAL
🔴 [MKCE_LID_08] Playground Perimeter Rd |   100% | CRITICAL
🟢 [MKCE_LID_09] Canteen Road           |  19.7% | NORMAL
🟢 [MKCE_LID_10] Back Gate Road         |   0.7% | NORMAL

⏱ 10:59:15 ────────────────────────────────────────
🟢 [MKCE_LID_01] Main Gate Road         |   6.3% | NORMAL
🔴 [MKCE_LID_02] Academic Block Road    |  76.1% | CRITICAL
🟡 [MKCE_LID_03] Central Avenue         |  46.8% | WARNING
🟢 [MKCE_LID_04] Library Road           |     0% | NORMAL
🔴 [MKCE_LID_05] Workshop Road          |  99.4% | CRITICAL
🔴 [MKCE_LID_06] Hostel Block Road      | 100.0% | CRITICAL
🟢 [MKCE_LID_07] Hostel Ring Road       |     0% | NORMAL
🔴 [MKCE_LID_08] Playground Perimeter Rd |   100% | CRITICAL
🟢 [MKCE_LID_09] Canteen Road           |  22.6% | NORMAL
🟢 [MKCE_LID_10] Back Gate Road         |     0% | NORMAL

⏱ 10:59:18 ────────────────────────────────────────
🟢 [MKCE_LID_01] Main Gate Road         |   3.6% | NORMAL
🔴 [MKCE_LID_02] Academic Block Road    |  75.0% | CRITICAL
🟡 [MKCE_LID_03] Central Avenue         |  48.6% | WARNING
🟢 [MKCE_LID_04] Library Road           |     0% | NORMAL
🔴 [MKCE_LID_05] Workshop Road          |  99.1% | CRITICAL
🔴 [MKCE_LID_06] Hostel Block Road      |  99.2% | CRITICAL
🟢 [MKCE_LID_07] Hostel Ring Road       |   0.4% | NORMAL
🔴 [MKCE_LID_08] Playground Perimeter Rd |   100% | CRITICAL
🟢 [MKCE_LID_09] Canteen Road           |  25.8% | NORMAL
🟢 [MKCE_LID_10] Back Gate Road         |     0% | NORMAL

⏱ 10:59:22 ────────────────────────────────────────
🟢 [MKCE_LID_01] Main Gate Road         |   1.3% | NORMAL
🔴 [MKCE_LID_02] Academic Block Road    |  74.3% | CRITICAL
🟡 [MKCE_LID_03] Central Avenue         |  49.9% | WARNING
🟢 [MKCE_LID_04] Library Road           |     0% | NORMAL
🔴 [MKCE_LID_05] Workshop Road          |  98.3% | CRITICAL
🔴 [MKCE_LID_06] Hostel Block Road      |  98.5% | CRITICAL
🟢 [MKCE_LID_07] Hostel Ring Road       |  30.2% | NORMAL
🔴 [MKCE_LID_08] Playground Perimeter Rd |   100% | CRITICAL
🟢 [MKCE_LID_09] Canteen Road           |  28.9% | NORMAL
🟢 [MKCE_LID_10] Back Gate Road         |     0% | NORMAL

⏱ 10:59:25 ────────────────────────────────────────
🟢 [MKCE_LID_01] Main Gate Road         |     0% | NORMAL
🔴 [MKCE_LID_02] Academic Block Road    |  74.3% | CRITICAL
🟡 [MKCE_LID_03] Central Avenue         |  50.8% | WARNING
🟢 [MKCE_LID_04] Library Road           |     0% | NORMAL
🔴 [MKCE_LID_05] Workshop Road          |  98.4% | CRITICAL
🔴 [MKCE_LID_06] Hostel Block Road      |  97.4% | CRITICAL
🟢 [MKCE_LID_07] Hostel Ring Road       |  29.4% | NORMAL
🔴 [MKCE_LID_08] Playground Perimeter Rd |   100% | CRITICAL
🟢 [MKCE_LID_09] Canteen Road           |  31.5% | NORMAL
🟢 [MKCE_LID_10] Back Gate Road         |     0% | NORMAL

⏱ 10:59:28 ────────────────────────────────────────
🟢 [MKCE_LID_01] Main Gate Road         |     0% | NORMAL
🔴 [MKCE_LID_02] Academic Block Road    |  75.1% | CRITICAL
🟡 [MKCE_LID_03] Central Avenue         |  51.1% | WARNING
🟢 [MKCE_LID_04] Library Road           |     0% | NORMAL
🔴 [MKCE_LID_05] Workshop Road          |  98.3% | CRITICAL
🔴 [MKCE_LID_06] Hostel Block Road      |  95.7% | CRITICAL
🟢 [MKCE_LID_07] Hostel Ring Road       |  29.7% | NORMAL
🔴 [MKCE_LID_08] Playground Perimeter Rd |   100% | CRITICAL
🟢 [MKCE_LID_09] Canteen Road           |  35.1% | NORMAL
🟢 [MKCE_LID_10] Back Gate Road         |     0% | NORMAL

⏱ 10:59:31 ────────────────────────────────────────
🟢 [MKCE_LID_01] Main Gate Road         |     0% | NORMAL
🔴 [MKCE_LID_02] Academic Block Road    |  76.7% | CRITICAL
🟡 [MKCE_LID_03] Central Avenue         |  50.4% | WARNING
🟢 [MKCE_LID_04] Library Road           |     0% | NORMAL
🔴 [MKCE_LID_05] Workshop Road          |  98.6% | CRITICAL
🔴 [MKCE_LID_06] Hostel Block Road      |  93.9% | CRITICAL
🟢 [MKCE_LID_07] Hostel Ring Road       |  29.7% | NORMAL
🔴 [MKCE_LID_08] Playground Perimeter Rd |  99.4% | CRITICAL
🟢 [MKCE_LID_09] Canteen Road           |  38.1% | NORMAL
🟢 [MKCE_LID_10] Back Gate Road         |     0% | NORMAL

⏱ 10:59:34 ────────────────────────────────────────
🟢 [MKCE_LID_01] Main Gate Road         |     0% | NORMAL
🔴 [MKCE_LID_02] Academic Block Road    |  78.3% | CRITICAL
🟡 [MKCE_LID_03] Central Avenue         |  49.3% | WARNING
🟢 [MKCE_LID_04] Library Road           |     0% | NORMAL
🔴 [MKCE_LID_05] Workshop Road          |  98.8% | CRITICAL
🔴 [MKCE_LID_06] Hostel Block Road      |  91.9% | CRITICAL
🟢 [MKCE_LID_07] Hostel Ring Road       |  29.8% | NORMAL
🔴 [MKCE_LID_08] Playground Perimeter Rd |  98.6% | CRITICAL
🟡 [MKCE_LID_09] Canteen Road           |  40.4% | WARNING
🟢 [MKCE_LID_10] Back Gate Road         |     0% | NORMAL

⏱ 10:59:37 ────────────────────────────────────────
🟢 [MKCE_LID_01] Main Gate Road         |     0% | NORMAL
🔴 [MKCE_LID_02] Academic Block Road    |  79.5% | CRITICAL
🟡 [MKCE_LID_03] Central Avenue         |  47.2% | WARNING
🟢 [MKCE_LID_04] Library Road           |     0% | NORMAL
🔴 [MKCE_LID_05] Workshop Road          |  99.0% | CRITICAL
🔴 [MKCE_LID_06] Hostel Block Road      |  90.4% | CRITICAL
🟢 [MKCE_LID_07] Hostel Ring Road       |  30.2% | NORMAL
🔴 [MKCE_LID_08] Playground Perimeter Rd |  97.4% | CRITICAL
🟡 [MKCE_LID_09] Canteen Road           |  42.2% | WARNING
🟢 [MKCE_LID_10] Back Gate Road         |     0% | NORMAL

⏱ 10:59:40 ────────────────────────────────────────
🟢 [MKCE_LID_01] Main Gate Road         |     0% | NORMAL
🔴 [MKCE_LID_02] Academic Block Road    |  81.2% | CRITICAL
🟡 [MKCE_LID_03] Central Avenue         |  45.6% | WARNING
🟢 [MKCE_LID_04] Library Road           |     0% | NORMAL
🔴 [MKCE_LID_05] Workshop Road          |  99.3% | CRITICAL
🟡 [MKCE_LID_06] Hostel Block Road      |  59.6% | WARNING
🟢 [MKCE_LID_07] Hostel Ring Road       |  29.8% | NORMAL
🔴 [MKCE_LID_08] Playground Perimeter Rd |  96.8% | CRITICAL
🟡 [MKCE_LID_09] Canteen Road           |  43.5% | WARNING
🟢 [MKCE_LID_10] Back Gate Road         |     0% | NORMAL

⏱ 10:59:43 ────────────────────────────────────────
🟢 [MKCE_LID_01] Main Gate Road         |     0% | NORMAL
🔴 [MKCE_LID_02] Academic Block Road    |  82.6% | CRITICAL
🟡 [MKCE_LID_03] Central Avenue         |  43.8% | WARNING
🟢 [MKCE_LID_04] Library Road           |     0% | NORMAL
🔴 [MKCE_LID_05] Workshop Road          |  99.6% | CRITICAL
🔴 [MKCE_LID_06] Hostel Block Road      |  88.0% | CRITICAL
🟢 [MKCE_LID_07] Hostel Ring Road       |  28.4% | NORMAL
🔴 [MKCE_LID_08] Playground Perimeter Rd |  95.7% | CRITICAL
🟢 [MKCE_LID_09] Canteen Road           |  14.1% | NORMAL
🟢 [MKCE_LID_10] Back Gate Road         |     0% | NORMAL

⏱ 10:59:46 ────────────────────────────────────────
🟢 [MKCE_LID_01] Main Gate Road         |     0% | NORMAL
🔴 [MKCE_LID_02] Academic Block Road    |  84.0% | CRITICAL
🟡 [MKCE_LID_03] Central Avenue         |  43.0% | WARNING
🟢 [MKCE_LID_04] Library Road           |     0% | NORMAL
🔴 [MKCE_LID_05] Workshop Road          |  99.9% | CRITICAL
🔴 [MKCE_LID_06] Hostel Block Road      |  86.0% | CRITICAL
🟢 [MKCE_LID_07] Hostel Ring Road       |  27.0% | NORMAL
🔴 [MKCE_LID_08] Playground Perimeter Rd |  94.6% | CRITICAL
🟢 [MKCE_LID_09] Canteen Road           |  14.7% | NORMAL
🟢 [MKCE_LID_10] Back Gate Road         |     0% | NORMAL

⏱ 10:59:49 ────────────────────────────────────────
🟢 [MKCE_LID_01] Main Gate Road         |     0% | NORMAL
🔴 [MKCE_LID_02] Academic Block Road    |  84.5% | CRITICAL
🔴 [MKCE_LID_03] Central Avenue         |  71.9% | CRITICAL
🟢 [MKCE_LID_04] Library Road           |     0% | NORMAL
🔴 [MKCE_LID_05] Workshop Road          | 100.0% | CRITICAL
🔴 [MKCE_LID_06] Hostel Block Road      |  83.3% | CRITICAL
🟢 [MKCE_LID_07] Hostel Ring Road       |  25.4% | NORMAL
🔴 [MKCE_LID_08] Playground Perimeter Rd |  93.0% | CRITICAL
🟢 [MKCE_LID_09] Canteen Road           |  15.8% | NORMAL
🟢 [MKCE_LID_10] Back Gate Road         |     0% | NORMAL

⏱ 10:59:52 ────────────────────────────────────────
🟢 [MKCE_LID_01] Main Gate Road         |     0% | NORMAL
🔴 [MKCE_LID_02] Academic Block Road    |  84.9% | CRITICAL
🔴 [MKCE_LID_03] Central Avenue         |  70.2% | CRITICAL
🟢 [MKCE_LID_04] Library Road           |     0% | NORMAL
🔴 [MKCE_LID_05] Workshop Road          |   100% | CRITICAL
🔴 [MKCE_LID_06] Hostel Block Road      |  80.5% | CRITICAL
🟢 [MKCE_LID_07] Hostel Ring Road       |  23.7% | NORMAL
🔴 [MKCE_LID_08] Playground Perimeter Rd |  92.1% | CRITICAL
🟢 [MKCE_LID_09] Canteen Road           |  17.2% | NORMAL
🟢 [MKCE_LID_10] Back Gate Road         |    30% | NORMAL

⏱ 10:59:55 ────────────────────────────────────────
🟢 [MKCE_LID_01] Main Gate Road         |     0% | NORMAL
🔴 [MKCE_LID_02] Academic Block Road    |  84.7% | CRITICAL
🟡 [MKCE_LID_03] Central Avenue         |  68.9% | WARNING
🟢 [MKCE_LID_04] Library Road           |     0% | NORMAL
🔴 [MKCE_LID_05] Workshop Road          |  99.7% | CRITICAL
🔴 [MKCE_LID_06] Hostel Block Road      |  78.1% | CRITICAL
🟢 [MKCE_LID_07] Hostel Ring Road       |  21.6% | NORMAL
🔴 [MKCE_LID_08] Playground Perimeter Rd |  91.1% | CRITICAL
🟢 [MKCE_LID_09] Canteen Road           |  18.7% | NORMAL
🟢 [MKCE_LID_10] Back Gate Road         |  26.4% | NORMAL

⏱ 10:59:58 ────────────────────────────────────────
🟢 [MKCE_LID_01] Main Gate Road         |     0% | NORMAL
🔴 [MKCE_LID_02] Academic Block Road    |  84.2% | CRITICAL
🟡 [MKCE_LID_03] Central Avenue         |  68.4% | WARNING
🟢 [MKCE_LID_04] Library Road           |     0% | NORMAL
🔴 [MKCE_LID_05] Workshop Road          |  98.5% | CRITICAL
🔴 [MKCE_LID_06] Hostel Block Road      |  75.8% | CRITICAL
🟢 [MKCE_LID_07] Hostel Ring Road       |  18.7% | NORMAL
🔴 [MKCE_LID_08] Playground Perimeter Rd |  89.4% | CRITICAL
🟢 [MKCE_LID_09] Canteen Road           |  19.3% | NORMAL
🟢 [MKCE_LID_10] Back Gate Road         |  23.5% | NORMAL

⏱ 11:00:01 ────────────────────────────────────────
🟢 [MKCE_LID_01] Main Gate Road         |     0% | NORMAL
🔴 [MKCE_LID_02] Academic Block Road    |  84.5% | CRITICAL
🟡 [MKCE_LID_03] Central Avenue         |  68.9% | WARNING
🟢 [MKCE_LID_04] Library Road           |     0% | NORMAL
🔴 [MKCE_LID_05] Workshop Road          |  98.2% | CRITICAL
🔴 [MKCE_LID_06] Hostel Block Road      |  73.9% | CRITICAL
🟢 [MKCE_LID_07] Hostel Ring Road       |  15.4% | NORMAL
🔴 [MKCE_LID_08] Playground Perimeter Rd |  87.0% | CRITICAL
🟡 [MKCE_LID_09] Canteen Road           |  50.2% | WARNING
🟢 [MKCE_LID_10] Back Gate Road         |  20.2% | NORMAL

⏱ 11:00:04 ────────────────────────────────────────
🟢 [MKCE_LID_01] Main Gate Road         |     0% | NORMAL
🔴 [MKCE_LID_02] Academic Block Road    |  84.5% | CRITICAL
🟡 [MKCE_LID_03] Central Avenue         |  68.7% | WARNING
🟢 [MKCE_LID_04] Library Road           |   0.3% | NORMAL
🔴 [MKCE_LID_05] Workshop Road          |  97.4% | CRITICAL
🔴 [MKCE_LID_06] Hostel Block Road      |  72.5% | CRITICAL
🟢 [MKCE_LID_07] Hostel Ring Road       |  11.9% | NORMAL
🔴 [MKCE_LID_08] Playground Perimeter Rd |  84.8% | CRITICAL
🟡 [MKCE_LID_09] Canteen Road           |  51.0% | WARNING
🟢 [MKCE_LID_10] Back Gate Road         |  17.3% | NORMAL

⏱ 11:00:07 ────────────────────────────────────────
🟢 [MKCE_LID_01] Main Gate Road         |     0% | NORMAL
🔴 [MKCE_LID_02] Academic Block Road    |  83.8% | CRITICAL
🟡 [MKCE_LID_03] Central Avenue         |  67.6% | WARNING
🟢 [MKCE_LID_04] Library Road           |   1.1% | NORMAL
🔴 [MKCE_LID_05] Workshop Road          |  96.6% | CRITICAL
🟡 [MKCE_LID_06] Hostel Block Road      |  41.0% | WARNING
🟢 [MKCE_LID_07] Hostel Ring Road       |   8.5% | NORMAL
🔴 [MKCE_LID_08] Playground Perimeter Rd |  82.2% | CRITICAL
🟡 [MKCE_LID_09] Canteen Road           |  52.6% | WARNING
🟢 [MKCE_LID_10] Back Gate Road         |  13.9% | NORMAL

⏱ 11:00:10 ────────────────────────────────────────
🟢 [MKCE_LID_01] Main Gate Road         |     0% | NORMAL
🔴 [MKCE_LID_02] Academic Block Road    |  83.3% | CRITICAL
🟡 [MKCE_LID_03] Central Avenue         |  66.3% | WARNING
🟢 [MKCE_LID_04] Library Road           |   2.7% | NORMAL
🔴 [MKCE_LID_05] Workshop Road          |  95.4% | CRITICAL
🟡 [MKCE_LID_06] Hostel Block Road      |  40.5% | WARNING
🟢 [MKCE_LID_07] Hostel Ring Road       |   5.8% | NORMAL
🔴 [MKCE_LID_08] Playground Perimeter Rd |  78.6% | CRITICAL
🟡 [MKCE_LID_09] Canteen Road           |  54.2% | WARNING
🟡 [MKCE_LID_10] Back Gate Road         |  41.2% | WARNING

⏱ 11:00:13 ────────────────────────────────────────
🟢 [MKCE_LID_01] Main Gate Road         |     0% | NORMAL
🟡 [MKCE_LID_02] Academic Block Road    |  52.4% | WARNING
🟡 [MKCE_LID_03] Central Avenue         |  65.4% | WARNING
🟢 [MKCE_LID_04] Library Road           |   5.3% | NORMAL
🔴 [MKCE_LID_05] Workshop Road          |  95.2% | CRITICAL
🟡 [MKCE_LID_06] Hostel Block Road      |  40.2% | WARNING
🟢 [MKCE_LID_07] Hostel Ring Road       |   4.0% | NORMAL
🔴 [MKCE_LID_08] Playground Perimeter Rd |  75.6% | CRITICAL
🟡 [MKCE_LID_09] Canteen Road           |  55.1% | WARNING
🟢 [MKCE_LID_10] Back Gate Road         |  39.5% | NORMAL

⏱ 11:00:16 ────────────────────────────────────────
🟢 [MKCE_LID_01] Main Gate Road         |     0% | NORMAL
🟡 [MKCE_LID_02] Academic Block Road    |  51.2% | WARNING
🟡 [MKCE_LID_03] Central Avenue         |  64.4% | WARNING
🟢 [MKCE_LID_04] Library Road           |   7.1% | NORMAL
🔴 [MKCE_LID_05] Workshop Road          |  94.2% | CRITICAL
🟡 [MKCE_LID_06] Hostel Block Road      |  40.0% | WARNING
🟢 [MKCE_LID_07] Hostel Ring Road       |   3.1% | NORMAL
🔴 [MKCE_LID_08] Playground Perimeter Rd |  72.1% | CRITICAL
🟡 [MKCE_LID_09] Canteen Road           |  56.4% | WARNING
🟢 [MKCE_LID_10] Back Gate Road         |  37.2% | NORMAL

⏱ 11:00:19 ────────────────────────────────────────
🟢 [MKCE_LID_01] Main Gate Road         |     0% | NORMAL
🟡 [MKCE_LID_02] Academic Block Road    |  49.1% | WARNING
🟡 [MKCE_LID_03] Central Avenue         |  63.7% | WARNING
🟢 [MKCE_LID_04] Library Road           |   8.3% | NORMAL
🔴 [MKCE_LID_05] Workshop Road          |  92.8% | CRITICAL
🟡 [MKCE_LID_06] Hostel Block Road      |  40.7% | WARNING
🟢 [MKCE_LID_07] Hostel Ring Road       |   1.3% | NORMAL
🟡 [MKCE_LID_08] Playground Perimeter Rd |  68.9% | WARNING
🟡 [MKCE_LID_09] Canteen Road           |  58.5% | WARNING
🟢 [MKCE_LID_10] Back Gate Road         |  35.4% | NORMAL

⏱ 11:00:23 ────────────────────────────────────────
🟢 [MKCE_LID_01] Main Gate Road         |     0% | NORMAL
🟡 [MKCE_LID_02] Academic Block Road    |  46.0% | WARNING
🟡 [MKCE_LID_03] Central Avenue         |  62.7% | WARNING
🟢 [MKCE_LID_04] Library Road           |   9.2% | NORMAL
🔴 [MKCE_LID_05] Workshop Road          |  90.4% | CRITICAL
🟡 [MKCE_LID_06] Hostel Block Road      |  42.2% | WARNING
🟢 [MKCE_LID_07] Hostel Ring Road       |     0% | NORMAL
🟡 [MKCE_LID_08] Playground Perimeter Rd |  65.3% | WARNING
🟡 [MKCE_LID_09] Canteen Road           |  61.4% | WARNING
🟢 [MKCE_LID_10] Back Gate Road         |  33.3% | NORMAL

⏱ 11:00:26 ────────────────────────────────────────
🟢 [MKCE_LID_01] Main Gate Road         |     0% | NORMAL
🟡 [MKCE_LID_02] Academic Block Road    |  42.1% | WARNING
🔴 [MKCE_LID_03] Central Avenue         |  90.7% | CRITICAL
🟢 [MKCE_LID_04] Library Road           |  10.9% | NORMAL
🔴 [MKCE_LID_05] Workshop Road          |  87.4% | CRITICAL
🟡 [MKCE_LID_06] Hostel Block Road      |  43.4% | WARNING
🟢 [MKCE_LID_07] Hostel Ring Road       |     0% | NORMAL
🟡 [MKCE_LID_08] Playground Perimeter Rd |  61.2% | WARNING
🟡 [MKCE_LID_09] Canteen Road           |  63.5% | WARNING
🟢 [MKCE_LID_10] Back Gate Road         |  30.6% | NORMAL

⏱ 11:00:29 ────────────────────────────────────────
🟢 [MKCE_LID_01] Main Gate Road         |     0% | NORMAL
🟢 [MKCE_LID_02] Academic Block Road    |  37.6% | NORMAL
🔴 [MKCE_LID_03] Central Avenue         |  89.7% | CRITICAL
🟢 [MKCE_LID_04] Library Road           |  12.3% | NORMAL
🔴 [MKCE_LID_05] Workshop Road          |  84.5% | CRITICAL
🟡 [MKCE_LID_06] Hostel Block Road      |  44.9% | WARNING
🟢 [MKCE_LID_07] Hostel Ring Road       |     0% | NORMAL
🟡 [MKCE_LID_08] Playground Perimeter Rd |  56.2% | WARNING
🟡 [MKCE_LID_09] Canteen Road           |  65.4% | WARNING
🟢 [MKCE_LID_10] Back Gate Road         |  28.7% | NORMAL

⏱ 11:00:32 ────────────────────────────────────────
🟢 [MKCE_LID_01] Main Gate Road         |     0% | NORMAL
🟢 [MKCE_LID_02] Academic Block Road    |  32.9% | NORMAL
🔴 [MKCE_LID_03] Central Avenue         |  88.5% | CRITICAL
🟢 [MKCE_LID_04] Library Road           |  14.5% | NORMAL
🔴 [MKCE_LID_05] Workshop Road          |  81.0% | CRITICAL
🟡 [MKCE_LID_06] Hostel Block Road      |  46.4% | WARNING
🟢 [MKCE_LID_07] Hostel Ring Road       |     0% | NORMAL
🟡 [MKCE_LID_08] Playground Perimeter Rd |  51.2% | WARNING
🟡 [MKCE_LID_09] Canteen Road           |  67.1% | WARNING
🟢 [MKCE_LID_10] Back Gate Road         |  26.2% | NORMAL

⏱ 11:00:35 ────────────────────────────────────────
🟢 [MKCE_LID_01] Main Gate Road         |     0% | NORMAL
🟢 [MKCE_LID_02] Academic Block Road    |  28.5% | NORMAL
🔴 [MKCE_LID_03] Central Avenue         |  88.1% | CRITICAL
🟢 [MKCE_LID_04] Library Road           |  16.0% | NORMAL
🔴 [MKCE_LID_05] Workshop Road          |  77.4% | CRITICAL
🟡 [MKCE_LID_06] Hostel Block Road      |  48.5% | WARNING
🟢 [MKCE_LID_07] Hostel Ring Road       |     0% | NORMAL
🟡 [MKCE_LID_08] Playground Perimeter Rd |  46.5% | WARNING
🟡 [MKCE_LID_09] Canteen Road           |  68.8% | WARNING
🟢 [MKCE_LID_10] Back Gate Road         |  24.1% | NORMAL

⏱ 11:00:38 ────────────────────────────────────────
🟢 [MKCE_LID_01] Main Gate Road         |     0% | NORMAL
🟢 [MKCE_LID_02] Academic Block Road    |  23.5% | NORMAL
🔴 [MKCE_LID_03] Central Avenue         |  87.4% | CRITICAL
🟢 [MKCE_LID_04] Library Road           |  17.8% | NORMAL
🔴 [MKCE_LID_05] Workshop Road          |  74.5% | CRITICAL
🟡 [MKCE_LID_06] Hostel Block Road      |  50.6% | WARNING
🟢 [MKCE_LID_07] Hostel Ring Road       |     0% | NORMAL
🟡 [MKCE_LID_08] Playground Perimeter Rd |  41.5% | WARNING
🔴 [MKCE_LID_09] Canteen Road           |  71.0% | CRITICAL
🟢 [MKCE_LID_10] Back Gate Road         |  22.0% | NORMAL

⏱ 11:00:41 ────────────────────────────────────────
🟢 [MKCE_LID_01] Main Gate Road         |     0% | NORMAL
🟢 [MKCE_LID_02] Academic Block Road    |  18.9% | NORMAL
🔴 [MKCE_LID_03] Central Avenue         |  85.9% | CRITICAL
🟢 [MKCE_LID_04] Library Road           |  20.1% | NORMAL
🔴 [MKCE_LID_05] Workshop Road          |  72.1% | CRITICAL
🟡 [MKCE_LID_06] Hostel Block Road      |  52.2% | WARNING
🟢 [MKCE_LID_07] Hostel Ring Road       |     0% | NORMAL
🟢 [MKCE_LID_08] Playground Perimeter Rd |  36.5% | NORMAL
🔴 [MKCE_LID_09] Canteen Road           |  73.1% | CRITICAL
🟢 [MKCE_LID_10] Back Gate Road         |  18.9% | NORMAL

⏱ 11:00:44 ────────────────────────────────────────
🟢 [MKCE_LID_01] Main Gate Road         |     0% | NORMAL
🟢 [MKCE_LID_02] Academic Block Road    |  14.3% | NORMAL
🔴 [MKCE_LID_03] Central Avenue         |  84.5% | CRITICAL
🟢 [MKCE_LID_04] Library Road           |  22.4% | NORMAL
🟡 [MKCE_LID_05] Workshop Road          |  68.7% | WARNING
🟡 [MKCE_LID_06] Hostel Block Road      |  52.8% | WARNING
🟢 [MKCE_LID_07] Hostel Ring Road       |     0% | NORMAL
🟢 [MKCE_LID_08] Playground Perimeter Rd |  31.5% | NORMAL
🔴 [MKCE_LID_09] Canteen Road           |  76.0% | CRITICAL
🟢 [MKCE_LID_10] Back Gate Road         |  15.8% | NORMAL

⏱ 11:00:47 ────────────────────────────────────────
🟢 [MKCE_LID_01] Main Gate Road         |     0% | NORMAL
🟢 [MKCE_LID_02] Academic Block Road    |   9.8% | NORMAL
🔴 [MKCE_LID_03] Central Avenue         |  83.6% | CRITICAL
🟢 [MKCE_LID_04] Library Road           |  25.2% | NORMAL
🔴 [MKCE_LID_05] Workshop Road          |  96.0% | CRITICAL
🟡 [MKCE_LID_06] Hostel Block Road      |  54.4% | WARNING
🟢 [MKCE_LID_07] Hostel Ring Road       |   0.0% | NORMAL
🟢 [MKCE_LID_08] Playground Perimeter Rd |  26.5% | NORMAL
🔴 [MKCE_LID_09] Canteen Road           |  79.2% | CRITICAL
🟢 [MKCE_LID_10] Back Gate Road         |  12.1% | NORMAL

⏱ 11:00:50 ────────────────────────────────────────
🟢 [MKCE_LID_01] Main Gate Road         |     0% | NORMAL
🟢 [MKCE_LID_02] Academic Block Road    |   5.3% | NORMAL
🔴 [MKCE_LID_03] Central Avenue         |  82.2% | CRITICAL
🟢 [MKCE_LID_04] Library Road           |  28.1% | NORMAL
🔴 [MKCE_LID_05] Workshop Road          |  93.8% | CRITICAL
🟡 [MKCE_LID_06] Hostel Block Road      |  56.4% | WARNING
🟢 [MKCE_LID_07] Hostel Ring Road       |   0.3% | NORMAL
🟢 [MKCE_LID_08] Playground Perimeter Rd |  21.5% | NORMAL
🔴 [MKCE_LID_09] Canteen Road           |  82.7% | CRITICAL
🟢 [MKCE_LID_10] Back Gate Road         |   8.6% | NORMAL

⏱ 11:00:53 ────────────────────────────────────────
🟢 [MKCE_LID_01] Main Gate Road         |     0% | NORMAL
🟢 [MKCE_LID_02] Academic Block Road    |   0.3% | NORMAL
🔴 [MKCE_LID_03] Central Avenue         |  81.3% | CRITICAL
🟢 [MKCE_LID_04] Library Road           |  30.4% | NORMAL
🔴 [MKCE_LID_05] Workshop Road          |  91.5% | CRITICAL
🟡 [MKCE_LID_06] Hostel Block Road      |  57.6% | WARNING
🟢 [MKCE_LID_07] Hostel Ring Road       |   0.9% | NORMAL
🟢 [MKCE_LID_08] Playground Perimeter Rd |  16.5% | NORMAL
🔴 [MKCE_LID_09] Canteen Road           |  86.9% | CRITICAL
🟢 [MKCE_LID_10] Back Gate Road         |   5.9% | NORMAL

⏱ 11:00:56 ────────────────────────────────────────
🟢 [MKCE_LID_01] Main Gate Road         |     0% | NORMAL
🟢 [MKCE_LID_02] Academic Block Road    |     0% | NORMAL
🔴 [MKCE_LID_03] Central Avenue         |  80.5% | CRITICAL
🟢 [MKCE_LID_04] Library Road           |  32.1% | NORMAL
🔴 [MKCE_LID_05] Workshop Road          |  89.1% | CRITICAL
🟡 [MKCE_LID_06] Hostel Block Road      |  58.7% | WARNING
🟢 [MKCE_LID_07] Hostel Ring Road       |   0.6% | NORMAL
🟢 [MKCE_LID_08] Playground Perimeter Rd |  12.1% | NORMAL
🔴 [MKCE_LID_09] Canteen Road           |  91.9% | CRITICAL
🟢 [MKCE_LID_10] Back Gate Road         |   2.8% | NORMAL

⏱ 11:00:59 ────────────────────────────────────────
🟢 [MKCE_LID_01] Main Gate Road         |     0% | NORMAL
🟢 [MKCE_LID_02] Academic Block Road    |     0% | NORMAL
🔴 [MKCE_LID_03] Central Avenue         |  79.1% | CRITICAL
🟢 [MKCE_LID_04] Library Road           |  34.7% | NORMAL
🔴 [MKCE_LID_05] Workshop Road          |  86.3% | CRITICAL
🟡 [MKCE_LID_06] Hostel Block Road      |  59.2% | WARNING
🟢 [MKCE_LID_07] Hostel Ring Road       |   1.1% | NORMAL
🟢 [MKCE_LID_08] Playground Perimeter Rd |   7.7% | NORMAL
🔴 [MKCE_LID_09] Canteen Road           |  96.0% | CRITICAL
🟢 [MKCE_LID_10] Back Gate Road         |     0% | NORMAL

⏱ 11:01:02 ────────────────────────────────────────
🟢 [MKCE_LID_01] Main Gate Road         |     0% | NORMAL
🟢 [MKCE_LID_02] Academic Block Road    |     0% | NORMAL
🔴 [MKCE_LID_03] Central Avenue         |  77.6% | CRITICAL
🟢 [MKCE_LID_04] Library Road           |  37.0% | NORMAL
🔴 [MKCE_LID_05] Workshop Road          |  84.4% | CRITICAL
🟡 [MKCE_LID_06] Hostel Block Road      |  59.7% | WARNING
🟢 [MKCE_LID_07] Hostel Ring Road       |   2.4% | NORMAL
🟢 [MKCE_LID_08] Playground Perimeter Rd |   2.7% | NORMAL
🟡 [MKCE_LID_09] Canteen Road           |    70% | WARNING
🟢 [MKCE_LID_10] Back Gate Road         |     0% | NORMAL

⏱ 11:01:05 ────────────────────────────────────────
🟢 [MKCE_LID_01] Main Gate Road         |     0% | NORMAL
🟢 [MKCE_LID_02] Academic Block Road    |     0% | NORMAL
🔴 [MKCE_LID_03] Central Avenue         |  75.6% | CRITICAL
🟢 [MKCE_LID_04] Library Road           |  38.5% | NORMAL
🟡 [MKCE_LID_05] Workshop Road          |  52.8% | WARNING
🟡 [MKCE_LID_06] Hostel Block Road      |  60.0% | WARNING
🟢 [MKCE_LID_07] Hostel Ring Road       |   3.1% | NORMAL
🟢 [MKCE_LID_08] Playground Perimeter Rd |     0% | NORMAL
🔴 [MKCE_LID_09] Canteen Road           |  74.9% | CRITICAL
🟢 [MKCE_LID_10] Back Gate Road         |     0% | NORMAL

⏱ 11:01:08 ────────────────────────────────────────
🟢 [MKCE_LID_01] Main Gate Road         |     0% | NORMAL
🟢 [MKCE_LID_02] Academic Block Road    |     0% | NORMAL
🔴 [MKCE_LID_03] Central Avenue         |  73.0% | CRITICAL
🟡 [MKCE_LID_04] Library Road           |  40.2% | WARNING
🟡 [MKCE_LID_05] Workshop Road          |  52.1% | WARNING
🟡 [MKCE_LID_06] Hostel Block Road      |  60.7% | WARNING
🟢 [MKCE_LID_07] Hostel Ring Road       |   4.4% | NORMAL
🟢 [MKCE_LID_08] Playground Perimeter Rd |     0% | NORMAL
🔴 [MKCE_LID_09] Canteen Road           |  79.3% | CRITICAL
🟢 [MKCE_LID_10] Back Gate Road         |     0% | NORMAL

⏱ 11:01:11 ────────────────────────────────────────
🟢 [MKCE_LID_01] Main Gate Road         |     0% | NORMAL
🟢 [MKCE_LID_02] Academic Block Road    |     0% | NORMAL
🟡 [MKCE_LID_03] Central Avenue         |  69.5% | WARNING
🟡 [MKCE_LID_04] Library Road           |  41.8% | WARNING
🟡 [MKCE_LID_05] Workshop Road          |  50.7% | WARNING
🟡 [MKCE_LID_06] Hostel Block Road      |  61.4% | WARNING
🟢 [MKCE_LID_07] Hostel Ring Road       |   6.3% | NORMAL
🟢 [MKCE_LID_08] Playground Perimeter Rd |     0% | NORMAL
🔴 [MKCE_LID_09] Canteen Road           |  84.3% | CRITICAL
🟢 [MKCE_LID_10] Back Gate Road         |     0% | NORMAL

⏱ 11:01:14 ────────────────────────────────────────
🟢 [MKCE_LID_01] Main Gate Road         |     0% | NORMAL
🟢 [MKCE_LID_02] Academic Block Road    |     0% | NORMAL
🟢 [MKCE_LID_03] Central Avenue         |  36.7% | NORMAL
🟡 [MKCE_LID_04] Library Road           |  43.4% | WARNING
🟡 [MKCE_LID_05] Workshop Road          |  50.3% | WARNING
🟡 [MKCE_LID_06] Hostel Block Road      |  61.4% | WARNING
🟢 [MKCE_LID_07] Hostel Ring Road       |   8.2% | NORMAL
🟢 [MKCE_LID_08] Playground Perimeter Rd |    30% | NORMAL
🔴 [MKCE_LID_09] Canteen Road           |  88.6% | CRITICAL
🟢 [MKCE_LID_10] Back Gate Road         |     0% | NORMAL

⏱ 11:01:17 ────────────────────────────────────────
🟢 [MKCE_LID_01] Main Gate Road         |     0% | NORMAL
🟢 [MKCE_LID_02] Academic Block Road    |     0% | NORMAL
🟢 [MKCE_LID_03] Central Avenue         |  35.0% | NORMAL
🟡 [MKCE_LID_04] Library Road           |  45.2% | WARNING
🟡 [MKCE_LID_05] Workshop Road          |  49.9% | WARNING
🟡 [MKCE_LID_06] Hostel Block Road      |  61.9% | WARNING
🟢 [MKCE_LID_07] Hostel Ring Road       |  10.9% | NORMAL
🟢 [MKCE_LID_08] Playground Perimeter Rd |  25.1% | NORMAL
🔴 [MKCE_LID_09] Canteen Road           |  91.9% | CRITICAL
🟢 [MKCE_LID_10] Back Gate Road         |     0% | NORMAL

⏱ 11:01:20 ────────────────────────────────────────
🟢 [MKCE_LID_01] Main Gate Road         |     0% | NORMAL
🟢 [MKCE_LID_02] Academic Block Road    |     0% | NORMAL
🟢 [MKCE_LID_03] Central Avenue         |  32.7% | NORMAL
🟡 [MKCE_LID_04] Library Road           |  46.4% | WARNING
🟡 [MKCE_LID_05] Workshop Road          |  48.9% | WARNING
🟡 [MKCE_LID_06] Hostel Block Road      |  62.5% | WARNING
🟢 [MKCE_LID_07] Hostel Ring Road       |  14.0% | NORMAL
🟢 [MKCE_LID_08] Playground Perimeter Rd |  20.1% | NORMAL
🔴 [MKCE_LID_09] Canteen Road           |  95.6% | CRITICAL
🟢 [MKCE_LID_10] Back Gate Road         |     0% | NORMAL

⏱ 11:01:24 ────────────────────────────────────────
🟢 [MKCE_LID_01] Main Gate Road         |     0% | NORMAL
🟢 [MKCE_LID_02] Academic Block Road    |     0% | NORMAL
🟢 [MKCE_LID_03] Central Avenue         |  30.2% | NORMAL
🟡 [MKCE_LID_04] Library Road           |  47.1% | WARNING
🟡 [MKCE_LID_05] Workshop Road          |  48.8% | WARNING
🟡 [MKCE_LID_06] Hostel Block Road      |  62.8% | WARNING
🟢 [MKCE_LID_07] Hostel Ring Road       |  16.4% | NORMAL
🟢 [MKCE_LID_08] Playground Perimeter Rd |  15.9% | NORMAL
🔴 [MKCE_LID_09] Canteen Road           |  98.8% | CRITICAL
🟢 [MKCE_LID_10] Back Gate Road         |     0% | NORMAL

⏱ 11:01:27 ────────────────────────────────────────
🟢 [MKCE_LID_01] Main Gate Road         |     0% | NORMAL
🟢 [MKCE_LID_02] Academic Block Road    |     0% | NORMAL
🟢 [MKCE_LID_03] Central Avenue         |  28.3% | NORMAL
🟡 [MKCE_LID_04] Library Road           |  46.9% | WARNING
🟡 [MKCE_LID_05] Workshop Road          |  48.7% | WARNING
🟡 [MKCE_LID_06] Hostel Block Road      |  62.2% | WARNING
🟢 [MKCE_LID_07] Hostel Ring Road       |  18.9% | NORMAL
🟢 [MKCE_LID_08] Playground Perimeter Rd |  11.5% | NORMAL
🔴 [MKCE_LID_09] Canteen Road           |   100% | CRITICAL
🟢 [MKCE_LID_10] Back Gate Road         |     0% | NORMAL

⏱ 11:01:30 ────────────────────────────────────────
🟢 [MKCE_LID_01] Main Gate Road         |     0% | NORMAL
🟢 [MKCE_LID_02] Academic Block Road    |     0% | NORMAL
🟢 [MKCE_LID_03] Central Avenue         |  27.1% | NORMAL
🟡 [MKCE_LID_04] Library Road           |  47.3% | WARNING
🟡 [MKCE_LID_05] Workshop Road          |  49.5% | WARNING
🟡 [MKCE_LID_06] Hostel Block Road      |  62.6% | WARNING
🟢 [MKCE_LID_07] Hostel Ring Road       |  21.3% | NORMAL
🟢 [MKCE_LID_08] Playground Perimeter Rd |   6.5% | NORMAL
🔴 [MKCE_LID_09] Canteen Road           |   100% | CRITICAL
🟢 [MKCE_LID_10] Back Gate Road         |     0% | NORMAL

⏱ 11:01:33 ────────────────────────────────────────
🟢 [MKCE_LID_01] Main Gate Road         |     0% | NORMAL
🟢 [MKCE_LID_02] Academic Block Road    |     0% | NORMAL
🟢 [MKCE_LID_03] Central Avenue         |  25.1% | NORMAL
🟡 [MKCE_LID_04] Library Road           |  47.9% | WARNING
🟡 [MKCE_LID_05] Workshop Road          |  50.0% | WARNING
🟡 [MKCE_LID_06] Hostel Block Road      |  62.5% | WARNING
🟢 [MKCE_LID_07] Hostel Ring Road       |  23.8% | NORMAL
🟢 [MKCE_LID_08] Playground Perimeter Rd |   1.5% | NORMAL
🔴 [MKCE_LID_09] Canteen Road           |   100% | CRITICAL
🟢 [MKCE_LID_10] Back Gate Road         |     0% | NORMAL

⏱ 11:01:36 ────────────────────────────────────────
🟢 [MKCE_LID_01] Main Gate Road         |     0% | NORMAL
🟢 [MKCE_LID_02] Academic Block Road    |     0% | NORMAL
🟢 [MKCE_LID_03] Central Avenue         |  22.7% | NORMAL
🟢 [MKCE_LID_04] Library Road           |  17.9% | NORMAL
🟡 [MKCE_LID_05] Workshop Road          |  51.1% | WARNING
🟡 [MKCE_LID_06] Hostel Block Road      |  62.3% | WARNING
🟢 [MKCE_LID_07] Hostel Ring Road       |  27.1% | NORMAL
🟢 [MKCE_LID_08] Playground Perimeter Rd |     0% | NORMAL
🔴 [MKCE_LID_09] Canteen Road           |   100% | CRITICAL
🟢 [MKCE_LID_10] Back Gate Road         |     0% | NORMAL

⏱ 11:01:39 ────────────────────────────────────────
🟢 [MKCE_LID_01] Main Gate Road         |     0% | NORMAL
🟢 [MKCE_LID_02] Academic Block Road    |     0% | NORMAL
🟢 [MKCE_LID_03] Central Avenue         |  20.8% | NORMAL
🟢 [MKCE_LID_04] Library Road           |  17.6% | NORMAL
🟡 [MKCE_LID_05] Workshop Road          |  51.6% | WARNING
🟡 [MKCE_LID_06] Hostel Block Road      |  61.7% | WARNING
🟢 [MKCE_LID_07] Hostel Ring Road       |  30.7% | NORMAL
🟢 [MKCE_LID_08] Playground Perimeter Rd |     0% | NORMAL
🔴 [MKCE_LID_09] Canteen Road           |   100% | CRITICAL
🟢 [MKCE_LID_10] Back Gate Road         |     0% | NORMAL

⏱ 11:01:42 ────────────────────────────────────────
🟢 [MKCE_LID_01] Main Gate Road         |     0% | NORMAL
🟢 [MKCE_LID_02] Academic Block Road    |     0% | NORMAL
🟢 [MKCE_LID_03] Central Avenue         |  19.1% | NORMAL
🟢 [MKCE_LID_04] Library Road           |  16.8% | NORMAL
🟡 [MKCE_LID_05] Workshop Road          |  51.2% | WARNING
🟡 [MKCE_LID_06] Hostel Block Road      |  61.5% | WARNING
🟢 [MKCE_LID_07] Hostel Ring Road       |  34.2% | NORMAL
🟢 [MKCE_LID_08] Playground Perimeter Rd |     0% | NORMAL
🔴 [MKCE_LID_09] Canteen Road           |   100% | CRITICAL
🟢 [MKCE_LID_10] Back Gate Road         |     0% | NORMAL

⏱ 11:01:45 ────────────────────────────────────────
🟢 [MKCE_LID_01] Main Gate Road         |     0% | NORMAL
🟢 [MKCE_LID_02] Academic Block Road    |     0% | NORMAL
🟢 [MKCE_LID_03] Central Avenue         |  17.5% | NORMAL
🟢 [MKCE_LID_04] Library Road           |  15.2% | NORMAL
🟡 [MKCE_LID_05] Workshop Road          |  51.2% | WARNING
🟡 [MKCE_LID_06] Hostel Block Road      |  61.7% | WARNING
🟢 [MKCE_LID_07] Hostel Ring Road       |  37.8% | NORMAL
🟢 [MKCE_LID_08] Playground Perimeter Rd |     0% | NORMAL
🔴 [MKCE_LID_09] Canteen Road           |   100% | CRITICAL
🟢 [MKCE_LID_10] Back Gate Road         |     0% | NORMAL

⏱ 11:01:48 ────────────────────────────────────────
🟢 [MKCE_LID_01] Main Gate Road         |     0% | NORMAL
🟢 [MKCE_LID_02] Academic Block Road    |     0% | NORMAL
🟢 [MKCE_LID_03] Central Avenue         |  15.1% | NORMAL
🟢 [MKCE_LID_04] Library Road           |  13.6% | NORMAL
🟡 [MKCE_LID_05] Workshop Road          |  50.7% | WARNING
🟡 [MKCE_LID_06] Hostel Block Road      |  62.6% | WARNING
🟡 [MKCE_LID_07] Hostel Ring Road       |  41.2% | WARNING
🟢 [MKCE_LID_08] Playground Perimeter Rd |     0% | NORMAL
🔴 [MKCE_LID_09] Canteen Road           |   100% | CRITICAL
🟢 [MKCE_LID_10] Back Gate Road         |     0% | NORMAL

⏱ 11:01:51 ────────────────────────────────────────
🟢 [MKCE_LID_01] Main Gate Road         |     0% | NORMAL
🟢 [MKCE_LID_02] Academic Block Road    |     0% | NORMAL
🟢 [MKCE_LID_03] Central Avenue         |  11.9% | NORMAL
🟢 [MKCE_LID_04] Library Road           |  13.0% | NORMAL
🟡 [MKCE_LID_05] Workshop Road          |  50.8% | WARNING
🟡 [MKCE_LID_06] Hostel Block Road      |  63.2% | WARNING
🟡 [MKCE_LID_07] Hostel Ring Road       |  44.2% | WARNING
🟢 [MKCE_LID_08] Playground Perimeter Rd |     0% | NORMAL
🔴 [MKCE_LID_09] Canteen Road           |   100% | CRITICAL
🟢 [MKCE_LID_10] Back Gate Road         |     0% | NORMAL

⏱ 11:01:54 ────────────────────────────────────────
🟢 [MKCE_LID_01] Main Gate Road         |     0% | NORMAL
🟢 [MKCE_LID_02] Academic Block Road    |     0% | NORMAL
🟢 [MKCE_LID_03] Central Avenue         |   9.0% | NORMAL
🟢 [MKCE_LID_04] Library Road           |  12.2% | NORMAL
🟡 [MKCE_LID_05] Workshop Road          |  51.3% | WARNING
🟢 [MKCE_LID_06] Hostel Block Road      |  34.3% | NORMAL
🟡 [MKCE_LID_07] Hostel Ring Road       |  46.6% | WARNING
🟢 [MKCE_LID_08] Playground Perimeter Rd |     0% | NORMAL
🔴 [MKCE_LID_09] Canteen Road           |   100% | CRITICAL
🟢 [MKCE_LID_10] Back Gate Road         |     0% | NORMAL

⏱ 11:01:57 ────────────────────────────────────────
🟢 [MKCE_LID_01] Main Gate Road         |     0% | NORMAL
🟢 [MKCE_LID_02] Academic Block Road    |     0% | NORMAL
🟢 [MKCE_LID_03] Central Avenue         |   6.1% | NORMAL
🟢 [MKCE_LID_04] Library Road           |  11.9% | NORMAL
🟡 [MKCE_LID_05] Workshop Road          |  52.8% | WARNING
🟢 [MKCE_LID_06] Hostel Block Road      |  34.7% | NORMAL
🟡 [MKCE_LID_07] Hostel Ring Road       |  49.7% | WARNING
🟢 [MKCE_LID_08] Playground Perimeter Rd |     0% | NORMAL
🔴 [MKCE_LID_09] Canteen Road           |   100% | CRITICAL
🟢 [MKCE_LID_10] Back Gate Road         |     0% | NORMAL

⏱ 11:02:00 ────────────────────────────────────────
🟢 [MKCE_LID_01] Main Gate Road         |     0% | NORMAL
🟢 [MKCE_LID_02] Academic Block Road    |    30% | NORMAL
🟢 [MKCE_LID_03] Central Avenue         |   3.3% | NORMAL
🟢 [MKCE_LID_04] Library Road           |  11.1% | NORMAL
🟡 [MKCE_LID_05] Workshop Road          |  53.3% | WARNING
🟢 [MKCE_LID_06] Hostel Block Road      |   5.0% | NORMAL
🟡 [MKCE_LID_07] Hostel Ring Road       |  52.1% | WARNING
🟢 [MKCE_LID_08] Playground Perimeter Rd |     0% | NORMAL
🔴 [MKCE_LID_09] Canteen Road           |   100% | CRITICAL
🟢 [MKCE_LID_10] Back Gate Road         |     0% | NORMAL

⏱ 11:02:03 ────────────────────────────────────────
🟢 [MKCE_LID_01] Main Gate Road         |     0% | NORMAL
🟢 [MKCE_LID_02] Academic Block Road    |  26.8% | NORMAL
🟢 [MKCE_LID_03] Central Avenue         |   1.0% | NORMAL
🟢 [MKCE_LID_04] Library Road           |   9.7% | NORMAL
🟡 [MKCE_LID_05] Workshop Road          |  54.7% | WARNING
🟢 [MKCE_LID_06] Hostel Block Road      |   4.6% | NORMAL
🟡 [MKCE_LID_07] Hostel Ring Road       |  55.0% | WARNING
🟢 [MKCE_LID_08] Playground Perimeter Rd |     0% | NORMAL
🔴 [MKCE_LID_09] Canteen Road           |   100% | CRITICAL
🟢 [MKCE_LID_10] Back Gate Road         |     0% | NORMAL

⏱ 11:02:06 ────────────────────────────────────────
🟢 [MKCE_LID_01] Main Gate Road         |     0% | NORMAL
🟢 [MKCE_LID_02] Academic Block Road    |  22.6% | NORMAL
🟢 [MKCE_LID_03] Central Avenue         |     0% | NORMAL
🟢 [MKCE_LID_04] Library Road           |   7.5% | NORMAL
🟡 [MKCE_LID_05] Workshop Road          |  56.2% | WARNING
🟢 [MKCE_LID_06] Hostel Block Road      |   3.9% | NORMAL
🟡 [MKCE_LID_07] Hostel Ring Road       |  58.1% | WARNING
🟢 [MKCE_LID_08] Playground Perimeter Rd |     0% | NORMAL
🔴 [MKCE_LID_09] Canteen Road           |   100% | CRITICAL
🟢 [MKCE_LID_10] Back Gate Road         |     0% | NORMAL

⏱ 11:02:09 ────────────────────────────────────────
🟢 [MKCE_LID_01] Main Gate Road         |     0% | NORMAL
🟢 [MKCE_LID_02] Academic Block Road    |  18.1% | NORMAL
🟢 [MKCE_LID_03] Central Avenue         |     0% | NORMAL
🟢 [MKCE_LID_04] Library Road           |   4.9% | NORMAL
🟡 [MKCE_LID_05] Workshop Road          |  57.3% | WARNING
🟢 [MKCE_LID_06] Hostel Block Road      |   3.2% | NORMAL
🔴 [MKCE_LID_07] Hostel Ring Road       |  91.5% | CRITICAL
🟢 [MKCE_LID_08] Playground Perimeter Rd |     0% | NORMAL
🔴 [MKCE_LID_09] Canteen Road           |   100% | CRITICAL
🟢 [MKCE_LID_10] Back Gate Road         |     0% | NORMAL

⏱ 11:02:12 ────────────────────────────────────────
🟢 [MKCE_LID_01] Main Gate Road         |     0% | NORMAL
🟢 [MKCE_LID_02] Academic Block Road    |  13.1% | NORMAL
🟢 [MKCE_LID_03] Central Avenue         |     0% | NORMAL
🟢 [MKCE_LID_04] Library Road           |   2.2% | NORMAL
🟡 [MKCE_LID_05] Workshop Road          |  58.6% | WARNING
🟢 [MKCE_LID_06] Hostel Block Road      |   2.6% | NORMAL
🔴 [MKCE_LID_07] Hostel Ring Road       |  94.8% | CRITICAL
🟢 [MKCE_LID_08] Playground Perimeter Rd |     0% | NORMAL
🔴 [MKCE_LID_09] Canteen Road           |   100% | CRITICAL
🟢 [MKCE_LID_10] Back Gate Road         |     0% | NORMAL

⏱ 11:02:15 ────────────────────────────────────────
🟢 [MKCE_LID_01] Main Gate Road         |     0% | NORMAL
🟢 [MKCE_LID_02] Academic Block Road    |   8.3% | NORMAL
🟢 [MKCE_LID_03] Central Avenue         |     0% | NORMAL
🟢 [MKCE_LID_04] Library Road           |     0% | NORMAL
🟡 [MKCE_LID_05] Workshop Road          |  59.8% | WARNING
🟢 [MKCE_LID_06] Hostel Block Road      |   1.4% | NORMAL
🔴 [MKCE_LID_07] Hostel Ring Road       |  98.8% | CRITICAL
🟢 [MKCE_LID_08] Playground Perimeter Rd |     0% | NORMAL
🔴 [MKCE_LID_09] Canteen Road           |   100% | CRITICAL
🟢 [MKCE_LID_10] Back Gate Road         |     0% | NORMAL

⏱ 11:02:18 ────────────────────────────────────────
🟢 [MKCE_LID_01] Main Gate Road         |     0% | NORMAL
🟢 [MKCE_LID_02] Academic Block Road    |   3.3% | NORMAL
🟢 [MKCE_LID_03] Central Avenue         |     0% | NORMAL
🟢 [MKCE_LID_04] Library Road           |     0% | NORMAL
🟡 [MKCE_LID_05] Workshop Road          |  61.6% | WARNING
🟢 [MKCE_LID_06] Hostel Block Road      |     0% | NORMAL
🔴 [MKCE_LID_07] Hostel Ring Road       |   100% | CRITICAL
🟢 [MKCE_LID_08] Playground Perimeter Rd |     0% | NORMAL
🔴 [MKCE_LID_09] Canteen Road           |   100% | CRITICAL
🟢 [MKCE_LID_10] Back Gate Road         |     0% | NORMAL

⏱ 11:02:21 ────────────────────────────────────────
🟢 [MKCE_LID_01] Main Gate Road         |     0% | NORMAL
🟢 [MKCE_LID_02] Academic Block Road    |     0% | NORMAL
🟢 [MKCE_LID_03] Central Avenue         |     0% | NORMAL
🟢 [MKCE_LID_04] Library Road           |     0% | NORMAL
🟡 [MKCE_LID_05] Workshop Road          |  64.0% | WARNING
🟢 [MKCE_LID_06] Hostel Block Road      |     0% | NORMAL
🔴 [MKCE_LID_07] Hostel Ring Road       |   100% | CRITICAL
🟢 [MKCE_LID_08] Playground Perimeter Rd |     0% | NORMAL
🔴 [MKCE_LID_09] Canteen Road           |   100% | CRITICAL
🟢 [MKCE_LID_10] Back Gate Road         |     0% | NORMAL

⏱ 11:02:25 ────────────────────────────────────────
🟢 [MKCE_LID_01] Main Gate Road         |    30% | NORMAL
🟢 [MKCE_LID_02] Academic Block Road    |    30% | NORMAL
🟢 [MKCE_LID_03] Central Avenue         |     0% | NORMAL
🟢 [MKCE_LID_04] Library Road           |     0% | NORMAL
🟡 [MKCE_LID_05] Workshop Road          |  66.1% | WARNING
🟢 [MKCE_LID_06] Hostel Block Road      |     0% | NORMAL
🔴 [MKCE_LID_07] Hostel Ring Road       |   100% | CRITICAL
🟢 [MKCE_LID_08] Playground Perimeter Rd |     0% | NORMAL
🔴 [MKCE_LID_09] Canteen Road           |   100% | CRITICAL
🟢 [MKCE_LID_10] Back Gate Road         |     0% | NORMAL

⏱ 11:02:28 ────────────────────────────────────────
🟢 [MKCE_LID_01] Main Gate Road         |  27.2% | NORMAL
🟢 [MKCE_LID_02] Academic Block Road    |  26.7% | NORMAL
🟢 [MKCE_LID_03] Central Avenue         |     0% | NORMAL
🟢 [MKCE_LID_04] Library Road           |     0% | NORMAL
🟡 [MKCE_LID_05] Workshop Road          |  68.7% | WARNING
🟢 [MKCE_LID_06] Hostel Block Road      |     0% | NORMAL
🔴 [MKCE_LID_07] Hostel Ring Road       |   100% | CRITICAL
🟢 [MKCE_LID_08] Playground Perimeter Rd |     0% | NORMAL
🔴 [MKCE_LID_09] Canteen Road           |   100% | CRITICAL
🟢 [MKCE_LID_10] Back Gate Road         |     0% | NORMAL

⏱ 11:02:31 ────────────────────────────────────────
🟢 [MKCE_LID_01] Main Gate Road         |  23.7% | NORMAL
🟢 [MKCE_LID_02] Academic Block Road    |  22.6% | NORMAL
🟢 [MKCE_LID_03] Central Avenue         |     0% | NORMAL
🟢 [MKCE_LID_04] Library Road           |     0% | NORMAL
🔴 [MKCE_LID_05] Workshop Road          |  71.8% | CRITICAL
🟢 [MKCE_LID_06] Hostel Block Road      |     0% | NORMAL
🔴 [MKCE_LID_07] Hostel Ring Road       |   100% | CRITICAL
🟢 [MKCE_LID_08] Playground Perimeter Rd |     0% | NORMAL
🔴 [MKCE_LID_09] Canteen Road           |   100% | CRITICAL
🟢 [MKCE_LID_10] Back Gate Road         |     0% | NORMAL

⏱ 11:02:34 ────────────────────────────────────────
🟢 [MKCE_LID_01] Main Gate Road         |  21.0% | NORMAL
🟢 [MKCE_LID_02] Academic Block Road    |  17.6% | NORMAL
🟢 [MKCE_LID_03] Central Avenue         |     0% | NORMAL
🟢 [MKCE_LID_04] Library Road           |     0% | NORMAL
🔴 [MKCE_LID_05] Workshop Road          |  74.5% | CRITICAL
🟢 [MKCE_LID_06] Hostel Block Road      |     0% | NORMAL
🔴 [MKCE_LID_07] Hostel Ring Road       |   100% | CRITICAL
🟢 [MKCE_LID_08] Playground Perimeter Rd |   0.1% | NORMAL
🔴 [MKCE_LID_09] Canteen Road           |   100% | CRITICAL
🟢 [MKCE_LID_10] Back Gate Road         |     0% | NORMAL

⏱ 11:02:37 ────────────────────────────────────────
🟢 [MKCE_LID_01] Main Gate Road         |  19.2% | NORMAL
🟢 [MKCE_LID_02] Academic Block Road    |  12.6% | NORMAL
🟢 [MKCE_LID_03] Central Avenue         |     0% | NORMAL
🟢 [MKCE_LID_04] Library Road           |     0% | NORMAL
🔴 [MKCE_LID_05] Workshop Road          |  77.1% | CRITICAL
🟢 [MKCE_LID_06] Hostel Block Road      |     0% | NORMAL
🔴 [MKCE_LID_07] Hostel Ring Road       |   100% | CRITICAL
🟢 [MKCE_LID_08] Playground Perimeter Rd |   0.3% | NORMAL
🔴 [MKCE_LID_09] Canteen Road           |   100% | CRITICAL
🟢 [MKCE_LID_10] Back Gate Road         |     0% | NORMAL

⏱ 11:02:40 ────────────────────────────────────────
🟢 [MKCE_LID_01] Main Gate Road         |  16.5% | NORMAL
🟢 [MKCE_LID_02] Academic Block Road    |  38.0% | NORMAL
🟢 [MKCE_LID_03] Central Avenue         |     0% | NORMAL
🟢 [MKCE_LID_04] Library Road           |     0% | NORMAL
🔴 [MKCE_LID_05] Workshop Road          |  79.3% | CRITICAL
🟢 [MKCE_LID_06] Hostel Block Road      |     0% | NORMAL
🔴 [MKCE_LID_07] Hostel Ring Road       |   100% | CRITICAL
🟢 [MKCE_LID_08] Playground Perimeter Rd |   0.4% | NORMAL
🔴 [MKCE_LID_09] Canteen Road           |   100% | CRITICAL
🟢 [MKCE_LID_10] Back Gate Road         |     0% | NORMAL

⏱ 11:02:43 ────────────────────────────────────────
🟢 [MKCE_LID_01] Main Gate Road         |  14.1% | NORMAL
🟢 [MKCE_LID_02] Academic Block Road    |  33.6% | NORMAL
🟢 [MKCE_LID_03] Central Avenue         |     0% | NORMAL
🟢 [MKCE_LID_04] Library Road           |     0% | NORMAL
🔴 [MKCE_LID_05] Workshop Road          |  80.8% | CRITICAL
🟢 [MKCE_LID_06] Hostel Block Road      |     0% | NORMAL
🔴 [MKCE_LID_07] Hostel Ring Road       |   100% | CRITICAL
🟢 [MKCE_LID_08] Playground Perimeter Rd |   0.0% | NORMAL
🔴 [MKCE_LID_09] Canteen Road           |   100% | CRITICAL
🟢 [MKCE_LID_10] Back Gate Road         |     0% | NORMAL

⏱ 11:02:46 ────────────────────────────────────────
🟢 [MKCE_LID_01] Main Gate Road         |  11.0% | NORMAL
🟢 [MKCE_LID_02] Academic Block Road    |  30.0% | NORMAL
🟢 [MKCE_LID_03] Central Avenue         |     0% | NORMAL
🟢 [MKCE_LID_04] Library Road           |     0% | NORMAL
🔴 [MKCE_LID_05] Workshop Road          |  82.5% | CRITICAL
🟢 [MKCE_LID_06] Hostel Block Road      |     0% | NORMAL
🔴 [MKCE_LID_07] Hostel Ring Road       |   100% | CRITICAL
🟢 [MKCE_LID_08] Playground Perimeter Rd |     0% | NORMAL
🔴 [MKCE_LID_09] Canteen Road           |   100% | CRITICAL
🟢 [MKCE_LID_10] Back Gate Road         |     0% | NORMAL

⏱ 11:02:49 ────────────────────────────────────────
🟢 [MKCE_LID_01] Main Gate Road         |   8.5% | NORMAL
🟢 [MKCE_LID_02] Academic Block Road    |  27.1% | NORMAL
🟢 [MKCE_LID_03] Central Avenue         |     0% | NORMAL
🟢 [MKCE_LID_04] Library Road           |     0% | NORMAL
🔴 [MKCE_LID_05] Workshop Road          |  85.1% | CRITICAL
🟢 [MKCE_LID_06] Hostel Block Road      |     0% | NORMAL
🔴 [MKCE_LID_07] Hostel Ring Road       |   100% | CRITICAL
🟢 [MKCE_LID_08] Playground Perimeter Rd |     0% | NORMAL
🔴 [MKCE_LID_09] Canteen Road           |   100% | CRITICAL
🟢 [MKCE_LID_10] Back Gate Road         |   0.0% | NORMAL

⏱ 11:02:52 ────────────────────────────────────────
🟢 [MKCE_LID_01] Main Gate Road         |   6.1% | NORMAL
🟢 [MKCE_LID_02] Academic Block Road    |  25.2% | NORMAL
🟢 [MKCE_LID_03] Central Avenue         |     0% | NORMAL
🟢 [MKCE_LID_04] Library Road           |     0% | NORMAL
🔴 [MKCE_LID_05] Workshop Road          |  87.5% | CRITICAL
🟢 [MKCE_LID_06] Hostel Block Road      |     0% | NORMAL
🔴 [MKCE_LID_07] Hostel Ring Road       |   100% | CRITICAL
🟢 [MKCE_LID_08] Playground Perimeter Rd |   0.8% | NORMAL
🔴 [MKCE_LID_09] Canteen Road           |   100% | CRITICAL
🟢 [MKCE_LID_10] Back Gate Road         |   0.2% | NORMAL

⏱ 11:02:55 ────────────────────────────────────────
🟢 [MKCE_LID_01] Main Gate Road         |   2.8% | NORMAL
🟢 [MKCE_LID_02] Academic Block Road    |  22.8% | NORMAL
🟢 [MKCE_LID_03] Central Avenue         |    30% | NORMAL
🟢 [MKCE_LID_04] Library Road           |     0% | NORMAL
🔴 [MKCE_LID_05] Workshop Road          |  89.3% | CRITICAL
🟢 [MKCE_LID_06] Hostel Block Road      |     0% | NORMAL
🔴 [MKCE_LID_07] Hostel Ring Road       |   100% | CRITICAL
🟢 [MKCE_LID_08] Playground Perimeter Rd |   1.8% | NORMAL
🔴 [MKCE_LID_09] Canteen Road           |   100% | CRITICAL
🟢 [MKCE_LID_10] Back Gate Road         |   1.1% | NORMAL

⏱ 11:02:58 ────────────────────────────────────────
🟢 [MKCE_LID_01] Main Gate Road         |     0% | NORMAL
🟢 [MKCE_LID_02] Academic Block Road    |  20.9% | NORMAL
🟢 [MKCE_LID_03] Central Avenue         |  29.2% | NORMAL
🟢 [MKCE_LID_04] Library Road           |     0% | NORMAL
🔴 [MKCE_LID_05] Workshop Road          |  90.1% | CRITICAL
🟢 [MKCE_LID_06] Hostel Block Road      |     0% | NORMAL
🔴 [MKCE_LID_07] Hostel Ring Road       |   100% | CRITICAL
🟢 [MKCE_LID_08] Playground Perimeter Rd |   3.3% | NORMAL
🔴 [MKCE_LID_09] Canteen Road           |   100% | CRITICAL
🟢 [MKCE_LID_10] Back Gate Road         |   2.3% | NORMAL

⏱ 11:03:01 ────────────────────────────────────────
🟢 [MKCE_LID_01] Main Gate Road         |     0% | NORMAL
🟢 [MKCE_LID_02] Academic Block Road    |  19.6% | NORMAL
🟢 [MKCE_LID_03] Central Avenue         |  27.9% | NORMAL
🟢 [MKCE_LID_04] Library Road           |     0% | NORMAL
🔴 [MKCE_LID_05] Workshop Road          |  92.0% | CRITICAL
🟢 [MKCE_LID_06] Hostel Block Road      |     0% | NORMAL
🔴 [MKCE_LID_07] Hostel Ring Road       |   100% | CRITICAL
🟢 [MKCE_LID_08] Playground Perimeter Rd |     0% | NORMAL
🔴 [MKCE_LID_09] Canteen Road           |   100% | CRITICAL
🟢 [MKCE_LID_10] Back Gate Road         |   3.4% | NORMAL

⏱ 11:03:04 ────────────────────────────────────────
🟢 [MKCE_LID_01] Main Gate Road         |     0% | NORMAL
🟢 [MKCE_LID_02] Academic Block Road    |  17.8% | NORMAL
🟢 [MKCE_LID_03] Central Avenue         |  25.8% | NORMAL
🟢 [MKCE_LID_04] Library Road           |     0% | NORMAL
🔴 [MKCE_LID_05] Workshop Road          |  92.9% | CRITICAL
🟢 [MKCE_LID_06] Hostel Block Road      |     0% | NORMAL
🔴 [MKCE_LID_07] Hostel Ring Road       |   100% | CRITICAL
🟢 [MKCE_LID_08] Playground Perimeter Rd |   0.2% | NORMAL
🔴 [MKCE_LID_09] Canteen Road           |   100% | CRITICAL
🟢 [MKCE_LID_10] Back Gate Road         |   5.2% | NORMAL

⏱ 11:03:07 ────────────────────────────────────────
🟢 [MKCE_LID_01] Main Gate Road         |     0% | NORMAL
🟢 [MKCE_LID_02] Academic Block Road    |  15.4% | NORMAL
🟢 [MKCE_LID_03] Central Avenue         |  22.9% | NORMAL
🟢 [MKCE_LID_04] Library Road           |     0% | NORMAL
🔴 [MKCE_LID_05] Workshop Road          |  94.2% | CRITICAL
🟢 [MKCE_LID_06] Hostel Block Road      |     0% | NORMAL
🔴 [MKCE_LID_07] Hostel Ring Road       |   100% | CRITICAL
🟢 [MKCE_LID_08] Playground Perimeter Rd |     0% | NORMAL
🔴 [MKCE_LID_09] Canteen Road           |   100% | CRITICAL
🟢 [MKCE_LID_10] Back Gate Road         |   7.5% | NORMAL

⏱ 11:03:10 ────────────────────────────────────────
🟢 [MKCE_LID_01] Main Gate Road         |     0% | NORMAL
🟢 [MKCE_LID_02] Academic Block Road    |  12.9% | NORMAL
🟢 [MKCE_LID_03] Central Avenue         |  19.7% | NORMAL
🟢 [MKCE_LID_04] Library Road           |     0% | NORMAL
🔴 [MKCE_LID_05] Workshop Road          |  95.7% | CRITICAL
🟢 [MKCE_LID_06] Hostel Block Road      |     0% | NORMAL
🔴 [MKCE_LID_07] Hostel Ring Road       |   100% | CRITICAL
🟢 [MKCE_LID_08] Playground Perimeter Rd |   0.1% | NORMAL
🔴 [MKCE_LID_09] Canteen Road           |   100% | CRITICAL
🟢 [MKCE_LID_10] Back Gate Road         |  10.0% | NORMAL

⏱ 11:03:13 ────────────────────────────────────────
🟢 [MKCE_LID_01] Main Gate Road         |     0% | NORMAL
🟢 [MKCE_LID_02] Academic Block Road    |   9.4% | NORMAL
🟢 [MKCE_LID_03] Central Avenue         |  15.6% | NORMAL
🟢 [MKCE_LID_04] Library Road           |     0% | NORMAL
🔴 [MKCE_LID_05] Workshop Road          |  96.6% | CRITICAL
🟢 [MKCE_LID_06] Hostel Block Road      |     0% | NORMAL
🔴 [MKCE_LID_07] Hostel Ring Road       |   100% | CRITICAL
🟢 [MKCE_LID_08] Playground Perimeter Rd |   0.0% | NORMAL
🔴 [MKCE_LID_09] Canteen Road           |   100% | CRITICAL
🟢 [MKCE_LID_10] Back Gate Road         |  12.4% | NORMAL

⏱ 11:03:16 ────────────────────────────────────────
🟢 [MKCE_LID_01] Main Gate Road         |     0% | NORMAL
🟢 [MKCE_LID_02] Academic Block Road    |   5.9% | NORMAL
🟢 [MKCE_LID_03] Central Avenue         |  11.7% | NORMAL
🟢 [MKCE_LID_04] Library Road           |     0% | NORMAL
🔴 [MKCE_LID_05] Workshop Road          |  97.6% | CRITICAL
🟢 [MKCE_LID_06] Hostel Block Road      |    30% | NORMAL
🔴 [MKCE_LID_07] Hostel Ring Road       |   100% | CRITICAL
🟢 [MKCE_LID_08] Playground Perimeter Rd |   0.2% | NORMAL
🔴 [MKCE_LID_09] Canteen Road           |   100% | CRITICAL
🟢 [MKCE_LID_10] Back Gate Road         |  15.6% | NORMAL

⏱ 11:03:19 ────────────────────────────────────────
🟢 [MKCE_LID_01] Main Gate Road         |     0% | NORMAL
🟢 [MKCE_LID_02] Academic Block Road    |   2.2% | NORMAL
🟢 [MKCE_LID_03] Central Avenue         |   7.4% | NORMAL
🟢 [MKCE_LID_04] Library Road           |     0% | NORMAL
🔴 [MKCE_LID_05] Workshop Road          |  98.3% | CRITICAL
🟢 [MKCE_LID_06] Hostel Block Road      |  28.4% | NORMAL
🔴 [MKCE_LID_07] Hostel Ring Road       |   100% | CRITICAL
🟢 [MKCE_LID_08] Playground Perimeter Rd |   0.6% | NORMAL
🔴 [MKCE_LID_09] Canteen Road           |   100% | CRITICAL
🟢 [MKCE_LID_10] Back Gate Road         |  19.6% | NORMAL

⏱ 11:03:22 ────────────────────────────────────────
🟢 [MKCE_LID_01] Main Gate Road         |     0% | NORMAL
🟢 [MKCE_LID_02] Academic Block Road    |     0% | NORMAL
🟢 [MKCE_LID_03] Central Avenue         |   2.6% | NORMAL
🟢 [MKCE_LID_04] Library Road           |     0% | NORMAL
🟡 [MKCE_LID_05] Workshop Road          |    70% | WARNING
🟢 [MKCE_LID_06] Hostel Block Road      |  26.2% | NORMAL
🔴 [MKCE_LID_07] Hostel Ring Road       |   100% | CRITICAL
🟢 [MKCE_LID_08] Playground Perimeter Rd |   1.1% | NORMAL
🟡 [MKCE_LID_09] Canteen Road           |    70% | WARNING
🟢 [MKCE_LID_10] Back Gate Road         |  24.1% | NORMAL

⏱ 11:03:25 ────────────────────────────────────────
🟢 [MKCE_LID_01] Main Gate Road         |    30% | NORMAL
🟢 [MKCE_LID_02] Academic Block Road    |     0% | NORMAL
🟢 [MKCE_LID_03] Central Avenue         |     0% | NORMAL
🟢 [MKCE_LID_04] Library Road           |     0% | NORMAL
🔴 [MKCE_LID_05] Workshop Road          |  72.6% | CRITICAL
🟢 [MKCE_LID_06] Hostel Block Road      |  24.0% | NORMAL
🔴 [MKCE_LID_07] Hostel Ring Road       |   100% | CRITICAL
🟢 [MKCE_LID_08] Playground Perimeter Rd |   0.9% | NORMAL
🔴 [MKCE_LID_09] Canteen Road           |  71.4% | CRITICAL
🟢 [MKCE_LID_10] Back Gate Road         |  28.9% | NORMAL

⏱ 11:03:29 ────────────────────────────────────────
🟢 [MKCE_LID_01] Main Gate Road         |  26.7% | NORMAL
🟢 [MKCE_LID_02] Academic Block Road    |     0% | NORMAL
🟢 [MKCE_LID_03] Central Avenue         |     0% | NORMAL
🟢 [MKCE_LID_04] Library Road           |     0% | NORMAL
🔴 [MKCE_LID_05] Workshop Road          |  74.5% | CRITICAL
🟢 [MKCE_LID_06] Hostel Block Road      |  22.6% | NORMAL
🔴 [MKCE_LID_07] Hostel Ring Road       |   100% | CRITICAL
🟢 [MKCE_LID_08] Playground Perimeter Rd |   0.6% | NORMAL
🔴 [MKCE_LID_09] Canteen Road           |  73.3% | CRITICAL
🟢 [MKCE_LID_10] Back Gate Road         |  33.9% | NORMAL

⏱ 11:03:32 ────────────────────────────────────────
🟢 [MKCE_LID_01] Main Gate Road         |  23.4% | NORMAL
🟢 [MKCE_LID_02] Academic Block Road    |     0% | NORMAL
🟢 [MKCE_LID_03] Central Avenue         |     0% | NORMAL
🟢 [MKCE_LID_04] Library Road           |     0% | NORMAL
🔴 [MKCE_LID_05] Workshop Road          |  75.8% | CRITICAL
🟢 [MKCE_LID_06] Hostel Block Road      |  20.8% | NORMAL
🔴 [MKCE_LID_07] Hostel Ring Road       |   100% | CRITICAL
🟢 [MKCE_LID_08] Playground Perimeter Rd |   1.3% | NORMAL
🔴 [MKCE_LID_09] Canteen Road           |  75.5% | CRITICAL
🟢 [MKCE_LID_10] Back Gate Road         |  38.0% | NORMAL

⏱ 11:03:35 ────────────────────────────────────────
🟢 [MKCE_LID_01] Main Gate Road         |  19.7% | NORMAL
🟢 [MKCE_LID_02] Academic Block Road    |     0% | NORMAL
🟢 [MKCE_LID_03] Central Avenue         |     0% | NORMAL
🟢 [MKCE_LID_04] Library Road           |     0% | NORMAL
🔴 [MKCE_LID_05] Workshop Road          |  76.3% | CRITICAL
🟢 [MKCE_LID_06] Hostel Block Road      |  18.1% | NORMAL
🔴 [MKCE_LID_07] Hostel Ring Road       |   100% | CRITICAL
🟢 [MKCE_LID_08] Playground Perimeter Rd |   1.7% | NORMAL
🔴 [MKCE_LID_09] Canteen Road           |  77.1% | CRITICAL
🟡 [MKCE_LID_10] Back Gate Road         |  41.2% | WARNING

⏱ 11:03:38 ────────────────────────────────────────
🟢 [MKCE_LID_01] Main Gate Road         |  15.3% | NORMAL
🟢 [MKCE_LID_02] Academic Block Road    |     0% | NORMAL
🟢 [MKCE_LID_03] Central Avenue         |     0% | NORMAL
🟢 [MKCE_LID_04] Library Road           |     0% | NORMAL
🔴 [MKCE_LID_05] Workshop Road          |  77.6% | CRITICAL
🟢 [MKCE_LID_06] Hostel Block Road      |  16.3% | NORMAL
🔴 [MKCE_LID_07] Hostel Ring Road       |   100% | CRITICAL
🟢 [MKCE_LID_08] Playground Perimeter Rd |   2.7% | NORMAL
🔴 [MKCE_LID_09] Canteen Road           |  79.5% | CRITICAL
🟡 [MKCE_LID_10] Back Gate Road         |  43.6% | WARNING

⏱ 11:03:41 ────────────────────────────────────────
🟢 [MKCE_LID_01] Main Gate Road         |  10.8% | NORMAL
🟢 [MKCE_LID_02] Academic Block Road    |     0% | NORMAL
🟢 [MKCE_LID_03] Central Avenue         |     0% | NORMAL
🟢 [MKCE_LID_04] Library Road           |     0% | NORMAL
🔴 [MKCE_LID_05] Workshop Road          |   100% | CRITICAL
🟢 [MKCE_LID_06] Hostel Block Road      |  15.2% | NORMAL
🔴 [MKCE_LID_07] Hostel Ring Road       |   100% | CRITICAL
🟢 [MKCE_LID_08] Playground Perimeter Rd |   3.2% | NORMAL
🔴 [MKCE_LID_09] Canteen Road           |  81.7% | CRITICAL
🟡 [MKCE_LID_10] Back Gate Road         |  46.4% | WARNING

⏱ 11:03:44 ────────────────────────────────────────
🟢 [MKCE_LID_01] Main Gate Road         |   6.7% | NORMAL
🟢 [MKCE_LID_02] Academic Block Road    |     0% | NORMAL
🟢 [MKCE_LID_03] Central Avenue         |     0% | NORMAL
🟢 [MKCE_LID_04] Library Road           |     0% | NORMAL
🔴 [MKCE_LID_05] Workshop Road          |   100% | CRITICAL
🟢 [MKCE_LID_06] Hostel Block Road      |  13.6% | NORMAL
🔴 [MKCE_LID_07] Hostel Ring Road       |   100% | CRITICAL
🟢 [MKCE_LID_08] Playground Perimeter Rd |   3.5% | NORMAL
🔴 [MKCE_LID_09] Canteen Road           |  83.1% | CRITICAL
🟡 [MKCE_LID_10] Back Gate Road         |  48.7% | WARNING

⏱ 11:03:47 ────────────────────────────────────────
🟢 [MKCE_LID_01] Main Gate Road         |   2.8% | NORMAL
🟢 [MKCE_LID_02] Academic Block Road    |     0% | NORMAL
🟢 [MKCE_LID_03] Central Avenue         |     0% | NORMAL
🟢 [MKCE_LID_04] Library Road           |     0% | NORMAL
🔴 [MKCE_LID_05] Workshop Road          |   100% | CRITICAL
🟡 [MKCE_LID_06] Hostel Block Road      |  42.4% | WARNING
🔴 [MKCE_LID_07] Hostel Ring Road       |   100% | CRITICAL
🟢 [MKCE_LID_08] Playground Perimeter Rd |   3.8% | NORMAL
🔴 [MKCE_LID_09] Canteen Road           |  83.6% | CRITICAL
🟡 [MKCE_LID_10] Back Gate Road         |  51.7% | WARNING

⏱ 11:03:50 ────────────────────────────────────────
🟢 [MKCE_LID_01] Main Gate Road         |     0% | NORMAL
🟢 [MKCE_LID_02] Academic Block Road    |     0% | NORMAL
🟢 [MKCE_LID_03] Central Avenue         |     0% | NORMAL
🟢 [MKCE_LID_04] Library Road           |     0% | NORMAL
🔴 [MKCE_LID_05] Workshop Road          |   100% | CRITICAL
🟡 [MKCE_LID_06] Hostel Block Road      |  40.5% | WARNING
🔴 [MKCE_LID_07] Hostel Ring Road       |   100% | CRITICAL
🟢 [MKCE_LID_08] Playground Perimeter Rd |   3.2% | NORMAL
🔴 [MKCE_LID_09] Canteen Road           |  83.1% | CRITICAL
🟡 [MKCE_LID_10] Back Gate Road         |  53.9% | WARNING

⏱ 11:03:53 ────────────────────────────────────────
🟢 [MKCE_LID_01] Main Gate Road         |     0% | NORMAL
🟢 [MKCE_LID_02] Academic Block Road    |     0% | NORMAL
🟢 [MKCE_LID_03] Central Avenue         |     0% | NORMAL
🟢 [MKCE_LID_04] Library Road           |    30% | NORMAL
🔴 [MKCE_LID_05] Workshop Road          |   100% | CRITICAL
🟢 [MKCE_LID_06] Hostel Block Road      |  39.3% | NORMAL
🔴 [MKCE_LID_07] Hostel Ring Road       |   100% | CRITICAL
🟢 [MKCE_LID_08] Playground Perimeter Rd |   2.4% | NORMAL
🔴 [MKCE_LID_09] Canteen Road           |  82.8% | CRITICAL
🟡 [MKCE_LID_10] Back Gate Road         |  56.7% | WARNING

⏱ 11:03:56 ────────────────────────────────────────
🟢 [MKCE_LID_01] Main Gate Road         |     0% | NORMAL
🟢 [MKCE_LID_02] Academic Block Road    |     0% | NORMAL
🟢 [MKCE_LID_03] Central Avenue         |     0% | NORMAL
🟢 [MKCE_LID_04] Library Road           |  27.8% | NORMAL
🔴 [MKCE_LID_05] Workshop Road          |   100% | CRITICAL
🟢 [MKCE_LID_06] Hostel Block Road      |  37.7% | NORMAL
🔴 [MKCE_LID_07] Hostel Ring Road       |   100% | CRITICAL
🟢 [MKCE_LID_08] Playground Perimeter Rd |   1.4% | NORMAL
🔴 [MKCE_LID_09] Canteen Road           |  82.4% | CRITICAL
🟡 [MKCE_LID_10] Back Gate Road         |  59.7% | WARNING

⏱ 11:03:59 ────────────────────────────────────────
🟢 [MKCE_LID_01] Main Gate Road         |     0% | NORMAL
🟢 [MKCE_LID_02] Academic Block Road    |     0% | NORMAL
🟢 [MKCE_LID_03] Central Avenue         |     0% | NORMAL
🟢 [MKCE_LID_04] Library Road           |  26.5% | NORMAL
🔴 [MKCE_LID_05] Workshop Road          |   100% | CRITICAL
🟢 [MKCE_LID_06] Hostel Block Road      |  37.1% | NORMAL
🔴 [MKCE_LID_07] Hostel Ring Road       |   100% | CRITICAL
🟢 [MKCE_LID_08] Playground Perimeter Rd |   0.6% | NORMAL
🟡 [MKCE_LID_09] Canteen Road           |  51.1% | WARNING
🟡 [MKCE_LID_10] Back Gate Road         |  63.2% | WARNING

⏱ 11:04:02 ────────────────────────────────────────
🟢 [MKCE_LID_01] Main Gate Road         |     0% | NORMAL
🟢 [MKCE_LID_02] Academic Block Road    |     0% | NORMAL
🟢 [MKCE_LID_03] Central Avenue         |     0% | NORMAL
🟢 [MKCE_LID_04] Library Road           |  25.7% | NORMAL
🔴 [MKCE_LID_05] Workshop Road          |  99.9% | CRITICAL
🟢 [MKCE_LID_06] Hostel Block Road      |  37.2% | NORMAL
🔴 [MKCE_LID_07] Hostel Ring Road       |   100% | CRITICAL
🟢 [MKCE_LID_08] Playground Perimeter Rd |   0.1% | NORMAL
🟡 [MKCE_LID_09] Canteen Road           |  49.3% | WARNING
🟡 [MKCE_LID_10] Back Gate Road         |  65.8% | WARNING

⏱ 11:04:05 ────────────────────────────────────────
🟢 [MKCE_LID_01] Main Gate Road         |     0% | NORMAL
🟢 [MKCE_LID_02] Academic Block Road    |     0% | NORMAL
🟢 [MKCE_LID_03] Central Avenue         |     0% | NORMAL
🟢 [MKCE_LID_04] Library Road           |  24.9% | NORMAL
🔴 [MKCE_LID_05] Workshop Road          |   100% | CRITICAL
🟢 [MKCE_LID_06] Hostel Block Road      |  37.6% | NORMAL
🔴 [MKCE_LID_07] Hostel Ring Road       |   100% | CRITICAL
🟢 [MKCE_LID_08] Playground Perimeter Rd |     0% | NORMAL
🟡 [MKCE_LID_09] Canteen Road           |  47.4% | WARNING
🟡 [MKCE_LID_10] Back Gate Road         |  69.2% | WARNING

⏱ 11:04:08 ────────────────────────────────────────
🟢 [MKCE_LID_01] Main Gate Road         |     0% | NORMAL
🟢 [MKCE_LID_02] Academic Block Road    |     0% | NORMAL
🟢 [MKCE_LID_03] Central Avenue         |     0% | NORMAL
🟢 [MKCE_LID_04] Library Road           |  23.1% | NORMAL
🔴 [MKCE_LID_05] Workshop Road          |   100% | CRITICAL
🟢 [MKCE_LID_06] Hostel Block Road      |  37.5% | NORMAL
🔴 [MKCE_LID_07] Hostel Ring Road       |   100% | CRITICAL
🟢 [MKCE_LID_08] Playground Perimeter Rd |   0.4% | NORMAL
🟡 [MKCE_LID_09] Canteen Road           |  45.2% | WARNING
🔴 [MKCE_LID_10] Back Gate Road         |  71.9% | CRITICAL

⏱ 11:04:11 ────────────────────────────────────────
🟢 [MKCE_LID_01] Main Gate Road         |    30% | NORMAL
🟢 [MKCE_LID_02] Academic Block Road    |     0% | NORMAL
🟢 [MKCE_LID_03] Central Avenue         |     0% | NORMAL
🟢 [MKCE_LID_04] Library Road           |  21.6% | NORMAL
🔴 [MKCE_LID_05] Workshop Road          |   100% | CRITICAL
🟢 [MKCE_LID_06] Hostel Block Road      |  37.2% | NORMAL
🔴 [MKCE_LID_07] Hostel Ring Road       |   100% | CRITICAL
🟢 [MKCE_LID_08] Playground Perimeter Rd |   1.3% | NORMAL
🟡 [MKCE_LID_09] Canteen Road           |  43.4% | WARNING
🔴 [MKCE_LID_10] Back Gate Road         |  74.3% | CRITICAL

⏱ 11:04:14 ────────────────────────────────────────
🟢 [MKCE_LID_01] Main Gate Road         |  28.6% | NORMAL
🟢 [MKCE_LID_02] Academic Block Road    |     0% | NORMAL
🟢 [MKCE_LID_03] Central Avenue         |     0% | NORMAL
🟢 [MKCE_LID_04] Library Road           |  20.4% | NORMAL
🔴 [MKCE_LID_05] Workshop Road          | 100.0% | CRITICAL
🟢 [MKCE_LID_06] Hostel Block Road      |  37.1% | NORMAL
🔴 [MKCE_LID_07] Hostel Ring Road       |   100% | CRITICAL
🟢 [MKCE_LID_08] Playground Perimeter Rd |   1.2% | NORMAL
🟡 [MKCE_LID_09] Canteen Road           |  40.7% | WARNING
🔴 [MKCE_LID_10] Back Gate Road         |  75.9% | CRITICAL

⏱ 11:04:17 ────────────────────────────────────────
🟢 [MKCE_LID_01] Main Gate Road         |  26.9% | NORMAL
🟢 [MKCE_LID_02] Academic Block Road    |     0% | NORMAL
🟢 [MKCE_LID_03] Central Avenue         |     0% | NORMAL
🟢 [MKCE_LID_04] Library Road           |  18.5% | NORMAL
🔴 [MKCE_LID_05] Workshop Road          |   100% | CRITICAL
🟢 [MKCE_LID_06] Hostel Block Road      |  36.0% | NORMAL
🔴 [MKCE_LID_07] Hostel Ring Road       |  99.8% | CRITICAL
🟢 [MKCE_LID_08] Playground Perimeter Rd |   1.5% | NORMAL
🟢 [MKCE_LID_09] Canteen Road           |  37.5% | NORMAL
🔴 [MKCE_LID_10] Back Gate Road         |  76.9% | CRITICAL

⏱ 11:04:20 ────────────────────────────────────────
🟢 [MKCE_LID_01] Main Gate Road         |  24.4% | NORMAL
🟢 [MKCE_LID_02] Academic Block Road    |     0% | NORMAL
🟢 [MKCE_LID_03] Central Avenue         |     0% | NORMAL
🟢 [MKCE_LID_04] Library Road           |  15.9% | NORMAL
🔴 [MKCE_LID_05] Workshop Road          |   100% | CRITICAL
🟢 [MKCE_LID_06] Hostel Block Road      |  34.2% | NORMAL
🔴 [MKCE_LID_07] Hostel Ring Road       |  99.9% | CRITICAL
🟢 [MKCE_LID_08] Playground Perimeter Rd |   2.5% | NORMAL
🟢 [MKCE_LID_09] Canteen Road           |  33.6% | NORMAL
🔴 [MKCE_LID_10] Back Gate Road         |  77.5% | CRITICAL

⏱ 11:04:23 ────────────────────────────────────────
🟢 [MKCE_LID_01] Main Gate Road         |  21.1% | NORMAL
🟢 [MKCE_LID_02] Academic Block Road    |     0% | NORMAL
🟢 [MKCE_LID_03] Central Avenue         |     0% | NORMAL
🟢 [MKCE_LID_04] Library Road           |  13.8% | NORMAL
🔴 [MKCE_LID_05] Workshop Road          |   100% | CRITICAL
🟢 [MKCE_LID_06] Hostel Block Road      |  32.5% | NORMAL
🔴 [MKCE_LID_07] Hostel Ring Road       |   100% | CRITICAL
🟢 [MKCE_LID_08] Playground Perimeter Rd |   3.3% | NORMAL
🟢 [MKCE_LID_09] Canteen Road           |  29.0% | NORMAL
🔴 [MKCE_LID_10] Back Gate Road         |  78.8% | CRITICAL

⏱ 11:04:26 ────────────────────────────────────────
🟢 [MKCE_LID_01] Main Gate Road         |  18.5% | NORMAL
🟢 [MKCE_LID_02] Academic Block Road    |     0% | NORMAL
🟢 [MKCE_LID_03] Central Avenue         |     0% | NORMAL
🟢 [MKCE_LID_04] Library Road           |  12.3% | NORMAL
🔴 [MKCE_LID_05] Workshop Road          |   100% | CRITICAL
🟢 [MKCE_LID_06] Hostel Block Road      |  30.9% | NORMAL
🔴 [MKCE_LID_07] Hostel Ring Road       |   100% | CRITICAL
🟢 [MKCE_LID_08] Playground Perimeter Rd |   3.2% | NORMAL
🟢 [MKCE_LID_09] Canteen Road           |  24.7% | NORMAL
🔴 [MKCE_LID_10] Back Gate Road         |   100% | CRITICAL

⏱ 11:04:30 ────────────────────────────────────────
🟡 [MKCE_LID_01] Main Gate Road         |  45.1% | WARNING
🟢 [MKCE_LID_02] Academic Block Road    |     0% | NORMAL
🟢 [MKCE_LID_03] Central Avenue         |     0% | NORMAL
🟢 [MKCE_LID_04] Library Road           |  10.0% | NORMAL
🔴 [MKCE_LID_05] Workshop Road          |   100% | CRITICAL
🟢 [MKCE_LID_06] Hostel Block Road      |  28.4% | NORMAL
🔴 [MKCE_LID_07] Hostel Ring Road       |   100% | CRITICAL
🟢 [MKCE_LID_08] Playground Perimeter Rd |   3.6% | NORMAL
🟢 [MKCE_LID_09] Canteen Road           |  20.6% | NORMAL
🔴 [MKCE_LID_10] Back Gate Road         |   100% | CRITICAL

⏱ 11:04:33 ────────────────────────────────────────
🟡 [MKCE_LID_01] Main Gate Road         |  40.8% | WARNING
🟢 [MKCE_LID_02] Academic Block Road    |     0% | NORMAL
🟢 [MKCE_LID_03] Central Avenue         |     0% | NORMAL
🟢 [MKCE_LID_04] Library Road           |   7.7% | NORMAL
🔴 [MKCE_LID_05] Workshop Road          |   100% | CRITICAL
🟢 [MKCE_LID_06] Hostel Block Road      |  25.5% | NORMAL
🔴 [MKCE_LID_07] Hostel Ring Road       |   100% | CRITICAL
🟢 [MKCE_LID_08] Playground Perimeter Rd |   3.9% | NORMAL
🟢 [MKCE_LID_09] Canteen Road           |  16.6% | NORMAL
🔴 [MKCE_LID_10] Back Gate Road         |   100% | CRITICAL

⏱ 11:04:36 ────────────────────────────────────────
🟢 [MKCE_LID_01] Main Gate Road         |  35.8% | NORMAL
🟢 [MKCE_LID_02] Academic Block Road    |     0% | NORMAL
🟢 [MKCE_LID_03] Central Avenue         |     0% | NORMAL
🟢 [MKCE_LID_04] Library Road           |   4.7% | NORMAL
🔴 [MKCE_LID_05] Workshop Road          |   100% | CRITICAL
🟢 [MKCE_LID_06] Hostel Block Road      |  22.7% | NORMAL
🔴 [MKCE_LID_07] Hostel Ring Road       |   100% | CRITICAL
🟢 [MKCE_LID_08] Playground Perimeter Rd |   3.8% | NORMAL
🟢 [MKCE_LID_09] Canteen Road           |  13.3% | NORMAL
🔴 [MKCE_LID_10] Back Gate Road         |   100% | CRITICAL

⏱ 11:04:39 ────────────────────────────────────────
🟢 [MKCE_LID_01] Main Gate Road         |  30.8% | NORMAL
🟢 [MKCE_LID_02] Academic Block Road    |     0% | NORMAL
🟢 [MKCE_LID_03] Central Avenue         |     0% | NORMAL
🟢 [MKCE_LID_04] Library Road           |   1.9% | NORMAL
🔴 [MKCE_LID_05] Workshop Road          |   100% | CRITICAL
🟢 [MKCE_LID_06] Hostel Block Road      |  20.1% | NORMAL
🔴 [MKCE_LID_07] Hostel Ring Road       |   100% | CRITICAL
🟢 [MKCE_LID_08] Playground Perimeter Rd |   3.7% | NORMAL
🟢 [MKCE_LID_09] Canteen Road           |   9.8% | NORMAL
🔴 [MKCE_LID_10] Back Gate Road         |   100% | CRITICAL

⏱ 11:04:42 ────────────────────────────────────────
🟢 [MKCE_LID_01] Main Gate Road         |  25.8% | NORMAL
🟢 [MKCE_LID_02] Academic Block Road    |     0% | NORMAL
🟢 [MKCE_LID_03] Central Avenue         |     0% | NORMAL
🟢 [MKCE_LID_04] Library Road           |     0% | NORMAL
🔴 [MKCE_LID_05] Workshop Road          |   100% | CRITICAL
🟢 [MKCE_LID_06] Hostel Block Road      |  18.5% | NORMAL
🔴 [MKCE_LID_07] Hostel Ring Road       |   100% | CRITICAL
🟢 [MKCE_LID_08] Playground Perimeter Rd |   4.4% | NORMAL
🟢 [MKCE_LID_09] Canteen Road           |   5.3% | NORMAL
🔴 [MKCE_LID_10] Back Gate Road         |   100% | CRITICAL

⏱ 11:04:45 ────────────────────────────────────────
🟢 [MKCE_LID_01] Main Gate Road         |  20.8% | NORMAL
🟢 [MKCE_LID_02] Academic Block Road    |     0% | NORMAL
🟢 [MKCE_LID_03] Central Avenue         |     0% | NORMAL
🟢 [MKCE_LID_04] Library Road           |     0% | NORMAL
🔴 [MKCE_LID_05] Workshop Road          |   100% | CRITICAL
🟢 [MKCE_LID_06] Hostel Block Road      |  17.3% | NORMAL
🔴 [MKCE_LID_07] Hostel Ring Road       |  99.8% | CRITICAL
🟢 [MKCE_LID_08] Playground Perimeter Rd |   4.2% | NORMAL
🟢 [MKCE_LID_09] Canteen Road           |   1.5% | NORMAL
🔴 [MKCE_LID_10] Back Gate Road         |   100% | CRITICAL

⏱ 11:04:48 ────────────────────────────────────────
🟢 [MKCE_LID_01] Main Gate Road         |  15.8% | NORMAL
🟢 [MKCE_LID_02] Academic Block Road    |     0% | NORMAL
🟢 [MKCE_LID_03] Central Avenue         |     0% | NORMAL
🟢 [MKCE_LID_04] Library Road           |     0% | NORMAL
🔴 [MKCE_LID_05] Workshop Road          |   100% | CRITICAL
🟢 [MKCE_LID_06] Hostel Block Road      |  16.1% | NORMAL
🔴 [MKCE_LID_07] Hostel Ring Road       |  99.7% | CRITICAL
🟢 [MKCE_LID_08] Playground Perimeter Rd |   4.5% | NORMAL
🟢 [MKCE_LID_09] Canteen Road           |     0% | NORMAL
🔴 [MKCE_LID_10] Back Gate Road         |   100% | CRITICAL

⏱ 11:04:51 ────────────────────────────────────────
🟢 [MKCE_LID_01] Main Gate Road         |  11.0% | NORMAL
🟢 [MKCE_LID_02] Academic Block Road    |     0% | NORMAL
🟢 [MKCE_LID_03] Central Avenue         |     0% | NORMAL
🟢 [MKCE_LID_04] Library Road           |     0% | NORMAL
🔴 [MKCE_LID_05] Workshop Road          |   100% | CRITICAL
🟢 [MKCE_LID_06] Hostel Block Road      |  15.1% | NORMAL
🔴 [MKCE_LID_07] Hostel Ring Road       |   100% | CRITICAL
🟢 [MKCE_LID_08] Playground Perimeter Rd |   4.6% | NORMAL
🟢 [MKCE_LID_09] Canteen Road           |     0% | NORMAL
🔴 [MKCE_LID_10] Back Gate Road         |   100% | CRITICAL

⏱ 11:04:54 ────────────────────────────────────────
🟢 [MKCE_LID_01] Main Gate Road         |   6.9% | NORMAL
🟢 [MKCE_LID_02] Academic Block Road    |     0% | NORMAL
🟢 [MKCE_LID_03] Central Avenue         |     0% | NORMAL
🟢 [MKCE_LID_04] Library Road           |     0% | NORMAL
🔴 [MKCE_LID_05] Workshop Road          |   100% | CRITICAL
🟢 [MKCE_LID_06] Hostel Block Road      |  13.6% | NORMAL
🔴 [MKCE_LID_07] Hostel Ring Road       |  99.9% | CRITICAL
🟢 [MKCE_LID_08] Playground Perimeter Rd |   4.2% | NORMAL
🟢 [MKCE_LID_09] Canteen Road           |     0% | NORMAL
🔴 [MKCE_LID_10] Back Gate Road         |   100% | CRITICAL

⏱ 11:04:57 ────────────────────────────────────────
🟢 [MKCE_LID_01] Main Gate Road         |   2.2% | NORMAL
🟢 [MKCE_LID_02] Academic Block Road    |     0% | NORMAL
🟢 [MKCE_LID_03] Central Avenue         |     0% | NORMAL
🟢 [MKCE_LID_04] Library Road           |     0% | NORMAL
🔴 [MKCE_LID_05] Workshop Road          |   100% | CRITICAL
🟡 [MKCE_LID_06] Hostel Block Road      |  41.7% | WARNING
🔴 [MKCE_LID_07] Hostel Ring Road       |  99.8% | CRITICAL
🟢 [MKCE_LID_08] Playground Perimeter Rd |   3.0% | NORMAL
🟢 [MKCE_LID_09] Canteen Road           |     0% | NORMAL
🔴 [MKCE_LID_10] Back Gate Road         |   100% | CRITICAL

⏱ 11:05:00 ────────────────────────────────────────
🟢 [MKCE_LID_01] Main Gate Road         |     0% | NORMAL
🟢 [MKCE_LID_02] Academic Block Road    |     0% | NORMAL
🟢 [MKCE_LID_03] Central Avenue         |     0% | NORMAL
🟢 [MKCE_LID_04] Library Road           |     0% | NORMAL
🔴 [MKCE_LID_05] Workshop Road          |   100% | CRITICAL
🟡 [MKCE_LID_06] Hostel Block Road      |  40.5% | WARNING
🔴 [MKCE_LID_07] Hostel Ring Road       |   100% | CRITICAL
🟢 [MKCE_LID_08] Playground Perimeter Rd |   2.2% | NORMAL
🟢 [MKCE_LID_09] Canteen Road           |     0% | NORMAL
🔴 [MKCE_LID_10] Back Gate Road         |   100% | CRITICAL

⏱ 11:05:03 ────────────────────────────────────────
🟢 [MKCE_LID_01] Main Gate Road         |     0% | NORMAL
🟢 [MKCE_LID_02] Academic Block Road    |     0% | NORMAL
🟢 [MKCE_LID_03] Central Avenue         |     0% | NORMAL
🟢 [MKCE_LID_04] Library Road           |     0% | NORMAL
🟡 [MKCE_LID_05] Workshop Road          |    70% | WARNING
🟡 [MKCE_LID_06] Hostel Block Road      |  40.1% | WARNING
🔴 [MKCE_LID_07] Hostel Ring Road       |   100% | CRITICAL
🟢 [MKCE_LID_08] Playground Perimeter Rd |   0.9% | NORMAL
🟢 [MKCE_LID_09] Canteen Road           |     0% | NORMAL
🔴 [MKCE_LID_10] Back Gate Road         |   100% | CRITICAL

⏱ 11:05:06 ────────────────────────────────────────
🟢 [MKCE_LID_01] Main Gate Road         |     0% | NORMAL
🟢 [MKCE_LID_02] Academic Block Road    |     0% | NORMAL
🟢 [MKCE_LID_03] Central Avenue         |     0% | NORMAL
🟢 [MKCE_LID_04] Library Road           |     0% | NORMAL
🔴 [MKCE_LID_05] Workshop Road          |  71.8% | CRITICAL
🟢 [MKCE_LID_06] Hostel Block Road      |  39.9% | NORMAL
🔴 [MKCE_LID_07] Hostel Ring Road       |  99.4% | CRITICAL
🟢 [MKCE_LID_08] Playground Perimeter Rd |   0.3% | NORMAL
🟢 [MKCE_LID_09] Canteen Road           |     0% | NORMAL
🔴 [MKCE_LID_10] Back Gate Road         |   100% | CRITICAL

⏱ 11:05:09 ────────────────────────────────────────
🟢 [MKCE_LID_01] Main Gate Road         |     0% | NORMAL
🟢 [MKCE_LID_02] Academic Block Road    |     0% | NORMAL
🟢 [MKCE_LID_03] Central Avenue         |     0% | NORMAL
🟢 [MKCE_LID_04] Library Road           |     0% | NORMAL
🔴 [MKCE_LID_05] Workshop Road          |  74.3% | CRITICAL
🟡 [MKCE_LID_06] Hostel Block Road      |  40.6% | WARNING
🔴 [MKCE_LID_07] Hostel Ring Road       |  98.0% | CRITICAL
🟢 [MKCE_LID_08] Playground Perimeter Rd |     0% | NORMAL
🟢 [MKCE_LID_09] Canteen Road           |     0% | NORMAL
🔴 [MKCE_LID_10] Back Gate Road         |   100% | CRITICAL

⏱ 11:05:12 ────────────────────────────────────────
🟢 [MKCE_LID_01] Main Gate Road         |     0% | NORMAL
🟢 [MKCE_LID_02] Academic Block Road    |     0% | NORMAL
🟢 [MKCE_LID_03] Central Avenue         |     0% | NORMAL
🟢 [MKCE_LID_04] Library Road           |     0% | NORMAL
🔴 [MKCE_LID_05] Workshop Road          |  76.3% | CRITICAL
🟡 [MKCE_LID_06] Hostel Block Road      |  42.1% | WARNING
🔴 [MKCE_LID_07] Hostel Ring Road       |  95.7% | CRITICAL
🟢 [MKCE_LID_08] Playground Perimeter Rd |     0% | NORMAL
🟢 [MKCE_LID_09] Canteen Road           |     0% | NORMAL
🔴 [MKCE_LID_10] Back Gate Road         |   100% | CRITICAL

⏱ 11:05:15 ────────────────────────────────────────
🟢 [MKCE_LID_01] Main Gate Road         |     0% | NORMAL
🟢 [MKCE_LID_02] Academic Block Road    |     0% | NORMAL
🟢 [MKCE_LID_03] Central Avenue         |   0.0% | NORMAL
🟢 [MKCE_LID_04] Library Road           |     0% | NORMAL
🔴 [MKCE_LID_05] Workshop Road          |  77.8% | CRITICAL
🟡 [MKCE_LID_06] Hostel Block Road      |  44.6% | WARNING
🔴 [MKCE_LID_07] Hostel Ring Road       |  93.5% | CRITICAL
🟢 [MKCE_LID_08] Playground Perimeter Rd |   0.5% | NORMAL
🟢 [MKCE_LID_09] Canteen Road           |     0% | NORMAL
🔴 [MKCE_LID_10] Back Gate Road         |   100% | CRITICAL

⏱ 11:05:18 ────────────────────────────────────────
🟢 [MKCE_LID_01] Main Gate Road         |     0% | NORMAL
🟢 [MKCE_LID_02] Academic Block Road    |     0% | NORMAL
🟢 [MKCE_LID_03] Central Avenue         |     0% | NORMAL
🟢 [MKCE_LID_04] Library Road           |     0% | NORMAL
🔴 [MKCE_LID_05] Workshop Road          |  78.8% | CRITICAL
🟡 [MKCE_LID_06] Hostel Block Road      |  46.9% | WARNING
🔴 [MKCE_LID_07] Hostel Ring Road       |  91.4% | CRITICAL
🟢 [MKCE_LID_08] Playground Perimeter Rd |   1.3% | NORMAL
🟢 [MKCE_LID_09] Canteen Road           |     0% | NORMAL
🔴 [MKCE_LID_10] Back Gate Road         |   100% | CRITICAL

⏱ 11:05:21 ────────────────────────────────────────
🟢 [MKCE_LID_01] Main Gate Road         |     0% | NORMAL
🟢 [MKCE_LID_02] Academic Block Road    |     0% | NORMAL
🟢 [MKCE_LID_03] Central Avenue         |     0% | NORMAL
🟢 [MKCE_LID_04] Library Road           |     0% | NORMAL
🔴 [MKCE_LID_05] Workshop Road          |  79.9% | CRITICAL
🟡 [MKCE_LID_06] Hostel Block Road      |  49.8% | WARNING
🔴 [MKCE_LID_07] Hostel Ring Road       |  88.4% | CRITICAL
🟢 [MKCE_LID_08] Playground Perimeter Rd |   1.3% | NORMAL
🟢 [MKCE_LID_09] Canteen Road           |     0% | NORMAL
🔴 [MKCE_LID_10] Back Gate Road         |   100% | CRITICAL

⏱ 11:05:24 ────────────────────────────────────────
🟢 [MKCE_LID_01] Main Gate Road         |     0% | NORMAL
🟢 [MKCE_LID_02] Academic Block Road    |     0% | NORMAL
🟢 [MKCE_LID_03] Central Avenue         |     0% | NORMAL
🟢 [MKCE_LID_04] Library Road           |     0% | NORMAL
🔴 [MKCE_LID_05] Workshop Road          |  80.2% | CRITICAL
🟡 [MKCE_LID_06] Hostel Block Road      |  53.5% | WARNING
🔴 [MKCE_LID_07] Hostel Ring Road       |  85.6% | CRITICAL
🟢 [MKCE_LID_08] Playground Perimeter Rd |   2.1% | NORMAL
🟢 [MKCE_LID_09] Canteen Road           |     0% | NORMAL
🔴 [MKCE_LID_10] Back Gate Road         |   100% | CRITICAL

⏱ 11:05:27 ────────────────────────────────────────
🟢 [MKCE_LID_01] Main Gate Road         |     0% | NORMAL
🟢 [MKCE_LID_02] Academic Block Road    |     0% | NORMAL
🟢 [MKCE_LID_03] Central Avenue         |     0% | NORMAL
🟢 [MKCE_LID_04] Library Road           |     0% | NORMAL
🔴 [MKCE_LID_05] Workshop Road          |  80.9% | CRITICAL
🟡 [MKCE_LID_06] Hostel Block Road      |  58.0% | WARNING
🔴 [MKCE_LID_07] Hostel Ring Road       |  83.2% | CRITICAL
🟢 [MKCE_LID_08] Playground Perimeter Rd |   3.9% | NORMAL
🟢 [MKCE_LID_09] Canteen Road           |     0% | NORMAL
🔴 [MKCE_LID_10] Back Gate Road         |   100% | CRITICAL

⏱ 11:05:31 ────────────────────────────────────────
🟢 [MKCE_LID_01] Main Gate Road         |     0% | NORMAL
🟢 [MKCE_LID_02] Academic Block Road    |     0% | NORMAL
🟢 [MKCE_LID_03] Central Avenue         |     0% | NORMAL
🟢 [MKCE_LID_04] Library Road           |     0% | NORMAL
🔴 [MKCE_LID_05] Workshop Road          |  81.0% | CRITICAL
🟡 [MKCE_LID_06] Hostel Block Road      |  62.3% | WARNING
🔴 [MKCE_LID_07] Hostel Ring Road       |   100% | CRITICAL
🟢 [MKCE_LID_08] Playground Perimeter Rd |   5.7% | NORMAL
🟢 [MKCE_LID_09] Canteen Road           |     0% | NORMAL
🔴 [MKCE_LID_10] Back Gate Road         |   100% | CRITICAL

⏱ 11:05:34 ────────────────────────────────────────
🟢 [MKCE_LID_01] Main Gate Road         |     0% | NORMAL
🟢 [MKCE_LID_02] Academic Block Road    |     0% | NORMAL
🟢 [MKCE_LID_03] Central Avenue         |     0% | NORMAL
🟢 [MKCE_LID_04] Library Road           |     0% | NORMAL
🔴 [MKCE_LID_05] Workshop Road          |  81.5% | CRITICAL
🟡 [MKCE_LID_06] Hostel Block Road      |  66.6% | WARNING
🔴 [MKCE_LID_07] Hostel Ring Road       |  99.0% | CRITICAL
🟢 [MKCE_LID_08] Playground Perimeter Rd |   8.0% | NORMAL
🟢 [MKCE_LID_09] Canteen Road           |     0% | NORMAL
🔴 [MKCE_LID_10] Back Gate Road         |   100% | CRITICAL

⏱ 11:05:37 ────────────────────────────────────────
🟢 [MKCE_LID_01] Main Gate Road         |     0% | NORMAL
🟢 [MKCE_LID_02] Academic Block Road    |     0% | NORMAL
🟢 [MKCE_LID_03] Central Avenue         |     0% | NORMAL
🟢 [MKCE_LID_04] Library Road           |     0% | NORMAL
🔴 [MKCE_LID_05] Workshop Road          |  82.9% | CRITICAL
🔴 [MKCE_LID_06] Hostel Block Road      |  71.6% | CRITICAL
🔴 [MKCE_LID_07] Hostel Ring Road       |  98.8% | CRITICAL
🟢 [MKCE_LID_08] Playground Perimeter Rd |  11.0% | NORMAL
🟢 [MKCE_LID_09] Canteen Road           |     0% | NORMAL
🔴 [MKCE_LID_10] Back Gate Road         |   100% | CRITICAL

⏱ 11:05:40 ────────────────────────────────────────
🟢 [MKCE_LID_01] Main Gate Road         |     0% | NORMAL
🟢 [MKCE_LID_02] Academic Block Road    |     0% | NORMAL
🟢 [MKCE_LID_03] Central Avenue         |     0% | NORMAL
🟢 [MKCE_LID_04] Library Road           |     0% | NORMAL
🔴 [MKCE_LID_05] Workshop Road          |  84.1% | CRITICAL
🔴 [MKCE_LID_06] Hostel Block Road      |  76.6% | CRITICAL
🔴 [MKCE_LID_07] Hostel Ring Road       |  98.0% | CRITICAL
🟢 [MKCE_LID_08] Playground Perimeter Rd |  14.0% | NORMAL
🟢 [MKCE_LID_09] Canteen Road           |     0% | NORMAL
🔴 [MKCE_LID_10] Back Gate Road         |   100% | CRITICAL

⏱ 11:05:43 ────────────────────────────────────────
🟢 [MKCE_LID_01] Main Gate Road         |    30% | NORMAL
🟢 [MKCE_LID_02] Academic Block Road    |     0% | NORMAL
🟢 [MKCE_LID_03] Central Avenue         |     0% | NORMAL
🟢 [MKCE_LID_04] Library Road           |     0% | NORMAL
🔴 [MKCE_LID_05] Workshop Road          |  85.2% | CRITICAL
🔴 [MKCE_LID_06] Hostel Block Road      |  81.6% | CRITICAL
🔴 [MKCE_LID_07] Hostel Ring Road       |  96.4% | CRITICAL
🟢 [MKCE_LID_08] Playground Perimeter Rd |  17.2% | NORMAL
🟢 [MKCE_LID_09] Canteen Road           |     0% | NORMAL
🔴 [MKCE_LID_10] Back Gate Road         |   100% | CRITICAL

⏱ 11:05:46 ────────────────────────────────────────
🟢 [MKCE_LID_01] Main Gate Road         |  28.3% | NORMAL
🟢 [MKCE_LID_02] Academic Block Road    |     0% | NORMAL
🟢 [MKCE_LID_03] Central Avenue         |     0% | NORMAL
🟢 [MKCE_LID_04] Library Road           |     0% | NORMAL
🟡 [MKCE_LID_05] Workshop Road          |  56.1% | WARNING
🔴 [MKCE_LID_06] Hostel Block Road      |  86.5% | CRITICAL
🔴 [MKCE_LID_07] Hostel Ring Road       |  94.5% | CRITICAL
🟢 [MKCE_LID_08] Playground Perimeter Rd |  19.8% | NORMAL
🟢 [MKCE_LID_09] Canteen Road           |     0% | NORMAL
🔴 [MKCE_LID_10] Back Gate Road         |   100% | CRITICAL

⏱ 11:05:49 ────────────────────────────────────────
🟢 [MKCE_LID_01] Main Gate Road         |  27.1% | NORMAL
🟢 [MKCE_LID_02] Academic Block Road    |     0% | NORMAL
🟢 [MKCE_LID_03] Central Avenue         |     0% | NORMAL
🟢 [MKCE_LID_04] Library Road           |     0% | NORMAL
🟡 [MKCE_LID_05] Workshop Road          |  58.0% | WARNING
🔴 [MKCE_LID_06] Hostel Block Road      |  90.5% | CRITICAL
🔴 [MKCE_LID_07] Hostel Ring Road       |  92.7% | CRITICAL
🟡 [MKCE_LID_08] Playground Perimeter Rd |  51.6% | WARNING
🟢 [MKCE_LID_09] Canteen Road           |     0% | NORMAL
🔴 [MKCE_LID_10] Back Gate Road         |   100% | CRITICAL

⏱ 11:05:52 ────────────────────────────────────────
🟢 [MKCE_LID_01] Main Gate Road         |  26.8% | NORMAL
🟢 [MKCE_LID_02] Academic Block Road    |     0% | NORMAL
🟢 [MKCE_LID_03] Central Avenue         |     0% | NORMAL
🟢 [MKCE_LID_04] Library Road           |     0% | NORMAL
🟡 [MKCE_LID_05] Workshop Road          |  60.6% | WARNING
🔴 [MKCE_LID_06] Hostel Block Road      |  95.4% | CRITICAL
🔴 [MKCE_LID_07] Hostel Ring Road       |  90.1% | CRITICAL
🟡 [MKCE_LID_08] Playground Perimeter Rd |  53.4% | WARNING
🟢 [MKCE_LID_09] Canteen Road           |     0% | NORMAL
🔴 [MKCE_LID_10] Back Gate Road         |   100% | CRITICAL

⏱ 11:05:55 ────────────────────────────────────────
🟢 [MKCE_LID_01] Main Gate Road         |  26.5% | NORMAL
🟢 [MKCE_LID_02] Academic Block Road    |     0% | NORMAL
🟢 [MKCE_LID_03] Central Avenue         |     0% | NORMAL
🟢 [MKCE_LID_04] Library Road           |     0% | NORMAL
🟡 [MKCE_LID_05] Workshop Road          |  62.8% | WARNING
🔴 [MKCE_LID_06] Hostel Block Road      |   100% | CRITICAL
🔴 [MKCE_LID_07] Hostel Ring Road       |  88.0% | CRITICAL
🟡 [MKCE_LID_08] Playground Perimeter Rd |  54.8% | WARNING
🟢 [MKCE_LID_09] Canteen Road           |     0% | NORMAL
🔴 [MKCE_LID_10] Back Gate Road         |   100% | CRITICAL

⏱ 11:05:58 ────────────────────────────────────────
🟢 [MKCE_LID_01] Main Gate Road         |  26.3% | NORMAL
🟢 [MKCE_LID_02] Academic Block Road    |     0% | NORMAL
🟢 [MKCE_LID_03] Central Avenue         |     0% | NORMAL
🟢 [MKCE_LID_04] Library Road           |     0% | NORMAL
🟡 [MKCE_LID_05] Workshop Road          |  65.9% | WARNING
🔴 [MKCE_LID_06] Hostel Block Road      |   100% | CRITICAL
🔴 [MKCE_LID_07] Hostel Ring Road       |  85.4% | CRITICAL
🟡 [MKCE_LID_08] Playground Perimeter Rd |  56.3% | WARNING
🟢 [MKCE_LID_09] Canteen Road           |     0% | NORMAL
🔴 [MKCE_LID_10] Back Gate Road         |   100% | CRITICAL

⏱ 11:06:01 ────────────────────────────────────────
🟢 [MKCE_LID_01] Main Gate Road         |  25.4% | NORMAL
🟢 [MKCE_LID_02] Academic Block Road    |     0% | NORMAL
🟢 [MKCE_LID_03] Central Avenue         |     0% | NORMAL
🟢 [MKCE_LID_04] Library Road           |     0% | NORMAL
🔴 [MKCE_LID_05] Workshop Road          |  98.9% | CRITICAL
🔴 [MKCE_LID_06] Hostel Block Road      |   100% | CRITICAL
🔴 [MKCE_LID_07] Hostel Ring Road       |   100% | CRITICAL
🟡 [MKCE_LID_08] Playground Perimeter Rd |  56.9% | WARNING
🟢 [MKCE_LID_09] Canteen Road           |    30% | NORMAL
🔴 [MKCE_LID_10] Back Gate Road         |   100% | CRITICAL

⏱ 11:06:04 ────────────────────────────────────────
🟢 [MKCE_LID_01] Main Gate Road         |  25.3% | NORMAL
🟢 [MKCE_LID_02] Academic Block Road    |     0% | NORMAL
🟢 [MKCE_LID_03] Central Avenue         |     0% | NORMAL
🟢 [MKCE_LID_04] Library Road           |     0% | NORMAL
🔴 [MKCE_LID_05] Workshop Road          |   100% | CRITICAL
🔴 [MKCE_LID_06] Hostel Block Road      |   100% | CRITICAL
🔴 [MKCE_LID_07] Hostel Ring Road       |  97.9% | CRITICAL
🟡 [MKCE_LID_08] Playground Perimeter Rd |  58.2% | WARNING
🟢 [MKCE_LID_09] Canteen Road           |  25.8% | NORMAL
🔴 [MKCE_LID_10] Back Gate Road         |   100% | CRITICAL

⏱ 11:06:07 ────────────────────────────────────────
🟢 [MKCE_LID_01] Main Gate Road         |  25.8% | NORMAL
🟢 [MKCE_LID_02] Academic Block Road    |     0% | NORMAL
🟢 [MKCE_LID_03] Central Avenue         |     0% | NORMAL
🟢 [MKCE_LID_04] Library Road           |     0% | NORMAL
🔴 [MKCE_LID_05] Workshop Road          |   100% | CRITICAL
🔴 [MKCE_LID_06] Hostel Block Road      |   100% | CRITICAL
🔴 [MKCE_LID_07] Hostel Ring Road       |  95.5% | CRITICAL
🟡 [MKCE_LID_08] Playground Perimeter Rd |  60.1% | WARNING
🟢 [MKCE_LID_09] Canteen Road           |  20.8% | NORMAL
🔴 [MKCE_LID_10] Back Gate Road         |   100% | CRITICAL

⏱ 11:06:10 ────────────────────────────────────────
🟢 [MKCE_LID_01] Main Gate Road         |  26.1% | NORMAL
🟢 [MKCE_LID_02] Academic Block Road    |     0% | NORMAL
🟢 [MKCE_LID_03] Central Avenue         |     0% | NORMAL
🟢 [MKCE_LID_04] Library Road           |     0% | NORMAL
🔴 [MKCE_LID_05] Workshop Road          |   100% | CRITICAL
🔴 [MKCE_LID_06] Hostel Block Road      |   100% | CRITICAL
🔴 [MKCE_LID_07] Hostel Ring Road       |  92.5% | CRITICAL
🟡 [MKCE_LID_08] Playground Perimeter Rd |  61.6% | WARNING
🟢 [MKCE_LID_09] Canteen Road           |  16.4% | NORMAL
🔴 [MKCE_LID_10] Back Gate Road         |   100% | CRITICAL

⏱ 11:06:13 ────────────────────────────────────────
🟢 [MKCE_LID_01] Main Gate Road         |  27.0% | NORMAL
🟢 [MKCE_LID_02] Academic Block Road    |     0% | NORMAL
🟢 [MKCE_LID_03] Central Avenue         |     0% | NORMAL
🟢 [MKCE_LID_04] Library Road           |     0% | NORMAL
🔴 [MKCE_LID_05] Workshop Road          |   100% | CRITICAL
🔴 [MKCE_LID_06] Hostel Block Road      |   100% | CRITICAL
🔴 [MKCE_LID_07] Hostel Ring Road       |  89.5% | CRITICAL
🟡 [MKCE_LID_08] Playground Perimeter Rd |  63.9% | WARNING
🟢 [MKCE_LID_09] Canteen Road           |  11.4% | NORMAL
🔴 [MKCE_LID_10] Back Gate Road         |   100% | CRITICAL

⏱ 11:06:16 ────────────────────────────────────────
🟢 [MKCE_LID_01] Main Gate Road         |  28.0% | NORMAL
🟢 [MKCE_LID_02] Academic Block Road    |     0% | NORMAL
🟢 [MKCE_LID_03] Central Avenue         |     0% | NORMAL
🟢 [MKCE_LID_04] Library Road           |     0% | NORMAL
🔴 [MKCE_LID_05] Workshop Road          |   100% | CRITICAL
🔴 [MKCE_LID_06] Hostel Block Road      |   100% | CRITICAL
🔴 [MKCE_LID_07] Hostel Ring Road       |  86.0% | CRITICAL
🟢 [MKCE_LID_08] Playground Perimeter Rd |  35.5% | NORMAL
🟢 [MKCE_LID_09] Canteen Road           |   6.4% | NORMAL
🔴 [MKCE_LID_10] Back Gate Road         |   100% | CRITICAL

⏱ 11:06:19 ────────────────────────────────────────
🟢 [MKCE_LID_01] Main Gate Road         |  28.5% | NORMAL
🟢 [MKCE_LID_02] Academic Block Road    |    30% | NORMAL
🟢 [MKCE_LID_03] Central Avenue         |     0% | NORMAL
🟢 [MKCE_LID_04] Library Road           |     0% | NORMAL
🔴 [MKCE_LID_05] Workshop Road          |   100% | CRITICAL
🔴 [MKCE_LID_06] Hostel Block Road      |   100% | CRITICAL
🔴 [MKCE_LID_07] Hostel Ring Road       |  83.5% | CRITICAL
🟢 [MKCE_LID_08] Playground Perimeter Rd |  36.9% | NORMAL
🟢 [MKCE_LID_09] Canteen Road           |   1.4% | NORMAL
🔴 [MKCE_LID_10] Back Gate Road         |   100% | CRITICAL

⏱ 11:06:22 ────────────────────────────────────────
🟢 [MKCE_LID_01] Main Gate Road         |  29.4% | NORMAL
🟢 [MKCE_LID_02] Academic Block Road    |    25% | NORMAL
🟢 [MKCE_LID_03] Central Avenue         |     0% | NORMAL
🟢 [MKCE_LID_04] Library Road           |     0% | NORMAL
🔴 [MKCE_LID_05] Workshop Road          |   100% | CRITICAL
🔴 [MKCE_LID_06] Hostel Block Road      |   100% | CRITICAL
🔴 [MKCE_LID_07] Hostel Ring Road       |  81.4% | CRITICAL
🟢 [MKCE_LID_08] Playground Perimeter Rd |  38.2% | NORMAL
🟢 [MKCE_LID_09] Canteen Road           |     0% | NORMAL
🔴 [MKCE_LID_10] Back Gate Road         |   100% | CRITICAL

⏱ 11:06:25 ────────────────────────────────────────
🟢 [MKCE_LID_01] Main Gate Road         |  29.5% | NORMAL
🟢 [MKCE_LID_02] Academic Block Road    |  20.6% | NORMAL
🟢 [MKCE_LID_03] Central Avenue         |     0% | NORMAL
🟢 [MKCE_LID_04] Library Road           |     0% | NORMAL
🔴 [MKCE_LID_05] Workshop Road          |   100% | CRITICAL
🔴 [MKCE_LID_06] Hostel Block Road      |   100% | CRITICAL
🔴 [MKCE_LID_07] Hostel Ring Road       |  80.2% | CRITICAL
🟢 [MKCE_LID_08] Playground Perimeter Rd |  39.8% | NORMAL
🟢 [MKCE_LID_09] Canteen Road           |     0% | NORMAL
🔴 [MKCE_LID_10] Back Gate Road         |   100% | CRITICAL

⏱ 11:06:28 ────────────────────────────────────────
🟢 [MKCE_LID_01] Main Gate Road         |  30.4% | NORMAL
🟢 [MKCE_LID_02] Academic Block Road    |  15.6% | NORMAL
🟢 [MKCE_LID_03] Central Avenue         |     0% | NORMAL
🟢 [MKCE_LID_04] Library Road           |     0% | NORMAL
🔴 [MKCE_LID_05] Workshop Road          |   100% | CRITICAL
🔴 [MKCE_LID_06] Hostel Block Road      |   100% | CRITICAL
🔴 [MKCE_LID_07] Hostel Ring Road       |  79.3% | CRITICAL
🟡 [MKCE_LID_08] Playground Perimeter Rd |  40.8% | WARNING
🟢 [MKCE_LID_09] Canteen Road           |     0% | NORMAL
🔴 [MKCE_LID_10] Back Gate Road         |   100% | CRITICAL

⏱ 11:06:31 ────────────────────────────────────────
🟢 [MKCE_LID_01] Main Gate Road         |  31.2% | NORMAL
🟢 [MKCE_LID_02] Academic Block Road    |  11.3% | NORMAL
🟢 [MKCE_LID_03] Central Avenue         |     0% | NORMAL
🟢 [MKCE_LID_04] Library Road           |     0% | NORMAL
🔴 [MKCE_LID_05] Workshop Road          |   100% | CRITICAL
🔴 [MKCE_LID_06] Hostel Block Road      |   100% | CRITICAL
🔴 [MKCE_LID_07] Hostel Ring Road       |  78.3% | CRITICAL
🔴 [MKCE_LID_08] Playground Perimeter Rd |  71.6% | CRITICAL
🟢 [MKCE_LID_09] Canteen Road           |     0% | NORMAL
🔴 [MKCE_LID_10] Back Gate Road         |   100% | CRITICAL

⏱ 11:06:35 ────────────────────────────────────────
🟢 [MKCE_LID_01] Main Gate Road         |  31.8% | NORMAL
🟢 [MKCE_LID_02] Academic Block Road    |   7.7% | NORMAL
🟢 [MKCE_LID_03] Central Avenue         |     0% | NORMAL
🟢 [MKCE_LID_04] Library Road           |     0% | NORMAL
🔴 [MKCE_LID_05] Workshop Road          |   100% | CRITICAL
🔴 [MKCE_LID_06] Hostel Block Road      |   100% | CRITICAL
🔴 [MKCE_LID_07] Hostel Ring Road       |  78.3% | CRITICAL
🔴 [MKCE_LID_08] Playground Perimeter Rd |  72.6% | CRITICAL
🟢 [MKCE_LID_09] Canteen Road           |     0% | NORMAL
🔴 [MKCE_LID_10] Back Gate Road         |   100% | CRITICAL

⏱ 11:06:38 ────────────────────────────────────────
🟢 [MKCE_LID_01] Main Gate Road         |  31.6% | NORMAL
🟢 [MKCE_LID_02] Academic Block Road    |   4.7% | NORMAL
🟢 [MKCE_LID_03] Central Avenue         |     0% | NORMAL
🟢 [MKCE_LID_04] Library Road           |     0% | NORMAL
🔴 [MKCE_LID_05] Workshop Road          |   100% | CRITICAL
🟡 [MKCE_LID_06] Hostel Block Road      |    70% | WARNING
🔴 [MKCE_LID_07] Hostel Ring Road       |  78.4% | CRITICAL
🔴 [MKCE_LID_08] Playground Perimeter Rd |  73.8% | CRITICAL
🟢 [MKCE_LID_09] Canteen Road           |     0% | NORMAL
🔴 [MKCE_LID_10] Back Gate Road         |   100% | CRITICAL

⏱ 11:06:41 ────────────────────────────────────────
🟢 [MKCE_LID_01] Main Gate Road         |  31.2% | NORMAL
🟢 [MKCE_LID_02] Academic Block Road    |   1.8% | NORMAL
🟢 [MKCE_LID_03] Central Avenue         |     0% | NORMAL
🟢 [MKCE_LID_04] Library Road           |     0% | NORMAL
🔴 [MKCE_LID_05] Workshop Road          |   100% | CRITICAL
🔴 [MKCE_LID_06] Hostel Block Road      |  71.5% | CRITICAL
🔴 [MKCE_LID_07] Hostel Ring Road       |  77.9% | CRITICAL
🔴 [MKCE_LID_08] Playground Perimeter Rd |  75.2% | CRITICAL
🟢 [MKCE_LID_09] Canteen Road           |     0% | NORMAL
🔴 [MKCE_LID_10] Back Gate Road         |   100% | CRITICAL

⏱ 11:06:44 ────────────────────────────────────────
🟢 [MKCE_LID_01] Main Gate Road         |  30.2% | NORMAL
🟢 [MKCE_LID_02] Academic Block Road    |     0% | NORMAL
🟢 [MKCE_LID_03] Central Avenue         |     0% | NORMAL
🟢 [MKCE_LID_04] Library Road           |     0% | NORMAL
🔴 [MKCE_LID_05] Workshop Road          |   100% | CRITICAL
🔴 [MKCE_LID_06] Hostel Block Road      |  72.8% | CRITICAL
🔴 [MKCE_LID_07] Hostel Ring Road       |  77.2% | CRITICAL
🔴 [MKCE_LID_08] Playground Perimeter Rd |  76.5% | CRITICAL
🟢 [MKCE_LID_09] Canteen Road           |     0% | NORMAL
🔴 [MKCE_LID_10] Back Gate Road         |   100% | CRITICAL

⏱ 11:06:47 ────────────────────────────────────────
🟢 [MKCE_LID_01] Main Gate Road         |  30.1% | NORMAL
🟢 [MKCE_LID_02] Academic Block Road    |     0% | NORMAL
🟢 [MKCE_LID_03] Central Avenue         |     0% | NORMAL
🟢 [MKCE_LID_04] Library Road           |     0% | NORMAL
🔴 [MKCE_LID_05] Workshop Road          |   100% | CRITICAL
🔴 [MKCE_LID_06] Hostel Block Road      |  74.9% | CRITICAL
🔴 [MKCE_LID_07] Hostel Ring Road       |  75.9% | CRITICAL
🔴 [MKCE_LID_08] Playground Perimeter Rd |  78.5% | CRITICAL
🟢 [MKCE_LID_09] Canteen Road           |     0% | NORMAL
🔴 [MKCE_LID_10] Back Gate Road         |   100% | CRITICAL

⏱ 11:06:50 ────────────────────────────────────────
🟢 [MKCE_LID_01] Main Gate Road         |  30.8% | NORMAL
🟢 [MKCE_LID_02] Academic Block Road    |     0% | NORMAL
🟢 [MKCE_LID_03] Central Avenue         |     0% | NORMAL
🟢 [MKCE_LID_04] Library Road           |     0% | NORMAL
🔴 [MKCE_LID_05] Workshop Road          |   100% | CRITICAL
🔴 [MKCE_LID_06] Hostel Block Road      |  76.0% | CRITICAL
🔴 [MKCE_LID_07] Hostel Ring Road       |  74.5% | CRITICAL
🔴 [MKCE_LID_08] Playground Perimeter Rd |  80.8% | CRITICAL
🟢 [MKCE_LID_09] Canteen Road           |     0% | NORMAL
🔴 [MKCE_LID_10] Back Gate Road         |   100% | CRITICAL

⏱ 11:06:53 ────────────────────────────────────────
🟢 [MKCE_LID_01] Main Gate Road         |  31.4% | NORMAL
🟢 [MKCE_LID_02] Academic Block Road    |     0% | NORMAL
🟢 [MKCE_LID_03] Central Avenue         |     0% | NORMAL
🟢 [MKCE_LID_04] Library Road           |     0% | NORMAL
🔴 [MKCE_LID_05] Workshop Road          |   100% | CRITICAL
🔴 [MKCE_LID_06] Hostel Block Road      |  76.9% | CRITICAL
🔴 [MKCE_LID_07] Hostel Ring Road       |  72.2% | CRITICAL
🔴 [MKCE_LID_08] Playground Perimeter Rd |  82.3% | CRITICAL
🟢 [MKCE_LID_09] Canteen Road           |     0% | NORMAL
🔴 [MKCE_LID_10] Back Gate Road         |   100% | CRITICAL

⏱ 11:06:56 ────────────────────────────────────────
🟢 [MKCE_LID_01] Main Gate Road         |   2.9% | NORMAL
🟢 [MKCE_LID_02] Academic Block Road    |     0% | NORMAL
🟢 [MKCE_LID_03] Central Avenue         |     0% | NORMAL
🟢 [MKCE_LID_04] Library Road           |     0% | NORMAL
🔴 [MKCE_LID_05] Workshop Road          |   100% | CRITICAL
🔴 [MKCE_LID_06] Hostel Block Road      |  78.3% | CRITICAL
🟡 [MKCE_LID_07] Hostel Ring Road       |  69.9% | WARNING
🔴 [MKCE_LID_08] Playground Perimeter Rd |  83.7% | CRITICAL
🟢 [MKCE_LID_09] Canteen Road           |     0% | NORMAL
🔴 [MKCE_LID_10] Back Gate Road         |   100% | CRITICAL

⏱ 11:06:59 ────────────────────────────────────────
🟢 [MKCE_LID_01] Main Gate Road         |   3.6% | NORMAL
🟢 [MKCE_LID_02] Academic Block Road    |     0% | NORMAL
🟢 [MKCE_LID_03] Central Avenue         |     0% | NORMAL
🟢 [MKCE_LID_04] Library Road           |     0% | NORMAL
🔴 [MKCE_LID_05] Workshop Road          |   100% | CRITICAL
🔴 [MKCE_LID_06] Hostel Block Road      |  79.9% | CRITICAL
🟡 [MKCE_LID_07] Hostel Ring Road       |  67.9% | WARNING
🔴 [MKCE_LID_08] Playground Perimeter Rd |  85.2% | CRITICAL
🟢 [MKCE_LID_09] Canteen Road           |     0% | NORMAL
🔴 [MKCE_LID_10] Back Gate Road         |   100% | CRITICAL

⏱ 11:07:02 ────────────────────────────────────────
🟢 [MKCE_LID_01] Main Gate Road         |   3.3% | NORMAL
🟢 [MKCE_LID_02] Academic Block Road    |     0% | NORMAL
🟢 [MKCE_LID_03] Central Avenue         |    30% | NORMAL
🟢 [MKCE_LID_04] Library Road           |     0% | NORMAL
🔴 [MKCE_LID_05] Workshop Road          |   100% | CRITICAL
🔴 [MKCE_LID_06] Hostel Block Road      |  82.3% | CRITICAL
🟡 [MKCE_LID_07] Hostel Ring Road       |  66.2% | WARNING
🔴 [MKCE_LID_08] Playground Perimeter Rd |  87.4% | CRITICAL
🟢 [MKCE_LID_09] Canteen Road           |     0% | NORMAL
🔴 [MKCE_LID_10] Back Gate Road         |   100% | CRITICAL

⏱ 11:07:05 ────────────────────────────────────────
🟢 [MKCE_LID_01] Main Gate Road         |   2.4% | NORMAL
🟢 [MKCE_LID_02] Academic Block Road    |     0% | NORMAL
🟢 [MKCE_LID_03] Central Avenue         |     0% | NORMAL
🟢 [MKCE_LID_04] Library Road           |     0% | NORMAL
🔴 [MKCE_LID_05] Workshop Road          |   100% | CRITICAL
🔴 [MKCE_LID_06] Hostel Block Road      |  84.1% | CRITICAL
🟡 [MKCE_LID_07] Hostel Ring Road       |  64.5% | WARNING
🔴 [MKCE_LID_08] Playground Perimeter Rd |  88.9% | CRITICAL
🟢 [MKCE_LID_09] Canteen Road           |     0% | NORMAL
🔴 [MKCE_LID_10] Back Gate Road         |   100% | CRITICAL

⏱ 11:07:08 ────────────────────────────────────────
🟢 [MKCE_LID_01] Main Gate Road         |   0.9% | NORMAL
🟢 [MKCE_LID_02] Academic Block Road    |     0% | NORMAL
🟢 [MKCE_LID_03] Central Avenue         |     0% | NORMAL
🟢 [MKCE_LID_04] Library Road           |     0% | NORMAL
🔴 [MKCE_LID_05] Workshop Road          |   100% | CRITICAL
🔴 [MKCE_LID_06] Hostel Block Road      |  85.1% | CRITICAL
🟡 [MKCE_LID_07] Hostel Ring Road       |  63.1% | WARNING
🔴 [MKCE_LID_08] Playground Perimeter Rd |  90.1% | CRITICAL
🟢 [MKCE_LID_09] Canteen Road           |     0% | NORMAL
🔴 [MKCE_LID_10] Back Gate Road         |   100% | CRITICAL

⏱ 11:07:11 ────────────────────────────────────────
🟢 [MKCE_LID_01] Main Gate Road         |   0.2% | NORMAL
🟢 [MKCE_LID_02] Academic Block Road    |     0% | NORMAL
🟢 [MKCE_LID_03] Central Avenue         |     0% | NORMAL
🟢 [MKCE_LID_04] Library Road           |     0% | NORMAL
🔴 [MKCE_LID_05] Workshop Road          |   100% | CRITICAL
🔴 [MKCE_LID_06] Hostel Block Road      |  86.6% | CRITICAL
🟡 [MKCE_LID_07] Hostel Ring Road       |  61.8% | WARNING
🔴 [MKCE_LID_08] Playground Perimeter Rd |  92.4% | CRITICAL
🟢 [MKCE_LID_09] Canteen Road           |     0% | NORMAL
🟡 [MKCE_LID_10] Back Gate Road         |  69.8% | WARNING

⏱ 11:07:14 ────────────────────────────────────────
🟢 [MKCE_LID_01] Main Gate Road         |   0.5% | NORMAL
🟢 [MKCE_LID_02] Academic Block Road    |     0% | NORMAL
🟢 [MKCE_LID_03] Central Avenue         |     0% | NORMAL
🟢 [MKCE_LID_04] Library Road           |     0% | NORMAL
🔴 [MKCE_LID_05] Workshop Road          |   100% | CRITICAL
🔴 [MKCE_LID_06] Hostel Block Road      |  87.3% | CRITICAL
🟡 [MKCE_LID_07] Hostel Ring Road       |  60.8% | WARNING
🔴 [MKCE_LID_08] Playground Perimeter Rd |  94.3% | CRITICAL
🟢 [MKCE_LID_09] Canteen Road           |     0% | NORMAL
🟡 [MKCE_LID_10] Back Gate Road         |  69.1% | WARNING

⏱ 11:07:17 ────────────────────────────────────────
🟢 [MKCE_LID_01] Main Gate Road         |     0% | NORMAL
🟢 [MKCE_LID_02] Academic Block Road    |     0% | NORMAL
🟢 [MKCE_LID_03] Central Avenue         |     0% | NORMAL
🟢 [MKCE_LID_04] Library Road           |     0% | NORMAL
🔴 [MKCE_LID_05] Workshop Road          |   100% | CRITICAL
🔴 [MKCE_LID_06] Hostel Block Road      |  87.6% | CRITICAL
🟡 [MKCE_LID_07] Hostel Ring Road       |  58.8% | WARNING
🔴 [MKCE_LID_08] Playground Perimeter Rd |  96.2% | CRITICAL
🟢 [MKCE_LID_09] Canteen Road           |     0% | NORMAL
🟡 [MKCE_LID_10] Back Gate Road         |  67.9% | WARNING

⏱ 11:07:20 ────────────────────────────────────────
🟢 [MKCE_LID_01] Main Gate Road         |     0% | NORMAL
🟢 [MKCE_LID_02] Academic Block Road    |     0% | NORMAL
🟢 [MKCE_LID_03] Central Avenue         |     0% | NORMAL
🟢 [MKCE_LID_04] Library Road           |     0% | NORMAL
🔴 [MKCE_LID_05] Workshop Road          |   100% | CRITICAL
🔴 [MKCE_LID_06] Hostel Block Road      |  88.5% | CRITICAL
🟡 [MKCE_LID_07] Hostel Ring Road       |  57.8% | WARNING
🔴 [MKCE_LID_08] Playground Perimeter Rd |  97.7% | CRITICAL
🟢 [MKCE_LID_09] Canteen Road           |     0% | NORMAL
🟡 [MKCE_LID_10] Back Gate Road         |  67.1% | WARNING

⏱ 11:07:23 ────────────────────────────────────────
🟢 [MKCE_LID_01] Main Gate Road         |     0% | NORMAL
🟢 [MKCE_LID_02] Academic Block Road    |     0% | NORMAL
🟢 [MKCE_LID_03] Central Avenue         |     0% | NORMAL
🟢 [MKCE_LID_04] Library Road           |    30% | NORMAL
🔴 [MKCE_LID_05] Workshop Road          |   100% | CRITICAL
🔴 [MKCE_LID_06] Hostel Block Road      |  90.1% | CRITICAL
🟡 [MKCE_LID_07] Hostel Ring Road       |  57.2% | WARNING
🔴 [MKCE_LID_08] Playground Perimeter Rd |  99.7% | CRITICAL
🟢 [MKCE_LID_09] Canteen Road           |     0% | NORMAL
🟡 [MKCE_LID_10] Back Gate Road         |  66.3% | WARNING

⏱ 11:07:26 ────────────────────────────────────────
🟢 [MKCE_LID_01] Main Gate Road         |     0% | NORMAL
🟢 [MKCE_LID_02] Academic Block Road    |     0% | NORMAL
🟢 [MKCE_LID_03] Central Avenue         |     0% | NORMAL
🟢 [MKCE_LID_04] Library Road           |  27.2% | NORMAL
🔴 [MKCE_LID_05] Workshop Road          |   100% | CRITICAL
🔴 [MKCE_LID_06] Hostel Block Road      |  92.0% | CRITICAL
🟡 [MKCE_LID_07] Hostel Ring Road       |  56.1% | WARNING
🔴 [MKCE_LID_08] Playground Perimeter Rd |   100% | CRITICAL
🟢 [MKCE_LID_09] Canteen Road           |     0% | NORMAL
🟡 [MKCE_LID_10] Back Gate Road         |  64.7% | WARNING

⏱ 11:07:29 ────────────────────────────────────────
🟢 [MKCE_LID_01] Main Gate Road         |     0% | NORMAL
🟢 [MKCE_LID_02] Academic Block Road    |     0% | NORMAL
🟢 [MKCE_LID_03] Central Avenue         |     0% | NORMAL
🟢 [MKCE_LID_04] Library Road           |  24.9% | NORMAL
🔴 [MKCE_LID_05] Workshop Road          |   100% | CRITICAL
🔴 [MKCE_LID_06] Hostel Block Road      |  93.1% | CRITICAL
🟡 [MKCE_LID_07] Hostel Ring Road       |  54.7% | WARNING
🟡 [MKCE_LID_08] Playground Perimeter Rd |    70% | WARNING
🟢 [MKCE_LID_09] Canteen Road           |     0% | NORMAL
🟡 [MKCE_LID_10] Back Gate Road         |  62.4% | WARNING

⏱ 11:07:32 ────────────────────────────────────────
🟢 [MKCE_LID_01] Main Gate Road         |     0% | NORMAL
🟢 [MKCE_LID_02] Academic Block Road    |     0% | NORMAL
🟢 [MKCE_LID_03] Central Avenue         |     0% | NORMAL
🟢 [MKCE_LID_04] Library Road           |  23.0% | NORMAL
🔴 [MKCE_LID_05] Workshop Road          |   100% | CRITICAL
🔴 [MKCE_LID_06] Hostel Block Road      |  94.8% | CRITICAL
🟡 [MKCE_LID_07] Hostel Ring Road       |  52.9% | WARNING
🔴 [MKCE_LID_08] Playground Perimeter Rd |  71.4% | CRITICAL
🟢 [MKCE_LID_09] Canteen Road           |     0% | NORMAL
🟡 [MKCE_LID_10] Back Gate Road         |  59.6% | WARNING

⏱ 11:07:35 ────────────────────────────────────────
🟢 [MKCE_LID_01] Main Gate Road         |     0% | NORMAL
🟢 [MKCE_LID_02] Academic Block Road    |     0% | NORMAL
🟢 [MKCE_LID_03] Central Avenue         |     0% | NORMAL
🟢 [MKCE_LID_04] Library Road           |  21.5% | NORMAL
🔴 [MKCE_LID_05] Workshop Road          |   100% | CRITICAL
🔴 [MKCE_LID_06] Hostel Block Road      |  97.4% | CRITICAL
🟡 [MKCE_LID_07] Hostel Ring Road       |  51.0% | WARNING
🔴 [MKCE_LID_08] Playground Perimeter Rd |  73.3% | CRITICAL
🟢 [MKCE_LID_09] Canteen Road           |     0% | NORMAL
🟡 [MKCE_LID_10] Back Gate Road         |  56.2% | WARNING

⏱ 11:07:39 ────────────────────────────────────────
🟢 [MKCE_LID_01] Main Gate Road         |     0% | NORMAL
🟢 [MKCE_LID_02] Academic Block Road    |     0% | NORMAL
🟢 [MKCE_LID_03] Central Avenue         |     0% | NORMAL
🟢 [MKCE_LID_04] Library Road           |  19.1% | NORMAL
🟡 [MKCE_LID_05] Workshop Road          |    70% | WARNING
🔴 [MKCE_LID_06] Hostel Block Road      |  99.2% | CRITICAL
🟡 [MKCE_LID_07] Hostel Ring Road       |  49.1% | WARNING
🔴 [MKCE_LID_08] Playground Perimeter Rd |  74.9% | CRITICAL
🟢 [MKCE_LID_09] Canteen Road           |     0% | NORMAL
🟡 [MKCE_LID_10] Back Gate Road         |  53.6% | WARNING

⏱ 11:07:42 ────────────────────────────────────────
🟢 [MKCE_LID_01] Main Gate Road         |     0% | NORMAL
🟢 [MKCE_LID_02] Academic Block Road    |     0% | NORMAL
🟢 [MKCE_LID_03] Central Avenue         |     0% | NORMAL
🟢 [MKCE_LID_04] Library Road           |  15.8% | NORMAL
🔴 [MKCE_LID_05] Workshop Road          |  72.6% | CRITICAL
🔴 [MKCE_LID_06] Hostel Block Road      |   100% | CRITICAL
🟡 [MKCE_LID_07] Hostel Ring Road       |  47.4% | WARNING
🔴 [MKCE_LID_08] Playground Perimeter Rd |  76.8% | CRITICAL
🟢 [MKCE_LID_09] Canteen Road           |     0% | NORMAL
🟡 [MKCE_LID_10] Back Gate Road         |  50.6% | WARNING

⏱ 11:07:45 ────────────────────────────────────────
🟢 [MKCE_LID_01] Main Gate Road         |     0% | NORMAL
🟢 [MKCE_LID_02] Academic Block Road    |     0% | NORMAL
🟢 [MKCE_LID_03] Central Avenue         |     0% | NORMAL
🟢 [MKCE_LID_04] Library Road           |  12.7% | NORMAL
🔴 [MKCE_LID_05] Workshop Road          |  75.3% | CRITICAL
🔴 [MKCE_LID_06] Hostel Block Road      |   100% | CRITICAL
🟡 [MKCE_LID_07] Hostel Ring Road       |  45.1% | WARNING
🔴 [MKCE_LID_08] Playground Perimeter Rd |  79.1% | CRITICAL
🟢 [MKCE_LID_09] Canteen Road           |     0% | NORMAL
🟡 [MKCE_LID_10] Back Gate Road         |  48.5% | WARNING

⏱ 11:07:48 ────────────────────────────────────────
🟢 [MKCE_LID_01] Main Gate Road         |     0% | NORMAL
🟢 [MKCE_LID_02] Academic Block Road    |     0% | NORMAL
🟢 [MKCE_LID_03] Central Avenue         |     0% | NORMAL
🟢 [MKCE_LID_04] Library Road           |   9.0% | NORMAL
🔴 [MKCE_LID_05] Workshop Road          |  79.1% | CRITICAL
🔴 [MKCE_LID_06] Hostel Block Road      |   100% | CRITICAL
🟡 [MKCE_LID_07] Hostel Ring Road       |  43.7% | WARNING
🔴 [MKCE_LID_08] Playground Perimeter Rd |  82.1% | CRITICAL
🟢 [MKCE_LID_09] Canteen Road           |     0% | NORMAL
🟡 [MKCE_LID_10] Back Gate Road         |  46.7% | WARNING

⏱ 11:07:51 ────────────────────────────────────────
🟢 [MKCE_LID_01] Main Gate Road         |     0% | NORMAL
🟢 [MKCE_LID_02] Academic Block Road    |     0% | NORMAL
🟢 [MKCE_LID_03] Central Avenue         |     0% | NORMAL
🟢 [MKCE_LID_04] Library Road           |   4.7% | NORMAL
🔴 [MKCE_LID_05] Workshop Road          |  82.4% | CRITICAL
🔴 [MKCE_LID_06] Hostel Block Road      |   100% | CRITICAL
🟡 [MKCE_LID_07] Hostel Ring Road       |  42.7% | WARNING
🟡 [MKCE_LID_08] Playground Perimeter Rd |  55.3% | WARNING
🟢 [MKCE_LID_09] Canteen Road           |     0% | NORMAL
🟡 [MKCE_LID_10] Back Gate Road         |  45.7% | WARNING

⏱ 11:07:54 ────────────────────────────────────────
🟢 [MKCE_LID_01] Main Gate Road         |     0% | NORMAL
🟢 [MKCE_LID_02] Academic Block Road    |     0% | NORMAL
🟢 [MKCE_LID_03] Central Avenue         |     0% | NORMAL
🟢 [MKCE_LID_04] Library Road           |   0.2% | NORMAL
🔴 [MKCE_LID_05] Workshop Road          |  84.8% | CRITICAL
🔴 [MKCE_LID_06] Hostel Block Road      |   100% | CRITICAL
🔴 [MKCE_LID_07] Hostel Ring Road       |  72.0% | CRITICAL
🟡 [MKCE_LID_08] Playground Perimeter Rd |  59.1% | WARNING
🟢 [MKCE_LID_09] Canteen Road           |     0% | NORMAL
🟡 [MKCE_LID_10] Back Gate Road         |  45.0% | WARNING

⏱ 11:07:57 ────────────────────────────────────────
🟢 [MKCE_LID_01] Main Gate Road         |     0% | NORMAL
🟢 [MKCE_LID_02] Academic Block Road    |     0% | NORMAL
🟢 [MKCE_LID_03] Central Avenue         |     0% | NORMAL
🟢 [MKCE_LID_04] Library Road           |     0% | NORMAL
🔴 [MKCE_LID_05] Workshop Road          |  87.0% | CRITICAL
🔴 [MKCE_LID_06] Hostel Block Road      |   100% | CRITICAL
🔴 [MKCE_LID_07] Hostel Ring Road       |  71.2% | CRITICAL
🟡 [MKCE_LID_08] Playground Perimeter Rd |  63.7% | WARNING
🟢 [MKCE_LID_09] Canteen Road           |     0% | NORMAL
🟡 [MKCE_LID_10] Back Gate Road         |  44.5% | WARNING

⏱ 11:08:00 ────────────────────────────────────────
🟢 [MKCE_LID_01] Main Gate Road         |     0% | NORMAL
🟢 [MKCE_LID_02] Academic Block Road    |     0% | NORMAL
🟢 [MKCE_LID_03] Central Avenue         |     0% | NORMAL
🟢 [MKCE_LID_04] Library Road           |     0% | NORMAL
🔴 [MKCE_LID_05] Workshop Road          |  88.2% | CRITICAL
🔴 [MKCE_LID_06] Hostel Block Road      |   100% | CRITICAL
🔴 [MKCE_LID_07] Hostel Ring Road       |  70.7% | CRITICAL
🟡 [MKCE_LID_08] Playground Perimeter Rd |  68.2% | WARNING
🟢 [MKCE_LID_09] Canteen Road           |     0% | NORMAL
🟡 [MKCE_LID_10] Back Gate Road         |  43.1% | WARNING

⏱ 11:08:03 ────────────────────────────────────────
🟢 [MKCE_LID_01] Main Gate Road         |     0% | NORMAL
🟢 [MKCE_LID_02] Academic Block Road    |     0% | NORMAL
🟢 [MKCE_LID_03] Central Avenue         |    30% | NORMAL
🟢 [MKCE_LID_04] Library Road           |     0% | NORMAL
🔴 [MKCE_LID_05] Workshop Road          |  89.7% | CRITICAL
🔴 [MKCE_LID_06] Hostel Block Road      |   100% | CRITICAL
🟡 [MKCE_LID_07] Hostel Ring Road       |  69.8% | WARNING
🔴 [MKCE_LID_08] Playground Perimeter Rd |  72.4% | CRITICAL
🟢 [MKCE_LID_09] Canteen Road           |     0% | NORMAL
🟡 [MKCE_LID_10] Back Gate Road         |  42.7% | WARNING

⏱ 11:08:06 ────────────────────────────────────────
🟢 [MKCE_LID_01] Main Gate Road         |     0% | NORMAL
🟢 [MKCE_LID_02] Academic Block Road    |     0% | NORMAL
🟢 [MKCE_LID_03] Central Avenue         |  27.0% | NORMAL
🟢 [MKCE_LID_04] Library Road           |     0% | NORMAL
🔴 [MKCE_LID_05] Workshop Road          |  91.1% | CRITICAL
🔴 [MKCE_LID_06] Hostel Block Road      |   100% | CRITICAL
🟡 [MKCE_LID_07] Hostel Ring Road       |  68.8% | WARNING
🔴 [MKCE_LID_08] Playground Perimeter Rd |  75.6% | CRITICAL
🟢 [MKCE_LID_09] Canteen Road           |     0% | NORMAL
🟡 [MKCE_LID_10] Back Gate Road         |  41.4% | WARNING

⏱ 11:08:09 ────────────────────────────────────────
🟢 [MKCE_LID_01] Main Gate Road         |     0% | NORMAL
🟢 [MKCE_LID_02] Academic Block Road    |   0.2% | NORMAL
🟢 [MKCE_LID_03] Central Avenue         |  23.7% | NORMAL
🟢 [MKCE_LID_04] Library Road           |     0% | NORMAL
🔴 [MKCE_LID_05] Workshop Road          |  92.5% | CRITICAL
🔴 [MKCE_LID_06] Hostel Block Road      |   100% | CRITICAL
🟢 [MKCE_LID_07] Hostel Ring Road       |  37.8% | NORMAL
🔴 [MKCE_LID_08] Playground Perimeter Rd |  77.9% | CRITICAL
🟢 [MKCE_LID_09] Canteen Road           |     0% | NORMAL
🟡 [MKCE_LID_10] Back Gate Road         |  41.0% | WARNING

⏱ 11:08:12 ────────────────────────────────────────
🟢 [MKCE_LID_01] Main Gate Road         |     0% | NORMAL
🟢 [MKCE_LID_02] Academic Block Road    |   0.9% | NORMAL
🟢 [MKCE_LID_03] Central Avenue         |  20.4% | NORMAL
🟢 [MKCE_LID_04] Library Road           |     0% | NORMAL
🔴 [MKCE_LID_05] Workshop Road          |  93.2% | CRITICAL
🔴 [MKCE_LID_06] Hostel Block Road      |   100% | CRITICAL
🟢 [MKCE_LID_07] Hostel Ring Road       |  36.3% | NORMAL
🔴 [MKCE_LID_08] Playground Perimeter Rd |  80.7% | CRITICAL
🟢 [MKCE_LID_09] Canteen Road           |     0% | NORMAL
🟡 [MKCE_LID_10] Back Gate Road         |  40.8% | WARNING

⏱ 11:08:15 ────────────────────────────────────────
🟢 [MKCE_LID_01] Main Gate Road         |     0% | NORMAL
🟢 [MKCE_LID_02] Academic Block Road    |   1.3% | NORMAL
🟢 [MKCE_LID_03] Central Avenue         |  16.7% | NORMAL
🟢 [MKCE_LID_04] Library Road           |     0% | NORMAL
🔴 [MKCE_LID_05] Workshop Road          |  93.4% | CRITICAL
🔴 [MKCE_LID_06] Hostel Block Road      |   100% | CRITICAL
🟢 [MKCE_LID_07] Hostel Ring Road       |  34.2% | NORMAL
🔴 [MKCE_LID_08] Playground Perimeter Rd |  82.9% | CRITICAL
🟢 [MKCE_LID_09] Canteen Road           |     0% | NORMAL
🟡 [MKCE_LID_10] Back Gate Road         |  40.9% | WARNING

⏱ 11:08:18 ────────────────────────────────────────
🟢 [MKCE_LID_01] Main Gate Road         |     0% | NORMAL
🟢 [MKCE_LID_02] Academic Block Road    |   1.7% | NORMAL
🟢 [MKCE_LID_03] Central Avenue         |  12.3% | NORMAL
🟢 [MKCE_LID_04] Library Road           |     0% | NORMAL
🔴 [MKCE_LID_05] Workshop Road          |  92.8% | CRITICAL
🔴 [MKCE_LID_06] Hostel Block Road      |   100% | CRITICAL
🟢 [MKCE_LID_07] Hostel Ring Road       |  32.2% | NORMAL
🔴 [MKCE_LID_08] Playground Perimeter Rd |  84.4% | CRITICAL
🟢 [MKCE_LID_09] Canteen Road           |     0% | NORMAL
🟡 [MKCE_LID_10] Back Gate Road         |  41.3% | WARNING

⏱ 11:08:21 ────────────────────────────────────────
🟢 [MKCE_LID_01] Main Gate Road         |     0% | NORMAL
🟢 [MKCE_LID_02] Academic Block Road    |     0% | NORMAL
🟢 [MKCE_LID_03] Central Avenue         |   7.3% | NORMAL
🟢 [MKCE_LID_04] Library Road           |     0% | NORMAL
🔴 [MKCE_LID_05] Workshop Road          |  91.6% | CRITICAL
🔴 [MKCE_LID_06] Hostel Block Road      |   100% | CRITICAL
🟢 [MKCE_LID_07] Hostel Ring Road       |  31.1% | NORMAL
🔴 [MKCE_LID_08] Playground Perimeter Rd |  86.7% | CRITICAL
🟢 [MKCE_LID_09] Canteen Road           |     0% | NORMAL
🟡 [MKCE_LID_10] Back Gate Road         |  40.8% | WARNING

⏱ 11:08:24 ────────────────────────────────────────
🟢 [MKCE_LID_01] Main Gate Road         |     0% | NORMAL
🟢 [MKCE_LID_02] Academic Block Road    |   0.4% | NORMAL
🟢 [MKCE_LID_03] Central Avenue         |   2.3% | NORMAL
🟢 [MKCE_LID_04] Library Road           |     0% | NORMAL
🔴 [MKCE_LID_05] Workshop Road          |  90.2% | CRITICAL
🔴 [MKCE_LID_06] Hostel Block Road      |   100% | CRITICAL
🟢 [MKCE_LID_07] Hostel Ring Road       |  30.0% | NORMAL
🔴 [MKCE_LID_08] Playground Perimeter Rd |   100% | CRITICAL
🟢 [MKCE_LID_09] Canteen Road           |     0% | NORMAL
🟡 [MKCE_LID_10] Back Gate Road         |  40.0% | WARNING

⏱ 11:08:27 ────────────────────────────────────────
🟢 [MKCE_LID_01] Main Gate Road         |     0% | NORMAL
🟢 [MKCE_LID_02] Academic Block Road    |   1.2% | NORMAL
🟢 [MKCE_LID_03] Central Avenue         |     0% | NORMAL
🟢 [MKCE_LID_04] Library Road           |     0% | NORMAL
🔴 [MKCE_LID_05] Workshop Road          |  89.1% | CRITICAL
🔴 [MKCE_LID_06] Hostel Block Road      |   100% | CRITICAL
🟢 [MKCE_LID_07] Hostel Ring Road       |  28.0% | NORMAL
🔴 [MKCE_LID_08] Playground Perimeter Rd |   100% | CRITICAL
🟢 [MKCE_LID_09] Canteen Road           |     0% | NORMAL
🟢 [MKCE_LID_10] Back Gate Road         |  38.7% | NORMAL

⏱ 11:08:30 ────────────────────────────────────────
🟢 [MKCE_LID_01] Main Gate Road         |     0% | NORMAL
🟢 [MKCE_LID_02] Academic Block Road    |   2.4% | NORMAL
🟢 [MKCE_LID_03] Central Avenue         |     0% | NORMAL
🟢 [MKCE_LID_04] Library Road           |     0% | NORMAL
🔴 [MKCE_LID_05] Workshop Road          |  87.3% | CRITICAL
🔴 [MKCE_LID_06] Hostel Block Road      |   100% | CRITICAL
🟢 [MKCE_LID_07] Hostel Ring Road       |  25.9% | NORMAL
🔴 [MKCE_LID_08] Playground Perimeter Rd |   100% | CRITICAL
🟢 [MKCE_LID_09] Canteen Road           |     0% | NORMAL
🟢 [MKCE_LID_10] Back Gate Road         |  37.0% | NORMAL

⏱ 11:08:33 ────────────────────────────────────────
🟢 [MKCE_LID_01] Main Gate Road         |     0% | NORMAL
🟢 [MKCE_LID_02] Academic Block Road    |   4.3% | NORMAL
🟢 [MKCE_LID_03] Central Avenue         |     0% | NORMAL
🟢 [MKCE_LID_04] Library Road           |     0% | NORMAL
🔴 [MKCE_LID_05] Workshop Road          |  84.9% | CRITICAL
🔴 [MKCE_LID_06] Hostel Block Road      |   100% | CRITICAL
🟢 [MKCE_LID_07] Hostel Ring Road       |  22.8% | NORMAL
🔴 [MKCE_LID_08] Playground Perimeter Rd |   100% | CRITICAL
🟢 [MKCE_LID_09] Canteen Road           |     0% | NORMAL
🟢 [MKCE_LID_10] Back Gate Road         |  35.5% | NORMAL

⏱ 11:08:36 ────────────────────────────────────────
🟢 [MKCE_LID_01] Main Gate Road         |     0% | NORMAL
🟢 [MKCE_LID_02] Academic Block Road    |   6.4% | NORMAL
🟢 [MKCE_LID_03] Central Avenue         |     0% | NORMAL
🟢 [MKCE_LID_04] Library Road           |     0% | NORMAL
🟡 [MKCE_LID_05] Workshop Road          |  52.9% | WARNING
🔴 [MKCE_LID_06] Hostel Block Road      |   100% | CRITICAL
🟢 [MKCE_LID_07] Hostel Ring Road       |  19.6% | NORMAL
🔴 [MKCE_LID_08] Playground Perimeter Rd |   100% | CRITICAL
🟢 [MKCE_LID_09] Canteen Road           |     0% | NORMAL
🟢 [MKCE_LID_10] Back Gate Road         |  33.1% | NORMAL

⏱ 11:08:40 ────────────────────────────────────────
🟢 [MKCE_LID_01] Main Gate Road         |     0% | NORMAL
🟢 [MKCE_LID_02] Academic Block Road    |   8.2% | NORMAL
🟢 [MKCE_LID_03] Central Avenue         |     0% | NORMAL
🟢 [MKCE_LID_04] Library Road           |     0% | NORMAL
🟡 [MKCE_LID_05] Workshop Road          |  51.6% | WARNING
🔴 [MKCE_LID_06] Hostel Block Road      |   100% | CRITICAL
🟢 [MKCE_LID_07] Hostel Ring Road       |  16.2% | NORMAL
🔴 [MKCE_LID_08] Playground Perimeter Rd |   100% | CRITICAL
🟢 [MKCE_LID_09] Canteen Road           |     0% | NORMAL
🟢 [MKCE_LID_10] Back Gate Road         |  30.6% | NORMAL

⏱ 11:08:43 ────────────────────────────────────────
🟢 [MKCE_LID_01] Main Gate Road         |     0% | NORMAL
🟢 [MKCE_LID_02] Academic Block Road    |  10.0% | NORMAL
🟢 [MKCE_LID_03] Central Avenue         |     0% | NORMAL
🟢 [MKCE_LID_04] Library Road           |     0% | NORMAL
🟡 [MKCE_LID_05] Workshop Road          |  51.3% | WARNING
🔴 [MKCE_LID_06] Hostel Block Road      |   100% | CRITICAL
🟢 [MKCE_LID_07] Hostel Ring Road       |  12.2% | NORMAL
🔴 [MKCE_LID_08] Playground Perimeter Rd |   100% | CRITICAL
🟢 [MKCE_LID_09] Canteen Road           |     0% | NORMAL
🟢 [MKCE_LID_10] Back Gate Road         |  28.2% | NORMAL

⏱ 11:08:46 ────────────────────────────────────────
🟢 [MKCE_LID_01] Main Gate Road         |     0% | NORMAL
🟢 [MKCE_LID_02] Academic Block Road    |  11.0% | NORMAL
🟢 [MKCE_LID_03] Central Avenue         |     0% | NORMAL
🟢 [MKCE_LID_04] Library Road           |     0% | NORMAL
🟡 [MKCE_LID_05] Workshop Road          |  50.8% | WARNING
🔴 [MKCE_LID_06] Hostel Block Road      |   100% | CRITICAL
🟢 [MKCE_LID_07] Hostel Ring Road       |   8.7% | NORMAL
🔴 [MKCE_LID_08] Playground Perimeter Rd |   100% | CRITICAL
🟢 [MKCE_LID_09] Canteen Road           |     0% | NORMAL
🟢 [MKCE_LID_10] Back Gate Road         |  26.3% | NORMAL

⏱ 11:08:49 ────────────────────────────────────────
🟢 [MKCE_LID_01] Main Gate Road         |     0% | NORMAL
🟢 [MKCE_LID_02] Academic Block Road    |  12.0% | NORMAL
🟢 [MKCE_LID_03] Central Avenue         |     0% | NORMAL
🟢 [MKCE_LID_04] Library Road           |    30% | NORMAL
🟡 [MKCE_LID_05] Workshop Road          |  49.6% | WARNING
🔴 [MKCE_LID_06] Hostel Block Road      |   100% | CRITICAL
🟢 [MKCE_LID_07] Hostel Ring Road       |   5.1% | NORMAL
🔴 [MKCE_LID_08] Playground Perimeter Rd |   100% | CRITICAL
🟢 [MKCE_LID_09] Canteen Road           |     0% | NORMAL
🟢 [MKCE_LID_10] Back Gate Road         |  24.0% | NORMAL

⏱ 11:08:52 ────────────────────────────────────────
🟢 [MKCE_LID_01] Main Gate Road         |     0% | NORMAL
🟢 [MKCE_LID_02] Academic Block Road    |  13.3% | NORMAL
🟢 [MKCE_LID_03] Central Avenue         |     0% | NORMAL
🟢 [MKCE_LID_04] Library Road           |  26.1% | NORMAL
🟡 [MKCE_LID_05] Workshop Road          |  48.9% | WARNING
🔴 [MKCE_LID_06] Hostel Block Road      |   100% | CRITICAL
🟢 [MKCE_LID_07] Hostel Ring Road       |   1.7% | NORMAL
🔴 [MKCE_LID_08] Playground Perimeter Rd |   100% | CRITICAL
🟢 [MKCE_LID_09] Canteen Road           |     0% | NORMAL
🟢 [MKCE_LID_10] Back Gate Road         |  21.0% | NORMAL

⏱ 11:08:55 ────────────────────────────────────────
🟢 [MKCE_LID_01] Main Gate Road         |     0% | NORMAL
🟢 [MKCE_LID_02] Academic Block Road    |  14.0% | NORMAL
🟢 [MKCE_LID_03] Central Avenue         |     0% | NORMAL
🟢 [MKCE_LID_04] Library Road           |  22.3% | NORMAL
🟡 [MKCE_LID_05] Workshop Road          |  49.1% | WARNING
🔴 [MKCE_LID_06] Hostel Block Road      |   100% | CRITICAL
🟢 [MKCE_LID_07] Hostel Ring Road       |     0% | NORMAL
🔴 [MKCE_LID_08] Playground Perimeter Rd |   100% | CRITICAL
🟢 [MKCE_LID_09] Canteen Road           |     0% | NORMAL
🟢 [MKCE_LID_10] Back Gate Road         |  18.7% | NORMAL

⏱ 11:08:58 ────────────────────────────────────────
🟢 [MKCE_LID_01] Main Gate Road         |     0% | NORMAL
🟢 [MKCE_LID_02] Academic Block Road    |  14.1% | NORMAL
🟢 [MKCE_LID_03] Central Avenue         |     0% | NORMAL
🟢 [MKCE_LID_04] Library Road           |  18.0% | NORMAL
🟡 [MKCE_LID_05] Workshop Road          |  48.4% | WARNING
🔴 [MKCE_LID_06] Hostel Block Road      |   100% | CRITICAL
🟢 [MKCE_LID_07] Hostel Ring Road       |     0% | NORMAL
🔴 [MKCE_LID_08] Playground Perimeter Rd |   100% | CRITICAL
🟢 [MKCE_LID_09] Canteen Road           |     0% | NORMAL
🟢 [MKCE_LID_10] Back Gate Road         |  16.3% | NORMAL

⏱ 11:09:01 ────────────────────────────────────────
🟢 [MKCE_LID_01] Main Gate Road         |     0% | NORMAL
🟢 [MKCE_LID_02] Academic Block Road    |  13.8% | NORMAL
🟢 [MKCE_LID_03] Central Avenue         |     0% | NORMAL
🟢 [MKCE_LID_04] Library Road           |  13.1% | NORMAL
🟡 [MKCE_LID_05] Workshop Road          |  47.3% | WARNING
🔴 [MKCE_LID_06] Hostel Block Road      |   100% | CRITICAL
🟢 [MKCE_LID_07] Hostel Ring Road       |     0% | NORMAL
🔴 [MKCE_LID_08] Playground Perimeter Rd |   100% | CRITICAL
🟢 [MKCE_LID_09] Canteen Road           |   0.7% | NORMAL
🟢 [MKCE_LID_10] Back Gate Road         |  14.3% | NORMAL

⏱ 11:09:04 ────────────────────────────────────────
🟢 [MKCE_LID_01] Main Gate Road         |     0% | NORMAL
🟢 [MKCE_LID_02] Academic Block Road    |  12.6% | NORMAL
🟢 [MKCE_LID_03] Central Avenue         |     0% | NORMAL
🟢 [MKCE_LID_04] Library Road           |   8.5% | NORMAL
🟡 [MKCE_LID_05] Workshop Road          |  47.1% | WARNING
🔴 [MKCE_LID_06] Hostel Block Road      |   100% | CRITICAL
🟢 [MKCE_LID_07] Hostel Ring Road       |     0% | NORMAL
🔴 [MKCE_LID_08] Playground Perimeter Rd |   100% | CRITICAL
🟢 [MKCE_LID_09] Canteen Road           |   1.7% | NORMAL
🟢 [MKCE_LID_10] Back Gate Road         |  12.6% | NORMAL

⏱ 11:09:07 ────────────────────────────────────────
🟢 [MKCE_LID_01] Main Gate Road         |     0% | NORMAL
🟢 [MKCE_LID_02] Academic Block Road    |  10.6% | NORMAL
🟢 [MKCE_LID_03] Central Avenue         |     0% | NORMAL
🟢 [MKCE_LID_04] Library Road           |   3.9% | NORMAL
🟡 [MKCE_LID_05] Workshop Road          |  47.8% | WARNING
🔴 [MKCE_LID_06] Hostel Block Road      |   100% | CRITICAL
🟢 [MKCE_LID_07] Hostel Ring Road       |     0% | NORMAL
🔴 [MKCE_LID_08] Playground Perimeter Rd |   100% | CRITICAL
🟢 [MKCE_LID_09] Canteen Road           |   2.4% | NORMAL
🟢 [MKCE_LID_10] Back Gate Road         |  11.1% | NORMAL

⏱ 11:09:10 ────────────────────────────────────────
🟢 [MKCE_LID_01] Main Gate Road         |     0% | NORMAL
🟢 [MKCE_LID_02] Academic Block Road    |   7.9% | NORMAL
🟢 [MKCE_LID_03] Central Avenue         |     0% | NORMAL
🟢 [MKCE_LID_04] Library Road           |     0% | NORMAL
🟡 [MKCE_LID_05] Workshop Road          |  48.5% | WARNING
🔴 [MKCE_LID_06] Hostel Block Road      |   100% | CRITICAL
🟢 [MKCE_LID_07] Hostel Ring Road       |     0% | NORMAL
🔴 [MKCE_LID_08] Playground Perimeter Rd |   100% | CRITICAL
🟢 [MKCE_LID_09] Canteen Road           |   3.3% | NORMAL
🟢 [MKCE_LID_10] Back Gate Road         |   9.9% | NORMAL

⏱ 11:09:13 ────────────────────────────────────────
🟢 [MKCE_LID_01] Main Gate Road         |     0% | NORMAL
🟢 [MKCE_LID_02] Academic Block Road    |   5.0% | NORMAL
🟢 [MKCE_LID_03] Central Avenue         |     0% | NORMAL
🟢 [MKCE_LID_04] Library Road           |     0% | NORMAL
🟡 [MKCE_LID_05] Workshop Road          |  49.9% | WARNING
🔴 [MKCE_LID_06] Hostel Block Road      |   100% | CRITICAL
🟢 [MKCE_LID_07] Hostel Ring Road       |     0% | NORMAL
🔴 [MKCE_LID_08] Playground Perimeter Rd |   100% | CRITICAL
🟢 [MKCE_LID_09] Canteen Road           |   3.6% | NORMAL
🟢 [MKCE_LID_10] Back Gate Road         |   8.4% | NORMAL

⏱ 11:09:16 ────────────────────────────────────────
🟢 [MKCE_LID_01] Main Gate Road         |     0% | NORMAL
🟢 [MKCE_LID_02] Academic Block Road    |   1.3% | NORMAL
🟢 [MKCE_LID_03] Central Avenue         |     0% | NORMAL
🟢 [MKCE_LID_04] Library Road           |     0% | NORMAL
🟡 [MKCE_LID_05] Workshop Road          |  50.8% | WARNING
🔴 [MKCE_LID_06] Hostel Block Road      |   100% | CRITICAL
🟢 [MKCE_LID_07] Hostel Ring Road       |     0% | NORMAL
🔴 [MKCE_LID_08] Playground Perimeter Rd |   100% | CRITICAL
🟢 [MKCE_LID_09] Canteen Road           |   4.5% | NORMAL
🟢 [MKCE_LID_10] Back Gate Road         |   5.8% | NORMAL

⏱ 11:09:19 ────────────────────────────────────────
🟢 [MKCE_LID_01] Main Gate Road         |     0% | NORMAL
🟢 [MKCE_LID_02] Academic Block Road    |     0% | NORMAL
🟢 [MKCE_LID_03] Central Avenue         |     0% | NORMAL
🟢 [MKCE_LID_04] Library Road           |     0% | NORMAL
🟡 [MKCE_LID_05] Workshop Road          |  51.9% | WARNING
🔴 [MKCE_LID_06] Hostel Block Road      |   100% | CRITICAL
🟢 [MKCE_LID_07] Hostel Ring Road       |   0.6% | NORMAL
🔴 [MKCE_LID_08] Playground Perimeter Rd |   100% | CRITICAL
🟢 [MKCE_LID_09] Canteen Road           |   4.5% | NORMAL
🟢 [MKCE_LID_10] Back Gate Road         |   2.8% | NORMAL

⏱ 11:09:22 ────────────────────────────────────────
🟢 [MKCE_LID_01] Main Gate Road         |     0% | NORMAL
🟢 [MKCE_LID_02] Academic Block Road    |     0% | NORMAL
🟢 [MKCE_LID_03] Central Avenue         |     0% | NORMAL
🟢 [MKCE_LID_04] Library Road           |     0% | NORMAL
🟡 [MKCE_LID_05] Workshop Road          |  52.7% | WARNING
🔴 [MKCE_LID_06] Hostel Block Road      |   100% | CRITICAL
🟢 [MKCE_LID_07] Hostel Ring Road       |     0% | NORMAL
🔴 [MKCE_LID_08] Playground Perimeter Rd |   100% | CRITICAL
🟢 [MKCE_LID_09] Canteen Road           |   4.5% | NORMAL
🟢 [MKCE_LID_10] Back Gate Road         |     0% | NORMAL

⏱ 11:09:25 ────────────────────────────────────────
🟢 [MKCE_LID_01] Main Gate Road         |     0% | NORMAL
🟢 [MKCE_LID_02] Academic Block Road    |     0% | NORMAL
🟢 [MKCE_LID_03] Central Avenue         |     0% | NORMAL
🟢 [MKCE_LID_04] Library Road           |     0% | NORMAL
🟡 [MKCE_LID_05] Workshop Road          |  52.7% | WARNING
🔴 [MKCE_LID_06] Hostel Block Road      |   100% | CRITICAL
🟢 [MKCE_LID_07] Hostel Ring Road       |   0.9% | NORMAL
🔴 [MKCE_LID_08] Playground Perimeter Rd |   100% | CRITICAL
🟢 [MKCE_LID_09] Canteen Road           |   3.9% | NORMAL
🟢 [MKCE_LID_10] Back Gate Road         |     0% | NORMAL

⏱ 11:09:28 ────────────────────────────────────────
🟢 [MKCE_LID_01] Main Gate Road         |     0% | NORMAL
🟢 [MKCE_LID_02] Academic Block Road    |     0% | NORMAL
🟢 [MKCE_LID_03] Central Avenue         |     0% | NORMAL
🟢 [MKCE_LID_04] Library Road           |     0% | NORMAL
🟡 [MKCE_LID_05] Workshop Road          |  53.6% | WARNING
🔴 [MKCE_LID_06] Hostel Block Road      |   100% | CRITICAL
🟢 [MKCE_LID_07] Hostel Ring Road       |   1.9% | NORMAL
🔴 [MKCE_LID_08] Playground Perimeter Rd |   100% | CRITICAL
🟢 [MKCE_LID_09] Canteen Road           |   2.6% | NORMAL
🟢 [MKCE_LID_10] Back Gate Road         |     0% | NORMAL

⏱ 11:09:31 ────────────────────────────────────────
🟢 [MKCE_LID_01] Main Gate Road         |     0% | NORMAL
🟢 [MKCE_LID_02] Academic Block Road    |     0% | NORMAL
🟢 [MKCE_LID_03] Central Avenue         |     0% | NORMAL
🟢 [MKCE_LID_04] Library Road           |     0% | NORMAL
🟡 [MKCE_LID_05] Workshop Road          |  53.8% | WARNING
🔴 [MKCE_LID_06] Hostel Block Road      |   100% | CRITICAL
🟢 [MKCE_LID_07] Hostel Ring Road       |   2.6% | NORMAL
🔴 [MKCE_LID_08] Playground Perimeter Rd |   100% | CRITICAL
🟢 [MKCE_LID_09] Canteen Road           |   0.9% | NORMAL
🟢 [MKCE_LID_10] Back Gate Road         |     0% | NORMAL

⏱ 11:09:34 ────────────────────────────────────────
🟢 [MKCE_LID_01] Main Gate Road         |     0% | NORMAL
🟢 [MKCE_LID_02] Academic Block Road    |     0% | NORMAL
🟢 [MKCE_LID_03] Central Avenue         |     0% | NORMAL
🟢 [MKCE_LID_04] Library Road           |     0% | NORMAL
🟡 [MKCE_LID_05] Workshop Road          |  54.9% | WARNING
🔴 [MKCE_LID_06] Hostel Block Road      |   100% | CRITICAL
🟢 [MKCE_LID_07] Hostel Ring Road       |   2.7% | NORMAL
🔴 [MKCE_LID_08] Playground Perimeter Rd |   100% | CRITICAL
🟢 [MKCE_LID_09] Canteen Road           |     0% | NORMAL
🟢 [MKCE_LID_10] Back Gate Road         |     0% | NORMAL

⏱ 11:09:37 ────────────────────────────────────────
🟢 [MKCE_LID_01] Main Gate Road         |     0% | NORMAL
🟢 [MKCE_LID_02] Academic Block Road    |     0% | NORMAL
🟢 [MKCE_LID_03] Central Avenue         |     0% | NORMAL
🟢 [MKCE_LID_04] Library Road           |     0% | NORMAL
🟡 [MKCE_LID_05] Workshop Road          |  55.9% | WARNING
🔴 [MKCE_LID_06] Hostel Block Road      |  99.4% | CRITICAL
🟢 [MKCE_LID_07] Hostel Ring Road       |   2.5% | NORMAL
🔴 [MKCE_LID_08] Playground Perimeter Rd |   100% | CRITICAL
🟢 [MKCE_LID_09] Canteen Road           |     0% | NORMAL
🟢 [MKCE_LID_10] Back Gate Road         |     0% | NORMAL

⏱ 11:09:40 ────────────────────────────────────────
🟢 [MKCE_LID_01] Main Gate Road         |     0% | NORMAL
🟢 [MKCE_LID_02] Academic Block Road    |    30% | NORMAL
🟢 [MKCE_LID_03] Central Avenue         |     0% | NORMAL
🟢 [MKCE_LID_04] Library Road           |     0% | NORMAL
🟡 [MKCE_LID_05] Workshop Road          |  57.1% | WARNING
🔴 [MKCE_LID_06] Hostel Block Road      |  99.4% | CRITICAL
🟢 [MKCE_LID_07] Hostel Ring Road       |   1.9% | NORMAL
🔴 [MKCE_LID_08] Playground Perimeter Rd |   100% | CRITICAL
🟢 [MKCE_LID_09] Canteen Road           |     0% | NORMAL
🟢 [MKCE_LID_10] Back Gate Road         |     0% | NORMAL

⏱ 11:09:44 ────────────────────────────────────────
🟢 [MKCE_LID_01] Main Gate Road         |     0% | NORMAL
🟢 [MKCE_LID_02] Academic Block Road    |  25.6% | NORMAL
🟢 [MKCE_LID_03] Central Avenue         |     0% | NORMAL
🟢 [MKCE_LID_04] Library Road           |     0% | NORMAL
🟡 [MKCE_LID_05] Workshop Road          |  58.9% | WARNING
🔴 [MKCE_LID_06] Hostel Block Road      |   100% | CRITICAL
🟢 [MKCE_LID_07] Hostel Ring Road       |   2.2% | NORMAL
🔴 [MKCE_LID_08] Playground Perimeter Rd |   100% | CRITICAL
🟢 [MKCE_LID_09] Canteen Road           |     0% | NORMAL
🟢 [MKCE_LID_10] Back Gate Road         |     0% | NORMAL

⏱ 11:09:47 ────────────────────────────────────────
🟢 [MKCE_LID_01] Main Gate Road         |     0% | NORMAL
🟢 [MKCE_LID_02] Academic Block Road    |  21.1% | NORMAL
🟢 [MKCE_LID_03] Central Avenue         |     0% | NORMAL
🟢 [MKCE_LID_04] Library Road           |     0% | NORMAL
🟡 [MKCE_LID_05] Workshop Road          |  59.9% | WARNING
🔴 [MKCE_LID_06] Hostel Block Road      |   100% | CRITICAL
🟢 [MKCE_LID_07] Hostel Ring Road       |   3.4% | NORMAL
🔴 [MKCE_LID_08] Playground Perimeter Rd |   100% | CRITICAL
🟢 [MKCE_LID_09] Canteen Road           |     0% | NORMAL
🟢 [MKCE_LID_10] Back Gate Road         |     0% | NORMAL

⏱ 11:09:50 ────────────────────────────────────────
🟢 [MKCE_LID_01] Main Gate Road         |     0% | NORMAL
🟢 [MKCE_LID_02] Academic Block Road    |  16.5% | NORMAL
🟢 [MKCE_LID_03] Central Avenue         |     0% | NORMAL
🟢 [MKCE_LID_04] Library Road           |     0% | NORMAL
🟡 [MKCE_LID_05] Workshop Road          |  60.1% | WARNING
🔴 [MKCE_LID_06] Hostel Block Road      |   100% | CRITICAL
🟢 [MKCE_LID_07] Hostel Ring Road       |   5.4% | NORMAL
🔴 [MKCE_LID_08] Playground Perimeter Rd |   100% | CRITICAL
🟢 [MKCE_LID_09] Canteen Road           |     0% | NORMAL
🟢 [MKCE_LID_10] Back Gate Road         |     0% | NORMAL

⏱ 11:09:53 ────────────────────────────────────────
🟢 [MKCE_LID_01] Main Gate Road         |     0% | NORMAL
🟢 [MKCE_LID_02] Academic Block Road    |  12.4% | NORMAL
🟢 [MKCE_LID_03] Central Avenue         |     0% | NORMAL
🟢 [MKCE_LID_04] Library Road           |     0% | NORMAL
🟢 [MKCE_LID_05] Workshop Road          |  30.8% | NORMAL
🔴 [MKCE_LID_06] Hostel Block Road      |   100% | CRITICAL
🟢 [MKCE_LID_07] Hostel Ring Road       |   8.3% | NORMAL
🟡 [MKCE_LID_08] Playground Perimeter Rd |    70% | WARNING
🟢 [MKCE_LID_09] Canteen Road           |     0% | NORMAL
🟢 [MKCE_LID_10] Back Gate Road         |     0% | NORMAL

⏱ 11:09:56 ────────────────────────────────────────
🟢 [MKCE_LID_01] Main Gate Road         |     0% | NORMAL
🟢 [MKCE_LID_02] Academic Block Road    |   7.6% | NORMAL
🟢 [MKCE_LID_03] Central Avenue         |     0% | NORMAL
🟢 [MKCE_LID_04] Library Road           |     0% | NORMAL
🟢 [MKCE_LID_05] Workshop Road          |   1.4% | NORMAL
🔴 [MKCE_LID_06] Hostel Block Road      |  99.7% | CRITICAL
🟢 [MKCE_LID_07] Hostel Ring Road       |  10.2% | NORMAL
🔴 [MKCE_LID_08] Playground Perimeter Rd |  72.5% | CRITICAL
🟢 [MKCE_LID_09] Canteen Road           |     0% | NORMAL
🟢 [MKCE_LID_10] Back Gate Road         |     0% | NORMAL

⏱ 11:09:59 ────────────────────────────────────────
🟢 [MKCE_LID_01] Main Gate Road         |     0% | NORMAL
🟢 [MKCE_LID_02] Academic Block Road    |   2.9% | NORMAL
🟢 [MKCE_LID_03] Central Avenue         |     0% | NORMAL
🟢 [MKCE_LID_04] Library Road           |     0% | NORMAL
🟢 [MKCE_LID_05] Workshop Road          |   2.7% | NORMAL
🔴 [MKCE_LID_06] Hostel Block Road      |  99.8% | CRITICAL
🟢 [MKCE_LID_07] Hostel Ring Road       |  11.5% | NORMAL
🔴 [MKCE_LID_08] Playground Perimeter Rd |  75.2% | CRITICAL
🟢 [MKCE_LID_09] Canteen Road           |     0% | NORMAL
🟢 [MKCE_LID_10] Back Gate Road         |     0% | NORMAL

⏱ 11:10:02 ────────────────────────────────────────
🟢 [MKCE_LID_01] Main Gate Road         |     0% | NORMAL
🟢 [MKCE_LID_02] Academic Block Road    |     0% | NORMAL
🟢 [MKCE_LID_03] Central Avenue         |     0% | NORMAL
🟢 [MKCE_LID_04] Library Road           |     0% | NORMAL
🟢 [MKCE_LID_05] Workshop Road          |   3.7% | NORMAL
🟡 [MKCE_LID_06] Hostel Block Road      |    70% | WARNING
🟢 [MKCE_LID_07] Hostel Ring Road       |  12.4% | NORMAL
🔴 [MKCE_LID_08] Playground Perimeter Rd |  77.8% | CRITICAL
🟢 [MKCE_LID_09] Canteen Road           |     0% | NORMAL
🟢 [MKCE_LID_10] Back Gate Road         |     0% | NORMAL

⏱ 11:10:05 ────────────────────────────────────────
🟢 [MKCE_LID_01] Main Gate Road         |     0% | NORMAL
🟢 [MKCE_LID_02] Academic Block Road    |     0% | NORMAL
🟢 [MKCE_LID_03] Central Avenue         |     0% | NORMAL
🟢 [MKCE_LID_04] Library Road           |     0% | NORMAL
🟢 [MKCE_LID_05] Workshop Road          |   4.1% | NORMAL
🔴 [MKCE_LID_06] Hostel Block Road      |  71.3% | CRITICAL
🟢 [MKCE_LID_07] Hostel Ring Road       |  14.3% | NORMAL
🔴 [MKCE_LID_08] Playground Perimeter Rd |  80.1% | CRITICAL
🟢 [MKCE_LID_09] Canteen Road           |     0% | NORMAL
🟢 [MKCE_LID_10] Back Gate Road         |     0% | NORMAL

⏱ 11:10:08 ────────────────────────────────────────
🟢 [MKCE_LID_01] Main Gate Road         |     0% | NORMAL
🟢 [MKCE_LID_02] Academic Block Road    |     0% | NORMAL
🟢 [MKCE_LID_03] Central Avenue         |     0% | NORMAL
🟢 [MKCE_LID_04] Library Road           |     0% | NORMAL
🟢 [MKCE_LID_05] Workshop Road          |   4.5% | NORMAL
🔴 [MKCE_LID_06] Hostel Block Road      |  72.3% | CRITICAL
🟢 [MKCE_LID_07] Hostel Ring Road       |  17.2% | NORMAL
🔴 [MKCE_LID_08] Playground Perimeter Rd |  82.2% | CRITICAL
🟢 [MKCE_LID_09] Canteen Road           |     0% | NORMAL
🟢 [MKCE_LID_10] Back Gate Road         |     0% | NORMAL

⏱ 11:10:11 ────────────────────────────────────────
🟢 [MKCE_LID_01] Main Gate Road         |     0% | NORMAL
🟢 [MKCE_LID_02] Academic Block Road    |     0% | NORMAL
🟢 [MKCE_LID_03] Central Avenue         |     0% | NORMAL
🟢 [MKCE_LID_04] Library Road           |     0% | NORMAL
🟢 [MKCE_LID_05] Workshop Road          |   5.1% | NORMAL
🔴 [MKCE_LID_06] Hostel Block Road      |  73.6% | CRITICAL
🟢 [MKCE_LID_07] Hostel Ring Road       |  20.4% | NORMAL
🔴 [MKCE_LID_08] Playground Perimeter Rd |  84.8% | CRITICAL
🟢 [MKCE_LID_09] Canteen Road           |     0% | NORMAL
🟢 [MKCE_LID_10] Back Gate Road         |     0% | NORMAL

⏱ 11:10:14 ────────────────────────────────────────
🟢 [MKCE_LID_01] Main Gate Road         |     0% | NORMAL
🟢 [MKCE_LID_02] Academic Block Road    |     0% | NORMAL
🟢 [MKCE_LID_03] Central Avenue         |     0% | NORMAL
🟢 [MKCE_LID_04] Library Road           |     0% | NORMAL
🟢 [MKCE_LID_05] Workshop Road          |   5.9% | NORMAL
🔴 [MKCE_LID_06] Hostel Block Road      |  74.5% | CRITICAL
🟢 [MKCE_LID_07] Hostel Ring Road       |  23.1% | NORMAL
🔴 [MKCE_LID_08] Playground Perimeter Rd |  87.7% | CRITICAL
🟢 [MKCE_LID_09] Canteen Road           |     0% | NORMAL
🟢 [MKCE_LID_10] Back Gate Road         |     0% | NORMAL

⏱ 11:10:17 ────────────────────────────────────────
🟢 [MKCE_LID_01] Main Gate Road         |     0% | NORMAL
🟢 [MKCE_LID_02] Academic Block Road    |     0% | NORMAL
🟢 [MKCE_LID_03] Central Avenue         |     0% | NORMAL
🟢 [MKCE_LID_04] Library Road           |     0% | NORMAL
🟢 [MKCE_LID_05] Workshop Road          |   7.4% | NORMAL
🔴 [MKCE_LID_06] Hostel Block Road      |  76.3% | CRITICAL
🟢 [MKCE_LID_07] Hostel Ring Road       |  26.6% | NORMAL
🔴 [MKCE_LID_08] Playground Perimeter Rd |  89.7% | CRITICAL
🟢 [MKCE_LID_09] Canteen Road           |     0% | NORMAL
🟢 [MKCE_LID_10] Back Gate Road         |     0% | NORMAL

⏱ 11:10:20 ────────────────────────────────────────
🟢 [MKCE_LID_01] Main Gate Road         |   0.7% | NORMAL
🟢 [MKCE_LID_02] Academic Block Road    |     0% | NORMAL
🟢 [MKCE_LID_03] Central Avenue         |     0% | NORMAL
🟢 [MKCE_LID_04] Library Road           |     0% | NORMAL
🟢 [MKCE_LID_05] Workshop Road          |   8.7% | NORMAL
🔴 [MKCE_LID_06] Hostel Block Road      |  79.0% | CRITICAL
🟡 [MKCE_LID_07] Hostel Ring Road       |  59.5% | WARNING
🔴 [MKCE_LID_08] Playground Perimeter Rd |  91.2% | CRITICAL
🟢 [MKCE_LID_09] Canteen Road           |     0% | NORMAL
🟢 [MKCE_LID_10] Back Gate Road         |     0% | NORMAL

⏱ 11:10:23 ────────────────────────────────────────
🟢 [MKCE_LID_01] Main Gate Road         |   1.9% | NORMAL
🟢 [MKCE_LID_02] Academic Block Road    |     0% | NORMAL
🟢 [MKCE_LID_03] Central Avenue         |     0% | NORMAL
🟢 [MKCE_LID_04] Library Road           |     0% | NORMAL
🟢 [MKCE_LID_05] Workshop Road          |  11.0% | NORMAL
🟡 [MKCE_LID_06] Hostel Block Road      |  52.6% | WARNING
🟡 [MKCE_LID_07] Hostel Ring Road       |  62.6% | WARNING
🔴 [MKCE_LID_08] Playground Perimeter Rd |  93.5% | CRITICAL
🟢 [MKCE_LID_09] Canteen Road           |     0% | NORMAL
🟢 [MKCE_LID_10] Back Gate Road         |     0% | NORMAL

⏱ 11:10:26 ────────────────────────────────────────
🟢 [MKCE_LID_01] Main Gate Road         |   3.2% | NORMAL
🟢 [MKCE_LID_02] Academic Block Road    |     0% | NORMAL
🟢 [MKCE_LID_03] Central Avenue         |     0% | NORMAL
🟢 [MKCE_LID_04] Library Road           |     0% | NORMAL
🟢 [MKCE_LID_05] Workshop Road          |  14.0% | NORMAL
🟡 [MKCE_LID_06] Hostel Block Road      |  56.9% | WARNING
🟡 [MKCE_LID_07] Hostel Ring Road       |  66.6% | WARNING
🔴 [MKCE_LID_08] Playground Perimeter Rd |  94.9% | CRITICAL
🟢 [MKCE_LID_09] Canteen Road           |     0% | NORMAL
🟢 [MKCE_LID_10] Back Gate Road         |     0% | NORMAL

⏱ 11:10:29 ────────────────────────────────────────
🟢 [MKCE_LID_01] Main Gate Road         |   5.4% | NORMAL
🟢 [MKCE_LID_02] Academic Block Road    |     0% | NORMAL
🟢 [MKCE_LID_03] Central Avenue         |     0% | NORMAL
🟢 [MKCE_LID_04] Library Road           |     0% | NORMAL
🟢 [MKCE_LID_05] Workshop Road          |  17.2% | NORMAL
🟡 [MKCE_LID_06] Hostel Block Road      |  60.5% | WARNING
🔴 [MKCE_LID_07] Hostel Ring Road       |  70.7% | CRITICAL
🔴 [MKCE_LID_08] Playground Perimeter Rd |  96.2% | CRITICAL
🟢 [MKCE_LID_09] Canteen Road           |     0% | NORMAL
🟢 [MKCE_LID_10] Back Gate Road         |     0% | NORMAL

⏱ 11:10:32 ────────────────────────────────────────
🟢 [MKCE_LID_01] Main Gate Road         |   8.3% | NORMAL
🟢 [MKCE_LID_02] Academic Block Road    |     0% | NORMAL
🟢 [MKCE_LID_03] Central Avenue         |     0% | NORMAL
🟢 [MKCE_LID_04] Library Road           |     0% | NORMAL
🟢 [MKCE_LID_05] Workshop Road          |  20.4% | NORMAL
🟢 [MKCE_LID_06] Hostel Block Road      |  34.8% | NORMAL
🔴 [MKCE_LID_07] Hostel Ring Road       |  75.0% | CRITICAL
🔴 [MKCE_LID_08] Playground Perimeter Rd |  97.3% | CRITICAL
🟢 [MKCE_LID_09] Canteen Road           |     0% | NORMAL
🟢 [MKCE_LID_10] Back Gate Road         |     0% | NORMAL

⏱ 11:10:35 ────────────────────────────────────────
🟢 [MKCE_LID_01] Main Gate Road         |  10.8% | NORMAL
🟢 [MKCE_LID_02] Academic Block Road    |     0% | NORMAL
🟢 [MKCE_LID_03] Central Avenue         |     0% | NORMAL
🟢 [MKCE_LID_04] Library Road           |     0% | NORMAL
🟢 [MKCE_LID_05] Workshop Road          |  24.0% | NORMAL
🟢 [MKCE_LID_06] Hostel Block Road      |  39.1% | NORMAL
🔴 [MKCE_LID_07] Hostel Ring Road       |  78.8% | CRITICAL
🔴 [MKCE_LID_08] Playground Perimeter Rd |  98.8% | CRITICAL
🟢 [MKCE_LID_09] Canteen Road           |     0% | NORMAL
🟢 [MKCE_LID_10] Back Gate Road         |     0% | NORMAL

⏱ 11:10:38 ────────────────────────────────────────
🟢 [MKCE_LID_01] Main Gate Road         |  13.7% | NORMAL
🟢 [MKCE_LID_02] Academic Block Road    |     0% | NORMAL
🟢 [MKCE_LID_03] Central Avenue         |     0% | NORMAL
🟢 [MKCE_LID_04] Library Road           |     0% | NORMAL
🟢 [MKCE_LID_05] Workshop Road          |  26.8% | NORMAL
🟡 [MKCE_LID_06] Hostel Block Road      |  43.6% | WARNING
🔴 [MKCE_LID_07] Hostel Ring Road       |  81.8% | CRITICAL
🔴 [MKCE_LID_08] Playground Perimeter Rd |   100% | CRITICAL
🟢 [MKCE_LID_09] Canteen Road           |     0% | NORMAL
🟢 [MKCE_LID_10] Back Gate Road         |     0% | NORMAL

⏱ 11:10:41 ────────────────────────────────────────
🟢 [MKCE_LID_01] Main Gate Road         |  16.5% | NORMAL
🟢 [MKCE_LID_02] Academic Block Road    |     0% | NORMAL
🟢 [MKCE_LID_03] Central Avenue         |     0% | NORMAL
🟢 [MKCE_LID_04] Library Road           |     0% | NORMAL
🟢 [MKCE_LID_05] Workshop Road          |  29.0% | NORMAL
🟡 [MKCE_LID_06] Hostel Block Road      |  48.6% | WARNING
🔴 [MKCE_LID_07] Hostel Ring Road       |  84.9% | CRITICAL
🔴 [MKCE_LID_08] Playground Perimeter Rd |   100% | CRITICAL
🟢 [MKCE_LID_09] Canteen Road           |     0% | NORMAL
🟢 [MKCE_LID_10] Back Gate Road         |     0% | NORMAL

⏱ 11:10:44 ────────────────────────────────────────
🟢 [MKCE_LID_01] Main Gate Road         |  19.9% | NORMAL
🟢 [MKCE_LID_02] Academic Block Road    |     0% | NORMAL
🟢 [MKCE_LID_03] Central Avenue         |     0% | NORMAL
🟢 [MKCE_LID_04] Library Road           |     0% | NORMAL
🟢 [MKCE_LID_05] Workshop Road          |  31.5% | NORMAL
🟡 [MKCE_LID_06] Hostel Block Road      |  53.6% | WARNING
🔴 [MKCE_LID_07] Hostel Ring Road       |  88.3% | CRITICAL
🔴 [MKCE_LID_08] Playground Perimeter Rd |   100% | CRITICAL
🟢 [MKCE_LID_09] Canteen Road           |     0% | NORMAL
🟢 [MKCE_LID_10] Back Gate Road         |     0% | NORMAL

⏱ 11:10:47 ────────────────────────────────────────
🟢 [MKCE_LID_01] Main Gate Road         |  23.8% | NORMAL
🟢 [MKCE_LID_02] Academic Block Road    |     0% | NORMAL
🟢 [MKCE_LID_03] Central Avenue         |     0% | NORMAL
🟢 [MKCE_LID_04] Library Road           |     0% | NORMAL
🟢 [MKCE_LID_05] Workshop Road          |  34.9% | NORMAL
🟡 [MKCE_LID_06] Hostel Block Road      |  58.6% | WARNING
🔴 [MKCE_LID_07] Hostel Ring Road       |  91.5% | CRITICAL
🔴 [MKCE_LID_08] Playground Perimeter Rd |   100% | CRITICAL
🟢 [MKCE_LID_09] Canteen Road           |     0% | NORMAL
🟢 [MKCE_LID_10] Back Gate Road         |     0% | NORMAL

⏱ 11:10:51 ────────────────────────────────────────
🟢 [MKCE_LID_01] Main Gate Road         |  27.3% | NORMAL
🟢 [MKCE_LID_02] Academic Block Road    |     0% | NORMAL
🟢 [MKCE_LID_03] Central Avenue         |     0% | NORMAL
🟢 [MKCE_LID_04] Library Road           |     0% | NORMAL
🟢 [MKCE_LID_05] Workshop Road          |  38.1% | NORMAL
🟡 [MKCE_LID_06] Hostel Block Road      |  62.9% | WARNING
🔴 [MKCE_LID_07] Hostel Ring Road       |  95.2% | CRITICAL
🔴 [MKCE_LID_08] Playground Perimeter Rd |   100% | CRITICAL
🟢 [MKCE_LID_09] Canteen Road           |     0% | NORMAL
🟢 [MKCE_LID_10] Back Gate Road         |     0% | NORMAL

⏱ 11:10:54 ────────────────────────────────────────
🟢 [MKCE_LID_01] Main Gate Road         |  30.9% | NORMAL
🟢 [MKCE_LID_02] Academic Block Road    |     0% | NORMAL
🟢 [MKCE_LID_03] Central Avenue         |     0% | NORMAL
🟢 [MKCE_LID_04] Library Road           |     0% | NORMAL
🟡 [MKCE_LID_05] Workshop Road          |  40.7% | WARNING
🟡 [MKCE_LID_06] Hostel Block Road      |  67.0% | WARNING
🔴 [MKCE_LID_07] Hostel Ring Road       |  99.5% | CRITICAL
🔴 [MKCE_LID_08] Playground Perimeter Rd |   100% | CRITICAL
🟢 [MKCE_LID_09] Canteen Road           |     0% | NORMAL
🟢 [MKCE_LID_10] Back Gate Road         |     0% | NORMAL

⏱ 11:10:57 ────────────────────────────────────────
🟢 [MKCE_LID_01] Main Gate Road         |  33.8% | NORMAL
🟢 [MKCE_LID_02] Academic Block Road    |     0% | NORMAL
🟢 [MKCE_LID_03] Central Avenue         |     0% | NORMAL
🟢 [MKCE_LID_04] Library Road           |    30% | NORMAL
🟡 [MKCE_LID_05] Workshop Road          |  42.8% | WARNING
🔴 [MKCE_LID_06] Hostel Block Road      |  72.0% | CRITICAL
🔴 [MKCE_LID_07] Hostel Ring Road       |   100% | CRITICAL
🔴 [MKCE_LID_08] Playground Perimeter Rd |   100% | CRITICAL
🟢 [MKCE_LID_09] Canteen Road           |     0% | NORMAL
🟢 [MKCE_LID_10] Back Gate Road         |     0% | NORMAL

⏱ 11:11:00 ────────────────────────────────────────
🟡 [MKCE_LID_01] Main Gate Road         |  66.3% | WARNING
🟢 [MKCE_LID_02] Academic Block Road    |     0% | NORMAL
🟢 [MKCE_LID_03] Central Avenue         |    30% | NORMAL
🟢 [MKCE_LID_04] Library Road           |  25.5% | NORMAL
🟡 [MKCE_LID_05] Workshop Road          |  45.9% | WARNING
🔴 [MKCE_LID_06] Hostel Block Road      |  77.0% | CRITICAL
🔴 [MKCE_LID_07] Hostel Ring Road       |   100% | CRITICAL
🔴 [MKCE_LID_08] Playground Perimeter Rd |   100% | CRITICAL
🟢 [MKCE_LID_09] Canteen Road           |     0% | NORMAL
🟢 [MKCE_LID_10] Back Gate Road         |     0% | NORMAL

⏱ 11:11:03 ────────────────────────────────────────
🟡 [MKCE_LID_01] Main Gate Road         |  67.8% | WARNING
🟢 [MKCE_LID_02] Academic Block Road    |     0% | NORMAL
🟢 [MKCE_LID_03] Central Avenue         |  25.7% | NORMAL
🟢 [MKCE_LID_04] Library Road           |  20.5% | NORMAL
🟡 [MKCE_LID_05] Workshop Road          |  50.0% | WARNING
🔴 [MKCE_LID_06] Hostel Block Road      |  82.0% | CRITICAL
🔴 [MKCE_LID_07] Hostel Ring Road       |   100% | CRITICAL
🔴 [MKCE_LID_08] Playground Perimeter Rd |   100% | CRITICAL
🟢 [MKCE_LID_09] Canteen Road           |     0% | NORMAL
🟢 [MKCE_LID_10] Back Gate Road         |     0% | NORMAL

⏱ 11:11:06 ────────────────────────────────────────
🔴 [MKCE_LID_01] Main Gate Road         |  70.1% | CRITICAL
🟢 [MKCE_LID_02] Academic Block Road    |     0% | NORMAL
🟢 [MKCE_LID_03] Central Avenue         |  22.1% | NORMAL
🟢 [MKCE_LID_04] Library Road           |  15.5% | NORMAL
🟡 [MKCE_LID_05] Workshop Road          |  53.6% | WARNING
🔴 [MKCE_LID_06] Hostel Block Road      |  86.2% | CRITICAL
🔴 [MKCE_LID_07] Hostel Ring Road       |   100% | CRITICAL
🔴 [MKCE_LID_08] Playground Perimeter Rd |   100% | CRITICAL
🟢 [MKCE_LID_09] Canteen Road           |     0% | NORMAL
🟢 [MKCE_LID_10] Back Gate Road         |     0% | NORMAL

⏱ 11:11:09 ────────────────────────────────────────
🔴 [MKCE_LID_01] Main Gate Road         |  72.6% | CRITICAL
🟢 [MKCE_LID_02] Academic Block Road    |     0% | NORMAL
🟢 [MKCE_LID_03] Central Avenue         |  18.9% | NORMAL
🟢 [MKCE_LID_04] Library Road           |  10.8% | NORMAL
🟡 [MKCE_LID_05] Workshop Road          |  58.1% | WARNING
🔴 [MKCE_LID_06] Hostel Block Road      |  91.2% | CRITICAL
🔴 [MKCE_LID_07] Hostel Ring Road       |   100% | CRITICAL
🔴 [MKCE_LID_08] Playground Perimeter Rd |   100% | CRITICAL
🟢 [MKCE_LID_09] Canteen Road           |     0% | NORMAL
🟢 [MKCE_LID_10] Back Gate Road         |     0% | NORMAL

⏱ 11:11:12 ────────────────────────────────────────
🔴 [MKCE_LID_01] Main Gate Road         |  74.3% | CRITICAL
🟢 [MKCE_LID_02] Academic Block Road    |     0% | NORMAL
🟢 [MKCE_LID_03] Central Avenue         |     0% | NORMAL
🟢 [MKCE_LID_04] Library Road           |   5.8% | NORMAL
🟡 [MKCE_LID_05] Workshop Road          |  62.1% | WARNING
🔴 [MKCE_LID_06] Hostel Block Road      |  95.2% | CRITICAL
🔴 [MKCE_LID_07] Hostel Ring Road       |   100% | CRITICAL
🔴 [MKCE_LID_08] Playground Perimeter Rd |   100% | CRITICAL
🟢 [MKCE_LID_09] Canteen Road           |     0% | NORMAL
🟢 [MKCE_LID_10] Back Gate Road         |     0% | NORMAL

⏱ 11:11:15 ────────────────────────────────────────
🔴 [MKCE_LID_01] Main Gate Road         |  75.5% | CRITICAL
🟢 [MKCE_LID_02] Academic Block Road    |     0% | NORMAL
🟢 [MKCE_LID_03] Central Avenue         |     0% | NORMAL
🟢 [MKCE_LID_04] Library Road           |   1.3% | NORMAL
🟡 [MKCE_LID_05] Workshop Road          |  66.0% | WARNING
🔴 [MKCE_LID_06] Hostel Block Road      |  99.2% | CRITICAL
🔴 [MKCE_LID_07] Hostel Ring Road       |   100% | CRITICAL
🔴 [MKCE_LID_08] Playground Perimeter Rd |   100% | CRITICAL
🟢 [MKCE_LID_09] Canteen Road           |     0% | NORMAL
🟢 [MKCE_LID_10] Back Gate Road         |     0% | NORMAL

⏱ 11:11:18 ────────────────────────────────────────
🔴 [MKCE_LID_01] Main Gate Road         |  76.7% | CRITICAL
🟢 [MKCE_LID_02] Academic Block Road    |     0% | NORMAL
🟢 [MKCE_LID_03] Central Avenue         |     0% | NORMAL
🟢 [MKCE_LID_04] Library Road           |     0% | NORMAL
🟡 [MKCE_LID_05] Workshop Road          |  69.8% | WARNING
🔴 [MKCE_LID_06] Hostel Block Road      |   100% | CRITICAL
🔴 [MKCE_LID_07] Hostel Ring Road       |   100% | CRITICAL
🔴 [MKCE_LID_08] Playground Perimeter Rd |   100% | CRITICAL
🟢 [MKCE_LID_09] Canteen Road           |     0% | NORMAL
🟢 [MKCE_LID_10] Back Gate Road         |     0% | NORMAL

⏱ 11:11:21 ────────────────────────────────────────
🔴 [MKCE_LID_01] Main Gate Road         |  77.3% | CRITICAL
🟢 [MKCE_LID_02] Academic Block Road    |     0% | NORMAL
🟢 [MKCE_LID_03] Central Avenue         |     0% | NORMAL
🟢 [MKCE_LID_04] Library Road           |     0% | NORMAL
🔴 [MKCE_LID_05] Workshop Road          |  73.0% | CRITICAL
🔴 [MKCE_LID_06] Hostel Block Road      |   100% | CRITICAL
🔴 [MKCE_LID_07] Hostel Ring Road       |   100% | CRITICAL
🔴 [MKCE_LID_08] Playground Perimeter Rd |  99.6% | CRITICAL
🟢 [MKCE_LID_09] Canteen Road           |     0% | NORMAL
🟢 [MKCE_LID_10] Back Gate Road         |     0% | NORMAL

⏱ 11:11:24 ────────────────────────────────────────
🔴 [MKCE_LID_01] Main Gate Road         |  78.6% | CRITICAL
🟢 [MKCE_LID_02] Academic Block Road    |     0% | NORMAL
🟢 [MKCE_LID_03] Central Avenue         |     0% | NORMAL
🟢 [MKCE_LID_04] Library Road           |     0% | NORMAL
🔴 [MKCE_LID_05] Workshop Road          |  76.6% | CRITICAL
🔴 [MKCE_LID_06] Hostel Block Road      |   100% | CRITICAL
🔴 [MKCE_LID_07] Hostel Ring Road       |   100% | CRITICAL
🔴 [MKCE_LID_08] Playground Perimeter Rd |  98.4% | CRITICAL
🟢 [MKCE_LID_09] Canteen Road           |     0% | NORMAL
🟢 [MKCE_LID_10] Back Gate Road         |     0% | NORMAL

⏱ 11:11:27 ────────────────────────────────────────
🔴 [MKCE_LID_01] Main Gate Road         |  80.4% | CRITICAL
🟢 [MKCE_LID_02] Academic Block Road    |     0% | NORMAL
🟢 [MKCE_LID_03] Central Avenue         |     0% | NORMAL
🟢 [MKCE_LID_04] Library Road           |     0% | NORMAL
🔴 [MKCE_LID_05] Workshop Road          |  79.9% | CRITICAL
🔴 [MKCE_LID_06] Hostel Block Road      |   100% | CRITICAL
🔴 [MKCE_LID_07] Hostel Ring Road       |   100% | CRITICAL
🔴 [MKCE_LID_08] Playground Perimeter Rd |  96.8% | CRITICAL
🟢 [MKCE_LID_09] Canteen Road           |     0% | NORMAL
🟢 [MKCE_LID_10] Back Gate Road         |     0% | NORMAL

⏱ 11:11:30 ────────────────────────────────────────
🔴 [MKCE_LID_01] Main Gate Road         |  81.7% | CRITICAL
🟢 [MKCE_LID_02] Academic Block Road    |     0% | NORMAL
🟢 [MKCE_LID_03] Central Avenue         |     0% | NORMAL
🟢 [MKCE_LID_04] Library Road           |     0% | NORMAL
🔴 [MKCE_LID_05] Workshop Road          |  82.4% | CRITICAL
🔴 [MKCE_LID_06] Hostel Block Road      |   100% | CRITICAL
🔴 [MKCE_LID_07] Hostel Ring Road       |   100% | CRITICAL
🔴 [MKCE_LID_08] Playground Perimeter Rd |  94.2% | CRITICAL
🟢 [MKCE_LID_09] Canteen Road           |     0% | NORMAL
🟢 [MKCE_LID_10] Back Gate Road         |     0% | NORMAL

⏱ 11:11:33 ────────────────────────────────────────
🔴 [MKCE_LID_01] Main Gate Road         |  83.3% | CRITICAL
🟢 [MKCE_LID_02] Academic Block Road    |     0% | NORMAL
🟢 [MKCE_LID_03] Central Avenue         |     0% | NORMAL
🟢 [MKCE_LID_04] Library Road           |     0% | NORMAL
🔴 [MKCE_LID_05] Workshop Road          |  84.1% | CRITICAL
🔴 [MKCE_LID_06] Hostel Block Road      |   100% | CRITICAL
🔴 [MKCE_LID_07] Hostel Ring Road       |   100% | CRITICAL
🔴 [MKCE_LID_08] Playground Perimeter Rd |  92.0% | CRITICAL
🟢 [MKCE_LID_09] Canteen Road           |     0% | NORMAL
🟢 [MKCE_LID_10] Back Gate Road         |     0% | NORMAL

⏱ 11:11:36 ────────────────────────────────────────
🔴 [MKCE_LID_01] Main Gate Road         |  85.6% | CRITICAL
🟢 [MKCE_LID_02] Academic Block Road    |     0% | NORMAL
🟢 [MKCE_LID_03] Central Avenue         |     0% | NORMAL
🟢 [MKCE_LID_04] Library Road           |     0% | NORMAL
🔴 [MKCE_LID_05] Workshop Road          |  86.4% | CRITICAL
🔴 [MKCE_LID_06] Hostel Block Road      |   100% | CRITICAL
🔴 [MKCE_LID_07] Hostel Ring Road       |   100% | CRITICAL
🔴 [MKCE_LID_08] Playground Perimeter Rd |  90.0% | CRITICAL
🟢 [MKCE_LID_09] Canteen Road           |     0% | NORMAL
🟢 [MKCE_LID_10] Back Gate Road         |    30% | NORMAL

⏱ 11:11:39 ────────────────────────────────────────
🔴 [MKCE_LID_01] Main Gate Road         |  88.6% | CRITICAL
🟢 [MKCE_LID_02] Academic Block Road    |     0% | NORMAL
🟢 [MKCE_LID_03] Central Avenue         |     0% | NORMAL
🟢 [MKCE_LID_04] Library Road           |     0% | NORMAL
🔴 [MKCE_LID_05] Workshop Road          |  88.4% | CRITICAL
🔴 [MKCE_LID_06] Hostel Block Road      |   100% | CRITICAL
🔴 [MKCE_LID_07] Hostel Ring Road       |   100% | CRITICAL
🔴 [MKCE_LID_08] Playground Perimeter Rd |  88.7% | CRITICAL
🟢 [MKCE_LID_09] Canteen Road           |     0% | NORMAL
🟢 [MKCE_LID_10] Back Gate Road         |  27.4% | NORMAL

⏱ 11:11:42 ────────────────────────────────────────
🔴 [MKCE_LID_01] Main Gate Road         |  91.5% | CRITICAL
🟢 [MKCE_LID_02] Academic Block Road    |     0% | NORMAL
🟢 [MKCE_LID_03] Central Avenue         |     0% | NORMAL
🟢 [MKCE_LID_04] Library Road           |     0% | NORMAL
🔴 [MKCE_LID_05] Workshop Road          |   100% | CRITICAL
🔴 [MKCE_LID_06] Hostel Block Road      |   100% | CRITICAL
🔴 [MKCE_LID_07] Hostel Ring Road       |   100% | CRITICAL
🟡 [MKCE_LID_08] Playground Perimeter Rd |  58.2% | WARNING
🟢 [MKCE_LID_09] Canteen Road           |     0% | NORMAL
🟢 [MKCE_LID_10] Back Gate Road         |  25.0% | NORMAL

⏱ 11:11:45 ────────────────────────────────────────
🔴 [MKCE_LID_01] Main Gate Road         |  95.0% | CRITICAL
🟢 [MKCE_LID_02] Academic Block Road    |     0% | NORMAL
🟢 [MKCE_LID_03] Central Avenue         |     0% | NORMAL
🟢 [MKCE_LID_04] Library Road           |     0% | NORMAL
🔴 [MKCE_LID_05] Workshop Road          |   100% | CRITICAL
🔴 [MKCE_LID_06] Hostel Block Road      |   100% | CRITICAL
🔴 [MKCE_LID_07] Hostel Ring Road       |   100% | CRITICAL
🟡 [MKCE_LID_08] Playground Perimeter Rd |  57.2% | WARNING
🟢 [MKCE_LID_09] Canteen Road           |     0% | NORMAL
🟢 [MKCE_LID_10] Back Gate Road         |  22.4% | NORMAL

⏱ 11:11:48 ────────────────────────────────────────
🔴 [MKCE_LID_01] Main Gate Road         |  98.7% | CRITICAL
🟢 [MKCE_LID_02] Academic Block Road    |     0% | NORMAL
🟢 [MKCE_LID_03] Central Avenue         |     0% | NORMAL
🟢 [MKCE_LID_04] Library Road           |     0% | NORMAL
🔴 [MKCE_LID_05] Workshop Road          |   100% | CRITICAL
🔴 [MKCE_LID_06] Hostel Block Road      |   100% | CRITICAL
🔴 [MKCE_LID_07] Hostel Ring Road       |   100% | CRITICAL
🟡 [MKCE_LID_08] Playground Perimeter Rd |  55.7% | WARNING
🟢 [MKCE_LID_09] Canteen Road           |     0% | NORMAL
🟢 [MKCE_LID_10] Back Gate Road         |  19.9% | NORMAL

⏱ 11:11:51 ────────────────────────────────────────
🔴 [MKCE_LID_01] Main Gate Road         |   100% | CRITICAL
🟢 [MKCE_LID_02] Academic Block Road    |     0% | NORMAL
🟢 [MKCE_LID_03] Central Avenue         |     0% | NORMAL
🟢 [MKCE_LID_04] Library Road           |     0% | NORMAL
🔴 [MKCE_LID_05] Workshop Road          |   100% | CRITICAL
🟡 [MKCE_LID_06] Hostel Block Road      |    70% | WARNING
🔴 [MKCE_LID_07] Hostel Ring Road       |   100% | CRITICAL
🟡 [MKCE_LID_08] Playground Perimeter Rd |  53.6% | WARNING
🟢 [MKCE_LID_09] Canteen Road           |     0% | NORMAL
🟢 [MKCE_LID_10] Back Gate Road         |  16.7% | NORMAL

⏱ 11:11:55 ────────────────────────────────────────
🔴 [MKCE_LID_01] Main Gate Road         |   100% | CRITICAL
🟢 [MKCE_LID_02] Academic Block Road    |     0% | NORMAL
🟢 [MKCE_LID_03] Central Avenue         |     0% | NORMAL
🟢 [MKCE_LID_04] Library Road           |     0% | NORMAL
🔴 [MKCE_LID_05] Workshop Road          |   100% | CRITICAL
🔴 [MKCE_LID_06] Hostel Block Road      |  72.4% | CRITICAL
🔴 [MKCE_LID_07] Hostel Ring Road       |   100% | CRITICAL
🟡 [MKCE_LID_08] Playground Perimeter Rd |  51.7% | WARNING
🟢 [MKCE_LID_09] Canteen Road           |     0% | NORMAL
🟢 [MKCE_LID_10] Back Gate Road         |  13.1% | NORMAL

⏱ 11:11:58 ────────────────────────────────────────
🔴 [MKCE_LID_01] Main Gate Road         |   100% | CRITICAL
🟢 [MKCE_LID_02] Academic Block Road    |     0% | NORMAL
🟢 [MKCE_LID_03] Central Avenue         |     0% | NORMAL
🟢 [MKCE_LID_04] Library Road           |     0% | NORMAL
🔴 [MKCE_LID_05] Workshop Road          |   100% | CRITICAL
🔴 [MKCE_LID_06] Hostel Block Road      |   100% | CRITICAL
🔴 [MKCE_LID_07] Hostel Ring Road       |   100% | CRITICAL
🟡 [MKCE_LID_08] Playground Perimeter Rd |  50.3% | WARNING
🟢 [MKCE_LID_09] Canteen Road           |     0% | NORMAL
🟢 [MKCE_LID_10] Back Gate Road         |   9.6% | NORMAL

⏱ 11:12:01 ────────────────────────────────────────
🔴 [MKCE_LID_01] Main Gate Road         |   100% | CRITICAL
🟢 [MKCE_LID_02] Academic Block Road    |     0% | NORMAL
🟢 [MKCE_LID_03] Central Avenue         |     0% | NORMAL
🟢 [MKCE_LID_04] Library Road           |     0% | NORMAL
🔴 [MKCE_LID_05] Workshop Road          |   100% | CRITICAL
🔴 [MKCE_LID_06] Hostel Block Road      |   100% | CRITICAL
🔴 [MKCE_LID_07] Hostel Ring Road       |   100% | CRITICAL
🟡 [MKCE_LID_08] Playground Perimeter Rd |  49.0% | WARNING
🟢 [MKCE_LID_09] Canteen Road           |     0% | NORMAL
🟢 [MKCE_LID_10] Back Gate Road         |   5.5% | NORMAL

⏱ 11:12:04 ────────────────────────────────────────
🔴 [MKCE_LID_01] Main Gate Road         |   100% | CRITICAL
🟢 [MKCE_LID_02] Academic Block Road    |     0% | NORMAL
🟢 [MKCE_LID_03] Central Avenue         |     0% | NORMAL
🟢 [MKCE_LID_04] Library Road           |     0% | NORMAL
🔴 [MKCE_LID_05] Workshop Road          |   100% | CRITICAL
🔴 [MKCE_LID_06] Hostel Block Road      |   100% | CRITICAL
🔴 [MKCE_LID_07] Hostel Ring Road       |   100% | CRITICAL
🟡 [MKCE_LID_08] Playground Perimeter Rd |  47.7% | WARNING
🟢 [MKCE_LID_09] Canteen Road           |     0% | NORMAL
🟢 [MKCE_LID_10] Back Gate Road         |   2.3% | NORMAL

⏱ 11:12:07 ────────────────────────────────────────
🔴 [MKCE_LID_01] Main Gate Road         |   100% | CRITICAL
🟢 [MKCE_LID_02] Academic Block Road    |     0% | NORMAL
🟢 [MKCE_LID_03] Central Avenue         |     0% | NORMAL
🟢 [MKCE_LID_04] Library Road           |     0% | NORMAL
🔴 [MKCE_LID_05] Workshop Road          |   100% | CRITICAL
🔴 [MKCE_LID_06] Hostel Block Road      |   100% | CRITICAL
🔴 [MKCE_LID_07] Hostel Ring Road       |   100% | CRITICAL
🟡 [MKCE_LID_08] Playground Perimeter Rd |  45.9% | WARNING
🟢 [MKCE_LID_09] Canteen Road           |     0% | NORMAL
🟢 [MKCE_LID_10] Back Gate Road         |     0% | NORMAL

⏱ 11:12:10 ────────────────────────────────────────
🔴 [MKCE_LID_01] Main Gate Road         |   100% | CRITICAL
🟢 [MKCE_LID_02] Academic Block Road    |     0% | NORMAL
🟢 [MKCE_LID_03] Central Avenue         |     0% | NORMAL
🟢 [MKCE_LID_04] Library Road           |     0% | NORMAL
🔴 [MKCE_LID_05] Workshop Road          |   100% | CRITICAL
🔴 [MKCE_LID_06] Hostel Block Road      |   100% | CRITICAL
🟡 [MKCE_LID_07] Hostel Ring Road       |    70% | WARNING
🟡 [MKCE_LID_08] Playground Perimeter Rd |  44.9% | WARNING
🟢 [MKCE_LID_09] Canteen Road           |     0% | NORMAL
🟢 [MKCE_LID_10] Back Gate Road         |     0% | NORMAL

⏱ 11:12:13 ────────────────────────────────────────
🔴 [MKCE_LID_01] Main Gate Road         |   100% | CRITICAL
🟢 [MKCE_LID_02] Academic Block Road    |     0% | NORMAL
🟢 [MKCE_LID_03] Central Avenue         |     0% | NORMAL
🟢 [MKCE_LID_04] Library Road           |     0% | NORMAL
🔴 [MKCE_LID_05] Workshop Road          |   100% | CRITICAL
🔴 [MKCE_LID_06] Hostel Block Road      |   100% | CRITICAL
🔴 [MKCE_LID_07] Hostel Ring Road       |  73.6% | CRITICAL
🟡 [MKCE_LID_08] Playground Perimeter Rd |  43.3% | WARNING
🟢 [MKCE_LID_09] Canteen Road           |     0% | NORMAL
🟢 [MKCE_LID_10] Back Gate Road         |     0% | NORMAL

⏱ 11:12:16 ────────────────────────────────────────
🔴 [MKCE_LID_01] Main Gate Road         |   100% | CRITICAL
🟢 [MKCE_LID_02] Academic Block Road    |     0% | NORMAL
🟢 [MKCE_LID_03] Central Avenue         |     0% | NORMAL
🟢 [MKCE_LID_04] Library Road           |     0% | NORMAL
🔴 [MKCE_LID_05] Workshop Road          |   100% | CRITICAL
🔴 [MKCE_LID_06] Hostel Block Road      |   100% | CRITICAL
🔴 [MKCE_LID_07] Hostel Ring Road       |  77.4% | CRITICAL
🟡 [MKCE_LID_08] Playground Perimeter Rd |  41.8% | WARNING
🟢 [MKCE_LID_09] Canteen Road           |     0% | NORMAL
🟢 [MKCE_LID_10] Back Gate Road         |     0% | NORMAL

⏱ 11:12:19 ────────────────────────────────────────
🔴 [MKCE_LID_01] Main Gate Road         |   100% | CRITICAL
🟢 [MKCE_LID_02] Academic Block Road    |     0% | NORMAL
🟢 [MKCE_LID_03] Central Avenue         |     0% | NORMAL
🟢 [MKCE_LID_04] Library Road           |     0% | NORMAL
🔴 [MKCE_LID_05] Workshop Road          |   100% | CRITICAL
🔴 [MKCE_LID_06] Hostel Block Road      |   100% | CRITICAL
🔴 [MKCE_LID_07] Hostel Ring Road       |  81.5% | CRITICAL
🟡 [MKCE_LID_08] Playground Perimeter Rd |  41.0% | WARNING
🟢 [MKCE_LID_09] Canteen Road           |     0% | NORMAL
🟢 [MKCE_LID_10] Back Gate Road         |     0% | NORMAL

⏱ 11:12:22 ────────────────────────────────────────
🔴 [MKCE_LID_01] Main Gate Road         |   100% | CRITICAL
🟢 [MKCE_LID_02] Academic Block Road    |     0% | NORMAL
🟢 [MKCE_LID_03] Central Avenue         |     0% | NORMAL
🟢 [MKCE_LID_04] Library Road           |     0% | NORMAL
🔴 [MKCE_LID_05] Workshop Road          |   100% | CRITICAL
🔴 [MKCE_LID_06] Hostel Block Road      |   100% | CRITICAL
🔴 [MKCE_LID_07] Hostel Ring Road       |  86.2% | CRITICAL
🟡 [MKCE_LID_08] Playground Perimeter Rd |  40.7% | WARNING
🟢 [MKCE_LID_09] Canteen Road           |     0% | NORMAL
🟢 [MKCE_LID_10] Back Gate Road         |     0% | NORMAL

⏱ 11:12:25 ────────────────────────────────────────
🔴 [MKCE_LID_01] Main Gate Road         |   100% | CRITICAL
🟢 [MKCE_LID_02] Academic Block Road    |     0% | NORMAL
🟢 [MKCE_LID_03] Central Avenue         |     0% | NORMAL
🟢 [MKCE_LID_04] Library Road           |     0% | NORMAL
🔴 [MKCE_LID_05] Workshop Road          |   100% | CRITICAL
🔴 [MKCE_LID_06] Hostel Block Road      |   100% | CRITICAL
🔴 [MKCE_LID_07] Hostel Ring Road       |  90.6% | CRITICAL
🟢 [MKCE_LID_08] Playground Perimeter Rd |  39.8% | NORMAL
🟢 [MKCE_LID_09] Canteen Road           |     0% | NORMAL
🟢 [MKCE_LID_10] Back Gate Road         |     0% | NORMAL

⏱ 11:12:28 ────────────────────────────────────────
🔴 [MKCE_LID_01] Main Gate Road         |   100% | CRITICAL
🟢 [MKCE_LID_02] Academic Block Road    |     0% | NORMAL
🟢 [MKCE_LID_03] Central Avenue         |     0% | NORMAL
🟢 [MKCE_LID_04] Library Road           |     0% | NORMAL
🔴 [MKCE_LID_05] Workshop Road          |   100% | CRITICAL
🔴 [MKCE_LID_06] Hostel Block Road      |   100% | CRITICAL
🔴 [MKCE_LID_07] Hostel Ring Road       |  94.5% | CRITICAL
🟢 [MKCE_LID_08] Playground Perimeter Rd |  38.5% | NORMAL
🟢 [MKCE_LID_09] Canteen Road           |     0% | NORMAL
🟢 [MKCE_LID_10] Back Gate Road         |     0% | NORMAL

⏱ 11:12:31 ────────────────────────────────────────
🔴 [MKCE_LID_01] Main Gate Road         |   100% | CRITICAL
🟢 [MKCE_LID_02] Academic Block Road    |     0% | NORMAL
🟢 [MKCE_LID_03] Central Avenue         |     0% | NORMAL
🟢 [MKCE_LID_04] Library Road           |     0% | NORMAL
🔴 [MKCE_LID_05] Workshop Road          |   100% | CRITICAL
🔴 [MKCE_LID_06] Hostel Block Road      |   100% | CRITICAL
🔴 [MKCE_LID_07] Hostel Ring Road       |  98.2% | CRITICAL
🟢 [MKCE_LID_08] Playground Perimeter Rd |  36.8% | NORMAL
🟢 [MKCE_LID_09] Canteen Road           |     0% | NORMAL
🟢 [MKCE_LID_10] Back Gate Road         |     0% | NORMAL

⏱ 11:12:34 ────────────────────────────────────────
🔴 [MKCE_LID_01] Main Gate Road         |   100% | CRITICAL
🟢 [MKCE_LID_02] Academic Block Road    |     0% | NORMAL
🟢 [MKCE_LID_03] Central Avenue         |     0% | NORMAL
🟢 [MKCE_LID_04] Library Road           |     0% | NORMAL
🔴 [MKCE_LID_05] Workshop Road          |   100% | CRITICAL
🟡 [MKCE_LID_06] Hostel Block Road      |    70% | WARNING
🔴 [MKCE_LID_07] Hostel Ring Road       |   100% | CRITICAL
🟢 [MKCE_LID_08] Playground Perimeter Rd |  34.9% | NORMAL
🟢 [MKCE_LID_09] Canteen Road           |     0% | NORMAL
🟢 [MKCE_LID_10] Back Gate Road         |    30% | NORMAL

⏱ 11:12:37 ────────────────────────────────────────
🔴 [MKCE_LID_01] Main Gate Road         |   100% | CRITICAL
🟢 [MKCE_LID_02] Academic Block Road    |     0% | NORMAL
🟢 [MKCE_LID_03] Central Avenue         |     0% | NORMAL
🟢 [MKCE_LID_04] Library Road           |     0% | NORMAL
🔴 [MKCE_LID_05] Workshop Road          |   100% | CRITICAL
🔴 [MKCE_LID_06] Hostel Block Road      |  70.4% | CRITICAL
🔴 [MKCE_LID_07] Hostel Ring Road       |   100% | CRITICAL
🟢 [MKCE_LID_08] Playground Perimeter Rd |  33.4% | NORMAL
🟢 [MKCE_LID_09] Canteen Road           |     0% | NORMAL
🟢 [MKCE_LID_10] Back Gate Road         |  25.5% | NORMAL

⏱ 11:12:40 ────────────────────────────────────────
🟡 [MKCE_LID_01] Main Gate Road         |    70% | WARNING
🟢 [MKCE_LID_02] Academic Block Road    |   0.1% | NORMAL
🟢 [MKCE_LID_03] Central Avenue         |     0% | NORMAL
🟢 [MKCE_LID_04] Library Road           |     0% | NORMAL
🔴 [MKCE_LID_05] Workshop Road          |   100% | CRITICAL
🔴 [MKCE_LID_06] Hostel Block Road      |  71.0% | CRITICAL
🔴 [MKCE_LID_07] Hostel Ring Road       |   100% | CRITICAL
🟢 [MKCE_LID_08] Playground Perimeter Rd |  30.9% | NORMAL
🟢 [MKCE_LID_09] Canteen Road           |     0% | NORMAL
🟢 [MKCE_LID_10] Back Gate Road         |  21.9% | NORMAL

⏱ 11:12:43 ────────────────────────────────────────
🔴 [MKCE_LID_01] Main Gate Road         |  74.1% | CRITICAL
🟢 [MKCE_LID_02] Academic Block Road    |   0.7% | NORMAL
🟢 [MKCE_LID_03] Central Avenue         |     0% | NORMAL
🟢 [MKCE_LID_04] Library Road           |     0% | NORMAL
🔴 [MKCE_LID_05] Workshop Road          |   100% | CRITICAL
🔴 [MKCE_LID_06] Hostel Block Road      |  71.8% | CRITICAL
🔴 [MKCE_LID_07] Hostel Ring Road       |   100% | CRITICAL
🟢 [MKCE_LID_08] Playground Perimeter Rd |  28.9% | NORMAL
🟢 [MKCE_LID_09] Canteen Road           |     0% | NORMAL
🟢 [MKCE_LID_10] Back Gate Road         |  18.9% | NORMAL

⏱ 11:12:46 ────────────────────────────────────────
🔴 [MKCE_LID_01] Main Gate Road         |  78.9% | CRITICAL
🟢 [MKCE_LID_02] Academic Block Road    |   1.1% | NORMAL
🟢 [MKCE_LID_03] Central Avenue         |     0% | NORMAL
🟢 [MKCE_LID_04] Library Road           |     0% | NORMAL
🔴 [MKCE_LID_05] Workshop Road          |   100% | CRITICAL
🔴 [MKCE_LID_06] Hostel Block Road      |  73.0% | CRITICAL
🔴 [MKCE_LID_07] Hostel Ring Road       |   100% | CRITICAL
🟢 [MKCE_LID_08] Playground Perimeter Rd |  26.5% | NORMAL
🟢 [MKCE_LID_09] Canteen Road           |     0% | NORMAL
🟢 [MKCE_LID_10] Back Gate Road         |  16.5% | NORMAL

⏱ 11:12:49 ────────────────────────────────────────
🔴 [MKCE_LID_01] Main Gate Road         |  83.9% | CRITICAL
🟢 [MKCE_LID_02] Academic Block Road    |   2.0% | NORMAL
🟢 [MKCE_LID_03] Central Avenue         |   0.1% | NORMAL
🟢 [MKCE_LID_04] Library Road           |     0% | NORMAL
🟡 [MKCE_LID_05] Workshop Road          |    70% | WARNING
🔴 [MKCE_LID_06] Hostel Block Road      |   100% | CRITICAL
🔴 [MKCE_LID_07] Hostel Ring Road       |   100% | CRITICAL
🟢 [MKCE_LID_08] Playground Perimeter Rd |  25.0% | NORMAL
🟢 [MKCE_LID_09] Canteen Road           |     0% | NORMAL
🟢 [MKCE_LID_10] Back Gate Road         |  15.2% | NORMAL

⏱ 11:12:52 ────────────────────────────────────────
🔴 [MKCE_LID_01] Main Gate Road         |  88.9% | CRITICAL
🟢 [MKCE_LID_02] Academic Block Road    |   2.3% | NORMAL
🟢 [MKCE_LID_03] Central Avenue         |     0% | NORMAL
🟢 [MKCE_LID_04] Library Road           |     0% | NORMAL
🟡 [MKCE_LID_05] Workshop Road          |  43.8% | WARNING
🔴 [MKCE_LID_06] Hostel Block Road      |   100% | CRITICAL
🔴 [MKCE_LID_07] Hostel Ring Road       |   100% | CRITICAL
🟢 [MKCE_LID_08] Playground Perimeter Rd |  23.4% | NORMAL
🟢 [MKCE_LID_09] Canteen Road           |     0% | NORMAL
🟢 [MKCE_LID_10] Back Gate Road         |  13.6% | NORMAL

⏱ 11:12:55 ────────────────────────────────────────
🔴 [MKCE_LID_01] Main Gate Road         |  93.5% | CRITICAL
🟢 [MKCE_LID_02] Academic Block Road    |   2.4% | NORMAL
🟢 [MKCE_LID_03] Central Avenue         |     0% | NORMAL
🟢 [MKCE_LID_04] Library Road           |     0% | NORMAL
🟡 [MKCE_LID_05] Workshop Road          |  48.1% | WARNING
🔴 [MKCE_LID_06] Hostel Block Road      |   100% | CRITICAL
🔴 [MKCE_LID_07] Hostel Ring Road       |   100% | CRITICAL
🟢 [MKCE_LID_08] Playground Perimeter Rd |  22.0% | NORMAL
🟢 [MKCE_LID_09] Canteen Road           |     0% | NORMAL
🟢 [MKCE_LID_10] Back Gate Road         |     0% | NORMAL

⏱ 11:12:59 ────────────────────────────────────────
🔴 [MKCE_LID_01] Main Gate Road         |  97.3% | CRITICAL
🟢 [MKCE_LID_02] Academic Block Road    |   3.2% | NORMAL
🟢 [MKCE_LID_03] Central Avenue         |     0% | NORMAL
🟢 [MKCE_LID_04] Library Road           |     0% | NORMAL
🟡 [MKCE_LID_05] Workshop Road          |  51.6% | WARNING
🔴 [MKCE_LID_06] Hostel Block Road      |   100% | CRITICAL
🔴 [MKCE_LID_07] Hostel Ring Road       |  99.8% | CRITICAL
🟢 [MKCE_LID_08] Playground Perimeter Rd |  21.4% | NORMAL
🟢 [MKCE_LID_09] Canteen Road           |     0% | NORMAL
🟢 [MKCE_LID_10] Back Gate Road         |     0% | NORMAL

⏱ 11:13:02 ────────────────────────────────────────
🔴 [MKCE_LID_01] Main Gate Road         |   100% | CRITICAL
🟢 [MKCE_LID_02] Academic Block Road    |  33.2% | NORMAL
🟢 [MKCE_LID_03] Central Avenue         |     0% | NORMAL
🟢 [MKCE_LID_04] Library Road           |     0% | NORMAL
🟡 [MKCE_LID_05] Workshop Road          |  55.0% | WARNING
🔴 [MKCE_LID_06] Hostel Block Road      |   100% | CRITICAL
🔴 [MKCE_LID_07] Hostel Ring Road       |   100% | CRITICAL
🟢 [MKCE_LID_08] Playground Perimeter Rd |  21.5% | NORMAL
🟢 [MKCE_LID_09] Canteen Road           |    30% | NORMAL
🟢 [MKCE_LID_10] Back Gate Road         |     0% | NORMAL

⏱ 11:13:05 ────────────────────────────────────────
🔴 [MKCE_LID_01] Main Gate Road         |   100% | CRITICAL
🟢 [MKCE_LID_02] Academic Block Road    |  33.6% | NORMAL
🟢 [MKCE_LID_03] Central Avenue         |     0% | NORMAL
🟢 [MKCE_LID_04] Library Road           |     0% | NORMAL
🟡 [MKCE_LID_05] Workshop Road          |  59.3% | WARNING
🔴 [MKCE_LID_06] Hostel Block Road      |   100% | CRITICAL
🔴 [MKCE_LID_07] Hostel Ring Road       |   100% | CRITICAL
🟢 [MKCE_LID_08] Playground Perimeter Rd |  20.7% | NORMAL
🟢 [MKCE_LID_09] Canteen Road           |  25.9% | NORMAL
🟢 [MKCE_LID_10] Back Gate Road         |     0% | NORMAL

⏱ 11:13:08 ────────────────────────────────────────
🔴 [MKCE_LID_01] Main Gate Road         |   100% | CRITICAL
🟢 [MKCE_LID_02] Academic Block Road    |  33.7% | NORMAL
🟢 [MKCE_LID_03] Central Avenue         |     0% | NORMAL
🟢 [MKCE_LID_04] Library Road           |     0% | NORMAL
🟡 [MKCE_LID_05] Workshop Road          |  63.8% | WARNING
🔴 [MKCE_LID_06] Hostel Block Road      |   100% | CRITICAL
🔴 [MKCE_LID_07] Hostel Ring Road       | 100.0% | CRITICAL
🟢 [MKCE_LID_08] Playground Perimeter Rd |  20.6% | NORMAL
🟢 [MKCE_LID_09] Canteen Road           |  21.6% | NORMAL
🟢 [MKCE_LID_10] Back Gate Road         |     0% | NORMAL

⏱ 11:13:11 ────────────────────────────────────────
🔴 [MKCE_LID_01] Main Gate Road         |   100% | CRITICAL
🟢 [MKCE_LID_02] Academic Block Road    |  33.9% | NORMAL
🟢 [MKCE_LID_03] Central Avenue         |     0% | NORMAL
🟢 [MKCE_LID_04] Library Road           |     0% | NORMAL
🟡 [MKCE_LID_05] Workshop Road          |  68.6% | WARNING
🔴 [MKCE_LID_06] Hostel Block Road      |   100% | CRITICAL
🔴 [MKCE_LID_07] Hostel Ring Road       |  99.4% | CRITICAL
🟢 [MKCE_LID_08] Playground Perimeter Rd |  20.5% | NORMAL
🟢 [MKCE_LID_09] Canteen Road           |  16.8% | NORMAL
🟢 [MKCE_LID_10] Back Gate Road         |     0% | NORMAL

⏱ 11:13:14 ────────────────────────────────────────
🔴 [MKCE_LID_01] Main Gate Road         |   100% | CRITICAL
🟢 [MKCE_LID_02] Academic Block Road    |  33.7% | NORMAL
🟢 [MKCE_LID_03] Central Avenue         |     0% | NORMAL
🟢 [MKCE_LID_04] Library Road           |     0% | NORMAL
🔴 [MKCE_LID_05] Workshop Road          |  72.8% | CRITICAL
🔴 [MKCE_LID_06] Hostel Block Road      |   100% | CRITICAL
🔴 [MKCE_LID_07] Hostel Ring Road       |  98.1% | CRITICAL
🟢 [MKCE_LID_08] Playground Perimeter Rd |  20.4% | NORMAL
🟢 [MKCE_LID_09] Canteen Road           |  11.8% | NORMAL
🟢 [MKCE_LID_10] Back Gate Road         |     0% | NORMAL

⏱ 11:13:17 ────────────────────────────────────────
🔴 [MKCE_LID_01] Main Gate Road         |   100% | CRITICAL
🟢 [MKCE_LID_02] Academic Block Road    |  32.7% | NORMAL
🟢 [MKCE_LID_03] Central Avenue         |     0% | NORMAL
🟢 [MKCE_LID_04] Library Road           |     0% | NORMAL
🔴 [MKCE_LID_05] Workshop Road          |  77.7% | CRITICAL
🔴 [MKCE_LID_06] Hostel Block Road      |   100% | CRITICAL
🔴 [MKCE_LID_07] Hostel Ring Road       |  97.7% | CRITICAL
🟢 [MKCE_LID_08] Playground Perimeter Rd |  19.3% | NORMAL
🟢 [MKCE_LID_09] Canteen Road           |     0% | NORMAL
🟢 [MKCE_LID_10] Back Gate Road         |     0% | NORMAL

⏱ 11:13:20 ────────────────────────────────────────
🔴 [MKCE_LID_01] Main Gate Road         |   100% | CRITICAL
🟢 [MKCE_LID_02] Academic Block Road    |  31.8% | NORMAL
🟢 [MKCE_LID_03] Central Avenue         |     0% | NORMAL
🟢 [MKCE_LID_04] Library Road           |     0% | NORMAL
🔴 [MKCE_LID_05] Workshop Road          |  81.5% | CRITICAL
🔴 [MKCE_LID_06] Hostel Block Road      |   100% | CRITICAL
🔴 [MKCE_LID_07] Hostel Ring Road       |  97.0% | CRITICAL
🟢 [MKCE_LID_08] Playground Perimeter Rd |  17.7% | NORMAL
🟢 [MKCE_LID_09] Canteen Road           |     0% | NORMAL
🟢 [MKCE_LID_10] Back Gate Road         |     0% | NORMAL

⏱ 11:13:23 ────────────────────────────────────────
🔴 [MKCE_LID_01] Main Gate Road         |   100% | CRITICAL
🟢 [MKCE_LID_02] Academic Block Road    |  31.4% | NORMAL
🟢 [MKCE_LID_03] Central Avenue         |     0% | NORMAL
🟢 [MKCE_LID_04] Library Road           |     0% | NORMAL
🔴 [MKCE_LID_05] Workshop Road          |  86.0% | CRITICAL
🔴 [MKCE_LID_06] Hostel Block Road      |   100% | CRITICAL
🔴 [MKCE_LID_07] Hostel Ring Road       |  95.3% | CRITICAL
🟢 [MKCE_LID_08] Playground Perimeter Rd |  15.2% | NORMAL
🟢 [MKCE_LID_09] Canteen Road           |     0% | NORMAL
🟢 [MKCE_LID_10] Back Gate Road         |     0% | NORMAL

⏱ 11:13:26 ────────────────────────────────────────
🔴 [MKCE_LID_01] Main Gate Road         |   100% | CRITICAL
🟢 [MKCE_LID_02] Academic Block Road    |  30.2% | NORMAL
🟢 [MKCE_LID_03] Central Avenue         |     0% | NORMAL
🟢 [MKCE_LID_04] Library Road           |     0% | NORMAL
🔴 [MKCE_LID_05] Workshop Road          |  91.0% | CRITICAL
🔴 [MKCE_LID_06] Hostel Block Road      |   100% | CRITICAL
🔴 [MKCE_LID_07] Hostel Ring Road       |  93.1% | CRITICAL
🟢 [MKCE_LID_08] Playground Perimeter Rd |  13.2% | NORMAL
🟢 [MKCE_LID_09] Canteen Road           |     0% | NORMAL
🟢 [MKCE_LID_10] Back Gate Road         |     0% | NORMAL

⏱ 11:13:29 ────────────────────────────────────────
🔴 [MKCE_LID_01] Main Gate Road         |   100% | CRITICAL
🟢 [MKCE_LID_02] Academic Block Road    |  28.4% | NORMAL
🟢 [MKCE_LID_03] Central Avenue         |     0% | NORMAL
🟢 [MKCE_LID_04] Library Road           |     0% | NORMAL
🔴 [MKCE_LID_05] Workshop Road          |  95.2% | CRITICAL
🔴 [MKCE_LID_06] Hostel Block Road      |   100% | CRITICAL
🔴 [MKCE_LID_07] Hostel Ring Road       |  90.1% | CRITICAL
🟢 [MKCE_LID_08] Playground Perimeter Rd |  11.9% | NORMAL
🟢 [MKCE_LID_09] Canteen Road           |     0% | NORMAL
🟢 [MKCE_LID_10] Back Gate Road         |     0% | NORMAL

⏱ 11:13:32 ────────────────────────────────────────
🔴 [MKCE_LID_01] Main Gate Road         |   100% | CRITICAL
🟢 [MKCE_LID_02] Academic Block Road    |  25.8% | NORMAL
🟢 [MKCE_LID_03] Central Avenue         |     0% | NORMAL
🟢 [MKCE_LID_04] Library Road           |     0% | NORMAL
🔴 [MKCE_LID_05] Workshop Road          |  99.5% | CRITICAL
🔴 [MKCE_LID_06] Hostel Block Road      |   100% | CRITICAL
🔴 [MKCE_LID_07] Hostel Ring Road       |  86.3% | CRITICAL
🟢 [MKCE_LID_08] Playground Perimeter Rd |  10.5% | NORMAL
🟢 [MKCE_LID_09] Canteen Road           |     0% | NORMAL
🟢 [MKCE_LID_10] Back Gate Road         |     0% | NORMAL

⏱ 11:13:36 ────────────────────────────────────────
🔴 [MKCE_LID_01] Main Gate Road         |   100% | CRITICAL
🟢 [MKCE_LID_02] Academic Block Road    |  22.3% | NORMAL
🟢 [MKCE_LID_03] Central Avenue         |     0% | NORMAL
🟢 [MKCE_LID_04] Library Road           |     0% | NORMAL
🔴 [MKCE_LID_05] Workshop Road          |   100% | CRITICAL
🔴 [MKCE_LID_06] Hostel Block Road      |   100% | CRITICAL
🔴 [MKCE_LID_07] Hostel Ring Road       |  81.6% | CRITICAL
🟢 [MKCE_LID_08] Playground Perimeter Rd |   9.2% | NORMAL
🟢 [MKCE_LID_09] Canteen Road           |    30% | NORMAL
🟢 [MKCE_LID_10] Back Gate Road         |     0% | NORMAL

⏱ 11:13:39 ────────────────────────────────────────
🔴 [MKCE_LID_01] Main Gate Road         |   100% | CRITICAL
🟢 [MKCE_LID_02] Academic Block Road    |  19.6% | NORMAL
🟢 [MKCE_LID_03] Central Avenue         |     0% | NORMAL
🟢 [MKCE_LID_04] Library Road           |     0% | NORMAL
🔴 [MKCE_LID_05] Workshop Road          |   100% | CRITICAL
🔴 [MKCE_LID_06] Hostel Block Road      |   100% | CRITICAL
🔴 [MKCE_LID_07] Hostel Ring Road       |  76.8% | CRITICAL
🟢 [MKCE_LID_08] Playground Perimeter Rd |   8.8% | NORMAL
🟢 [MKCE_LID_09] Canteen Road           |  29.5% | NORMAL
🟢 [MKCE_LID_10] Back Gate Road         |     0% | NORMAL

⏱ 11:13:42 ────────────────────────────────────────
🔴 [MKCE_LID_01] Main Gate Road         |   100% | CRITICAL
🟢 [MKCE_LID_02] Academic Block Road    |  16.2% | NORMAL
🟢 [MKCE_LID_03] Central Avenue         |    30% | NORMAL
🟢 [MKCE_LID_04] Library Road           |     0% | NORMAL
🔴 [MKCE_LID_05] Workshop Road          |   100% | CRITICAL
🔴 [MKCE_LID_06] Hostel Block Road      |   100% | CRITICAL
🔴 [MKCE_LID_07] Hostel Ring Road       |  71.8% | CRITICAL
🟢 [MKCE_LID_08] Playground Perimeter Rd |   7.7% | NORMAL
🟢 [MKCE_LID_09] Canteen Road           |  28.7% | NORMAL
🟢 [MKCE_LID_10] Back Gate Road         |     0% | NORMAL

⏱ 11:13:45 ────────────────────────────────────────
🔴 [MKCE_LID_01] Main Gate Road         |   100% | CRITICAL
🟢 [MKCE_LID_02] Academic Block Road    |  12.0% | NORMAL
🟢 [MKCE_LID_03] Central Avenue         |  29.3% | NORMAL
🟢 [MKCE_LID_04] Library Road           |     0% | NORMAL
🔴 [MKCE_LID_05] Workshop Road          |   100% | CRITICAL
🔴 [MKCE_LID_06] Hostel Block Road      |   100% | CRITICAL
🟡 [MKCE_LID_07] Hostel Ring Road       |  67.7% | WARNING
🟢 [MKCE_LID_08] Playground Perimeter Rd |   7.6% | NORMAL
🟢 [MKCE_LID_09] Canteen Road           |  27.3% | NORMAL
🟢 [MKCE_LID_10] Back Gate Road         |     0% | NORMAL

⏱ 11:13:48 ────────────────────────────────────────
🔴 [MKCE_LID_01] Main Gate Road         |   100% | CRITICAL
🟢 [MKCE_LID_02] Academic Block Road    |   7.3% | NORMAL
🟢 [MKCE_LID_03] Central Avenue         |  28.2% | NORMAL
🟢 [MKCE_LID_04] Library Road           |     0% | NORMAL
🔴 [MKCE_LID_05] Workshop Road          |   100% | CRITICAL
🔴 [MKCE_LID_06] Hostel Block Road      |   100% | CRITICAL
🟡 [MKCE_LID_07] Hostel Ring Road       |  63.5% | WARNING
🟢 [MKCE_LID_08] Playground Perimeter Rd |   7.8% | NORMAL
🟢 [MKCE_LID_09] Canteen Road           |  25.4% | NORMAL
🟢 [MKCE_LID_10] Back Gate Road         |     0% | NORMAL

⏱ 11:13:51 ────────────────────────────────────────
🔴 [MKCE_LID_01] Main Gate Road         |   100% | CRITICAL
🟢 [MKCE_LID_02] Academic Block Road    |   2.6% | NORMAL
🟢 [MKCE_LID_03] Central Avenue         |  26.3% | NORMAL
🟢 [MKCE_LID_04] Library Road           |    30% | NORMAL
🔴 [MKCE_LID_05] Workshop Road          |   100% | CRITICAL
🔴 [MKCE_LID_06] Hostel Block Road      |   100% | CRITICAL
🟡 [MKCE_LID_07] Hostel Ring Road       |  59.0% | WARNING
🟢 [MKCE_LID_08] Playground Perimeter Rd |   8.0% | NORMAL
🟢 [MKCE_LID_09] Canteen Road           |  22.4% | NORMAL
🟢 [MKCE_LID_10] Back Gate Road         |     0% | NORMAL

⏱ 11:13:54 ────────────────────────────────────────
🔴 [MKCE_LID_01] Main Gate Road         |   100% | CRITICAL
🟢 [MKCE_LID_02] Academic Block Road    |     0% | NORMAL
🟢 [MKCE_LID_03] Central Avenue         |  25.0% | NORMAL
🟢 [MKCE_LID_04] Library Road           |  25.8% | NORMAL
🔴 [MKCE_LID_05] Workshop Road          |   100% | CRITICAL
🔴 [MKCE_LID_06] Hostel Block Road      |   100% | CRITICAL
🟡 [MKCE_LID_07] Hostel Ring Road       |  54.0% | WARNING
🟢 [MKCE_LID_08] Playground Perimeter Rd |   8.6% | NORMAL
🟢 [MKCE_LID_09] Canteen Road           |  19.3% | NORMAL
🟢 [MKCE_LID_10] Back Gate Road         |     0% | NORMAL

⏱ 11:13:57 ────────────────────────────────────────
🔴 [MKCE_LID_01] Main Gate Road         |   100% | CRITICAL
🟢 [MKCE_LID_02] Academic Block Road    |     0% | NORMAL
🟢 [MKCE_LID_03] Central Avenue         |  23.2% | NORMAL
🟡 [MKCE_LID_04] Library Road           |  51.3% | WARNING
🔴 [MKCE_LID_05] Workshop Road          |   100% | CRITICAL
🔴 [MKCE_LID_06] Hostel Block Road      |   100% | CRITICAL
🟡 [MKCE_LID_07] Hostel Ring Road       |  49.0% | WARNING
🟢 [MKCE_LID_08] Playground Perimeter Rd |     0% | NORMAL
🟢 [MKCE_LID_09] Canteen Road           |  17.2% | NORMAL
🟢 [MKCE_LID_10] Back Gate Road         |     0% | NORMAL

⏱ 11:14:04 ────────────────────────────────────────
🔴 [MKCE_LID_01] Main Gate Road         |   100% | CRITICAL
🟢 [MKCE_LID_02] Academic Block Road    |     0% | NORMAL
🟢 [MKCE_LID_03] Central Avenue         |  22.0% | NORMAL
🟡 [MKCE_LID_04] Library Road           |  46.7% | WARNING
🔴 [MKCE_LID_05] Workshop Road          |   100% | CRITICAL
🔴 [MKCE_LID_06] Hostel Block Road      |   100% | CRITICAL
🟡 [MKCE_LID_07] Hostel Ring Road       |  44.0% | WARNING
🟢 [MKCE_LID_08] Playground Perimeter Rd |   0.4% | NORMAL
🟢 [MKCE_LID_09] Canteen Road           |     0% | NORMAL
🟢 [MKCE_LID_10] Back Gate Road         |     0% | NORMAL

⏱ 11:14:07 ────────────────────────────────────────
🔴 [MKCE_LID_01] Main Gate Road         |   100% | CRITICAL
🟢 [MKCE_LID_02] Academic Block Road    |     0% | NORMAL
🟢 [MKCE_LID_03] Central Avenue         |  20.0% | NORMAL
🟡 [MKCE_LID_04] Library Road           |  43.0% | WARNING
🔴 [MKCE_LID_05] Workshop Road          |   100% | CRITICAL
🔴 [MKCE_LID_06] Hostel Block Road      |   100% | CRITICAL
🟢 [MKCE_LID_07] Hostel Ring Road       |  39.0% | NORMAL
🟢 [MKCE_LID_08] Playground Perimeter Rd |   0.2% | NORMAL
🟢 [MKCE_LID_09] Canteen Road           |     0% | NORMAL
🟢 [MKCE_LID_10] Back Gate Road         |     0% | NORMAL

⏱ 11:14:10 ────────────────────────────────────────
🔴 [MKCE_LID_01] Main Gate Road         |   100% | CRITICAL
🟢 [MKCE_LID_02] Academic Block Road    |     0% | NORMAL
🟢 [MKCE_LID_03] Central Avenue         |  18.9% | NORMAL
🟢 [MKCE_LID_04] Library Road           |  39.4% | NORMAL
🔴 [MKCE_LID_05] Workshop Road          |   100% | CRITICAL
🔴 [MKCE_LID_06] Hostel Block Road      |   100% | CRITICAL
🟢 [MKCE_LID_07] Hostel Ring Road       |  34.9% | NORMAL
🟢 [MKCE_LID_08] Playground Perimeter Rd |     0% | NORMAL
🟢 [MKCE_LID_09] Canteen Road           |     0% | NORMAL
🟢 [MKCE_LID_10] Back Gate Road         |     0% | NORMAL

⏱ 11:14:13 ────────────────────────────────────────
🔴 [MKCE_LID_01] Main Gate Road         |   100% | CRITICAL
🟢 [MKCE_LID_02] Academic Block Road    |     0% | NORMAL
🟢 [MKCE_LID_03] Central Avenue         |  17.1% | NORMAL
🟢 [MKCE_LID_04] Library Road           |  35.6% | NORMAL
🔴 [MKCE_LID_05] Workshop Road          |   100% | CRITICAL
🔴 [MKCE_LID_06] Hostel Block Road      |   100% | CRITICAL
🟢 [MKCE_LID_07] Hostel Ring Road       |  30.5% | NORMAL
🟢 [MKCE_LID_08] Playground Perimeter Rd |    30% | NORMAL
🟢 [MKCE_LID_09] Canteen Road           |     0% | NORMAL
🟢 [MKCE_LID_10] Back Gate Road         |     0% | NORMAL

⏱ 11:14:17 ────────────────────────────────────────
🟡 [MKCE_LID_01] Main Gate Road         |    70% | WARNING
🟢 [MKCE_LID_02] Academic Block Road    |     0% | NORMAL
🟢 [MKCE_LID_03] Central Avenue         |  15.8% | NORMAL
🟢 [MKCE_LID_04] Library Road           |  30.8% | NORMAL
🔴 [MKCE_LID_05] Workshop Road          |   100% | CRITICAL
🔴 [MKCE_LID_06] Hostel Block Road      |   100% | CRITICAL
🟢 [MKCE_LID_07] Hostel Ring Road       |  25.9% | NORMAL
🟢 [MKCE_LID_08] Playground Perimeter Rd |  29.7% | NORMAL
🟢 [MKCE_LID_09] Canteen Road           |     0% | NORMAL
🟢 [MKCE_LID_10] Back Gate Road         |     0% | NORMAL

⏱ 11:14:20 ────────────────────────────────────────
🔴 [MKCE_LID_01] Main Gate Road         |  73.3% | CRITICAL
🟢 [MKCE_LID_02] Academic Block Road    |     0% | NORMAL
🟢 [MKCE_LID_03] Central Avenue         |  14.0% | NORMAL
🟢 [MKCE_LID_04] Library Road           |  25.8% | NORMAL
🔴 [MKCE_LID_05] Workshop Road          |   100% | CRITICAL
🔴 [MKCE_LID_06] Hostel Block Road      |   100% | CRITICAL
🟢 [MKCE_LID_07] Hostel Ring Road       |  22.1% | NORMAL
🟢 [MKCE_LID_08] Playground Perimeter Rd |  29.1% | NORMAL
🟢 [MKCE_LID_09] Canteen Road           |     0% | NORMAL
🟢 [MKCE_LID_10] Back Gate Road         |     0% | NORMAL

⏱ 11:14:23 ────────────────────────────────────────
🔴 [MKCE_LID_01] Main Gate Road         |  77.0% | CRITICAL
🟢 [MKCE_LID_02] Academic Block Road    |     0% | NORMAL
🟢 [MKCE_LID_03] Central Avenue         |  12.0% | NORMAL
🟢 [MKCE_LID_04] Library Road           |  21.1% | NORMAL
🔴 [MKCE_LID_05] Workshop Road          |   100% | CRITICAL
🔴 [MKCE_LID_06] Hostel Block Road      |   100% | CRITICAL
🟢 [MKCE_LID_07] Hostel Ring Road       |  18.8% | NORMAL
🟢 [MKCE_LID_08] Playground Perimeter Rd |  28.1% | NORMAL
🟢 [MKCE_LID_09] Canteen Road           |     0% | NORMAL
🟢 [MKCE_LID_10] Back Gate Road         |     0% | NORMAL

⏱ 11:14:26 ────────────────────────────────────────
🔴 [MKCE_LID_01] Main Gate Road         |  80.3% | CRITICAL
🟢 [MKCE_LID_02] Academic Block Road    |    30% | NORMAL
🟢 [MKCE_LID_03] Central Avenue         |  10.2% | NORMAL
🟢 [MKCE_LID_04] Library Road           |  16.2% | NORMAL
🔴 [MKCE_LID_05] Workshop Road          |   100% | CRITICAL
🔴 [MKCE_LID_06] Hostel Block Road      |   100% | CRITICAL
🟢 [MKCE_LID_07] Hostel Ring Road       |  16.5% | NORMAL
🟢 [MKCE_LID_08] Playground Perimeter Rd |  27.5% | NORMAL
🟢 [MKCE_LID_09] Canteen Road           |     0% | NORMAL
🟢 [MKCE_LID_10] Back Gate Road         |    30% | NORMAL

⏱ 11:14:29 ────────────────────────────────────────
🔴 [MKCE_LID_01] Main Gate Road         |  84.6% | CRITICAL
🟢 [MKCE_LID_02] Academic Block Road    |     0% | NORMAL
🟢 [MKCE_LID_03] Central Avenue         |   9.4% | NORMAL
🟢 [MKCE_LID_04] Library Road           |  11.2% | NORMAL
🔴 [MKCE_LID_05] Workshop Road          |   100% | CRITICAL
🔴 [MKCE_LID_06] Hostel Block Road      |   100% | CRITICAL
🟢 [MKCE_LID_07] Hostel Ring Road       |  14.7% | NORMAL
🟢 [MKCE_LID_08] Playground Perimeter Rd |  27.3% | NORMAL
🟢 [MKCE_LID_09] Canteen Road           |     0% | NORMAL
🟢 [MKCE_LID_10] Back Gate Road         |  28.8% | NORMAL

⏱ 11:14:32 ────────────────────────────────────────
🔴 [MKCE_LID_01] Main Gate Road         |  88.8% | CRITICAL
🟢 [MKCE_LID_02] Academic Block Road    |     0% | NORMAL
🟢 [MKCE_LID_03] Central Avenue         |   9.1% | NORMAL
🟢 [MKCE_LID_04] Library Road           |   6.2% | NORMAL
🔴 [MKCE_LID_05] Workshop Road          |   100% | CRITICAL
🔴 [MKCE_LID_06] Hostel Block Road      |   100% | CRITICAL
🟢 [MKCE_LID_07] Hostel Ring Road       |  12.9% | NORMAL
🟢 [MKCE_LID_08] Playground Perimeter Rd |  27.6% | NORMAL
🟢 [MKCE_LID_09] Canteen Road           |     0% | NORMAL
🟢 [MKCE_LID_10] Back Gate Road         |  28.4% | NORMAL

⏱ 11:14:35 ────────────────────────────────────────
🔴 [MKCE_LID_01] Main Gate Road         |  92.7% | CRITICAL
🟢 [MKCE_LID_02] Academic Block Road    |     0% | NORMAL
🟢 [MKCE_LID_03] Central Avenue         |   9.7% | NORMAL
🟢 [MKCE_LID_04] Library Road           |   1.6% | NORMAL
🔴 [MKCE_LID_05] Workshop Road          |   100% | CRITICAL
🔴 [MKCE_LID_06] Hostel Block Road      |   100% | CRITICAL
🟢 [MKCE_LID_07] Hostel Ring Road       |  11.0% | NORMAL
🟢 [MKCE_LID_08] Playground Perimeter Rd |  28.4% | NORMAL
🟢 [MKCE_LID_09] Canteen Road           |     0% | NORMAL
🟢 [MKCE_LID_10] Back Gate Road         |  28.9% | NORMAL

⏱ 11:14:38 ────────────────────────────────────────
🔴 [MKCE_LID_01] Main Gate Road         |  96.3% | CRITICAL
🟢 [MKCE_LID_02] Academic Block Road    |     0% | NORMAL
🟢 [MKCE_LID_03] Central Avenue         |  10.0% | NORMAL
🟢 [MKCE_LID_04] Library Road           |     0% | NORMAL
🔴 [MKCE_LID_05] Workshop Road          |   100% | CRITICAL
🔴 [MKCE_LID_06] Hostel Block Road      |   100% | CRITICAL
🟢 [MKCE_LID_07] Hostel Ring Road       |   9.6% | NORMAL
🟢 [MKCE_LID_08] Playground Perimeter Rd |  28.8% | NORMAL
🟢 [MKCE_LID_09] Canteen Road           |     0% | NORMAL
🟢 [MKCE_LID_10] Back Gate Road         |  28.5% | NORMAL

⏱ 11:14:41 ────────────────────────────────────────
🔴 [MKCE_LID_01] Main Gate Road         |  99.3% | CRITICAL
🟢 [MKCE_LID_02] Academic Block Road    |     0% | NORMAL
🟢 [MKCE_LID_03] Central Avenue         |  10.8% | NORMAL
🟢 [MKCE_LID_04] Library Road           |     0% | NORMAL
🔴 [MKCE_LID_05] Workshop Road          |  99.9% | CRITICAL
🔴 [MKCE_LID_06] Hostel Block Road      |   100% | CRITICAL
🟢 [MKCE_LID_07] Hostel Ring Road       |   8.8% | NORMAL
🟢 [MKCE_LID_08] Playground Perimeter Rd |  29.0% | NORMAL
🟢 [MKCE_LID_09] Canteen Road           |     0% | NORMAL
🟢 [MKCE_LID_10] Back Gate Road         |  28.2% | NORMAL

⏱ 11:14:44 ────────────────────────────────────────
🔴 [MKCE_LID_01] Main Gate Road         |   100% | CRITICAL
🟢 [MKCE_LID_02] Academic Block Road    |     0% | NORMAL
🟡 [MKCE_LID_03] Central Avenue         |  42.5% | WARNING
🟢 [MKCE_LID_04] Library Road           |     0% | NORMAL
🔴 [MKCE_LID_05] Workshop Road          |   100% | CRITICAL
🔴 [MKCE_LID_06] Hostel Block Road      |   100% | CRITICAL
🟢 [MKCE_LID_07] Hostel Ring Road       |   8.4% | NORMAL
🟢 [MKCE_LID_08] Playground Perimeter Rd |  29.8% | NORMAL
🟢 [MKCE_LID_09] Canteen Road           |     0% | NORMAL
🟢 [MKCE_LID_10] Back Gate Road         |  28.3% | NORMAL

⏱ 11:14:47 ────────────────────────────────────────
🔴 [MKCE_LID_01] Main Gate Road         |   100% | CRITICAL
🟢 [MKCE_LID_02] Academic Block Road    |     0% | NORMAL
🟡 [MKCE_LID_03] Central Avenue         |  45.0% | WARNING
🟢 [MKCE_LID_04] Library Road           |     0% | NORMAL
🔴 [MKCE_LID_05] Workshop Road          |   100% | CRITICAL
🔴 [MKCE_LID_06] Hostel Block Road      |   100% | CRITICAL
🟢 [MKCE_LID_07] Hostel Ring Road       |   8.5% | NORMAL
🟢 [MKCE_LID_08] Playground Perimeter Rd |  31.2% | NORMAL
🟢 [MKCE_LID_09] Canteen Road           |     0% | NORMAL
🟢 [MKCE_LID_10] Back Gate Road         |  27.7% | NORMAL

⏱ 11:29:48 ────────────────────────────────────────
🔴 [MKCE_LID_01] Main Gate Road         |   100% | CRITICAL
🟢 [MKCE_LID_02] Academic Block Road    |     0% | NORMAL
🟡 [MKCE_LID_03] Central Avenue         |  47.0% | WARNING
🟢 [MKCE_LID_04] Library Road           |     0% | NORMAL
🔴 [MKCE_LID_05] Workshop Road          |   100% | CRITICAL
🔴 [MKCE_LID_06] Hostel Block Road      |   100% | CRITICAL
🟢 [MKCE_LID_07] Hostel Ring Road       |   8.1% | NORMAL
🟢 [MKCE_LID_08] Playground Perimeter Rd |  33.6% | NORMAL
🟢 [MKCE_LID_09] Canteen Road           |     0% | NORMAL
🟢 [MKCE_LID_10] Back Gate Road         |  26.5% | NORMAL

⏱ 11:29:51 ────────────────────────────────────────
🔴 [MKCE_LID_01] Main Gate Road         |   100% | CRITICAL
🟢 [MKCE_LID_02] Academic Block Road    |     0% | NORMAL
🟡 [MKCE_LID_03] Central Avenue         |  48.8% | WARNING
🟢 [MKCE_LID_04] Library Road           |     0% | NORMAL
🔴 [MKCE_LID_05] Workshop Road          |   100% | CRITICAL
🔴 [MKCE_LID_06] Hostel Block Road      |   100% | CRITICAL
🟢 [MKCE_LID_07] Hostel Ring Road       |   8.0% | NORMAL
🟢 [MKCE_LID_08] Playground Perimeter Rd |  36.9% | NORMAL
🟢 [MKCE_LID_09] Canteen Road           |     0% | NORMAL
🟢 [MKCE_LID_10] Back Gate Road         |  24.3% | NORMAL

⏱ 11:29:54 ────────────────────────────────────────
🔴 [MKCE_LID_01] Main Gate Road         |   100% | CRITICAL
🟢 [MKCE_LID_02] Academic Block Road    |     0% | NORMAL
🟡 [MKCE_LID_03] Central Avenue         |  51.0% | WARNING
🟢 [MKCE_LID_04] Library Road           |     0% | NORMAL
🔴 [MKCE_LID_05] Workshop Road          |   100% | CRITICAL
🔴 [MKCE_LID_06] Hostel Block Road      |   100% | CRITICAL
🟢 [MKCE_LID_07] Hostel Ring Road       |  37.4% | NORMAL
🟡 [MKCE_LID_08] Playground Perimeter Rd |  40.7% | WARNING
🟢 [MKCE_LID_09] Canteen Road           |   0.6% | NORMAL
🟢 [MKCE_LID_10] Back Gate Road         |  21.6% | NORMAL

⏱ 11:29:57 ────────────────────────────────────────
🔴 [MKCE_LID_01] Main Gate Road         |   100% | CRITICAL
🟢 [MKCE_LID_02] Academic Block Road    |     0% | NORMAL
🟡 [MKCE_LID_03] Central Avenue         |  52.7% | WARNING
🟢 [MKCE_LID_04] Library Road           |     0% | NORMAL
🔴 [MKCE_LID_05] Workshop Road          |   100% | CRITICAL
🔴 [MKCE_LID_06] Hostel Block Road      |   100% | CRITICAL
🟢 [MKCE_LID_07] Hostel Ring Road       |  36.6% | NORMAL
🟡 [MKCE_LID_08] Playground Perimeter Rd |  44.1% | WARNING
🟢 [MKCE_LID_09] Canteen Road           |   0.9% | NORMAL
🟢 [MKCE_LID_10] Back Gate Road         |     0% | NORMAL

⏱ 11:30:00 ────────────────────────────────────────
🔴 [MKCE_LID_01] Main Gate Road         |   100% | CRITICAL
🟢 [MKCE_LID_02] Academic Block Road    |     0% | NORMAL
🟡 [MKCE_LID_03] Central Avenue         |  54.1% | WARNING
🟢 [MKCE_LID_04] Library Road           |     0% | NORMAL
🔴 [MKCE_LID_05] Workshop Road          |   100% | CRITICAL
🔴 [MKCE_LID_06] Hostel Block Road      |   100% | CRITICAL
🟢 [MKCE_LID_07] Hostel Ring Road       |  35.5% | NORMAL
🟡 [MKCE_LID_08] Playground Perimeter Rd |  48.0% | WARNING
🟢 [MKCE_LID_09] Canteen Road           |   1.7% | NORMAL
🟢 [MKCE_LID_10] Back Gate Road         |     0% | NORMAL

⏱ 11:30:03 ────────────────────────────────────────
🔴 [MKCE_LID_01] Main Gate Road         |   100% | CRITICAL
🟢 [MKCE_LID_02] Academic Block Road    |     0% | NORMAL
🟡 [MKCE_LID_03] Central Avenue         |  54.9% | WARNING
🟢 [MKCE_LID_04] Library Road           |     0% | NORMAL
🔴 [MKCE_LID_05] Workshop Road          |   100% | CRITICAL
🔴 [MKCE_LID_06] Hostel Block Road      |   100% | CRITICAL
🟢 [MKCE_LID_07] Hostel Ring Road       |   4.3% | NORMAL
🟢 [MKCE_LID_08] Playground Perimeter Rd |  21.3% | NORMAL
🟢 [MKCE_LID_09] Canteen Road           |   1.9% | NORMAL
🟢 [MKCE_LID_10] Back Gate Road         |     0% | NORMAL

⏱ 11:30:06 ────────────────────────────────────────
🔴 [MKCE_LID_01] Main Gate Road         |   100% | CRITICAL
🟢 [MKCE_LID_02] Academic Block Road    |     0% | NORMAL
🟡 [MKCE_LID_03] Central Avenue         |  56.3% | WARNING
🟢 [MKCE_LID_04] Library Road           |     0% | NORMAL
🔴 [MKCE_LID_05] Workshop Road          |   100% | CRITICAL
🔴 [MKCE_LID_06] Hostel Block Road      |   100% | CRITICAL
🟢 [MKCE_LID_07] Hostel Ring Road       |   3.9% | NORMAL
🟢 [MKCE_LID_08] Playground Perimeter Rd |  25.5% | NORMAL
🟢 [MKCE_LID_09] Canteen Road           |   1.9% | NORMAL
🟢 [MKCE_LID_10] Back Gate Road         |     0% | NORMAL

⏱ 11:30:09 ────────────────────────────────────────
🔴 [MKCE_LID_01] Main Gate Road         |   100% | CRITICAL
🟢 [MKCE_LID_02] Academic Block Road    |     0% | NORMAL
🟡 [MKCE_LID_03] Central Avenue         |  56.8% | WARNING
🟢 [MKCE_LID_04] Library Road           |     0% | NORMAL
🔴 [MKCE_LID_05] Workshop Road          |   100% | CRITICAL
🔴 [MKCE_LID_06] Hostel Block Road      |   100% | CRITICAL
🟢 [MKCE_LID_07] Hostel Ring Road       |   3.8% | NORMAL
🟢 [MKCE_LID_08] Playground Perimeter Rd |  28.8% | NORMAL
🟢 [MKCE_LID_09] Canteen Road           |   2.1% | NORMAL
🟢 [MKCE_LID_10] Back Gate Road         |     0% | NORMAL

⏱ 11:30:13 ────────────────────────────────────────
🔴 [MKCE_LID_01] Main Gate Road         |   100% | CRITICAL
🟢 [MKCE_LID_02] Academic Block Road    |     0% | NORMAL
🔴 [MKCE_LID_03] Central Avenue         |  87.4% | CRITICAL
🟢 [MKCE_LID_04] Library Road           |     0% | NORMAL
🔴 [MKCE_LID_05] Workshop Road          |   100% | CRITICAL
🔴 [MKCE_LID_06] Hostel Block Road      |   100% | CRITICAL
🟢 [MKCE_LID_07] Hostel Ring Road       |   3.7% | NORMAL
🟢 [MKCE_LID_08] Playground Perimeter Rd |  31.8% | NORMAL
🟢 [MKCE_LID_09] Canteen Road           |   2.8% | NORMAL
🟢 [MKCE_LID_10] Back Gate Road         |     0% | NORMAL

⏱ 11:30:16 ────────────────────────────────────────
🔴 [MKCE_LID_01] Main Gate Road         |   100% | CRITICAL
🟢 [MKCE_LID_02] Academic Block Road    |     0% | NORMAL
🔴 [MKCE_LID_03] Central Avenue         |  87.5% | CRITICAL
🟢 [MKCE_LID_04] Library Road           |     0% | NORMAL
🔴 [MKCE_LID_05] Workshop Road          |   100% | CRITICAL
🔴 [MKCE_LID_06] Hostel Block Road      |   100% | CRITICAL
🟢 [MKCE_LID_07] Hostel Ring Road       |   3.2% | NORMAL
🟢 [MKCE_LID_08] Playground Perimeter Rd |  34.6% | NORMAL
🟢 [MKCE_LID_09] Canteen Road           |     0% | NORMAL
🟢 [MKCE_LID_10] Back Gate Road         |     0% | NORMAL

⏱ 11:30:19 ────────────────────────────────────────
🔴 [MKCE_LID_01] Main Gate Road         |   100% | CRITICAL
🟢 [MKCE_LID_02] Academic Block Road    |     0% | NORMAL
🔴 [MKCE_LID_03] Central Avenue         |  87.3% | CRITICAL
🟢 [MKCE_LID_04] Library Road           |     0% | NORMAL
🔴 [MKCE_LID_05] Workshop Road          |   100% | CRITICAL
🔴 [MKCE_LID_06] Hostel Block Road      |   100% | CRITICAL
🟢 [MKCE_LID_07] Hostel Ring Road       |   3.1% | NORMAL
🟢 [MKCE_LID_08] Playground Perimeter Rd |  38.3% | NORMAL
🟢 [MKCE_LID_09] Canteen Road           |     0% | NORMAL
🟢 [MKCE_LID_10] Back Gate Road         |     0% | NORMAL

⏱ 11:30:22 ────────────────────────────────────────
🔴 [MKCE_LID_01] Main Gate Road         |   100% | CRITICAL
🟢 [MKCE_LID_02] Academic Block Road    |     0% | NORMAL
🔴 [MKCE_LID_03] Central Avenue         |  87.3% | CRITICAL
🟢 [MKCE_LID_04] Library Road           |     0% | NORMAL
🔴 [MKCE_LID_05] Workshop Road          |   100% | CRITICAL
🔴 [MKCE_LID_06] Hostel Block Road      |   100% | CRITICAL
🟢 [MKCE_LID_07] Hostel Ring Road       |   2.2% | NORMAL
🟡 [MKCE_LID_08] Playground Perimeter Rd |  41.1% | WARNING
🟢 [MKCE_LID_09] Canteen Road           |     0% | NORMAL
🟢 [MKCE_LID_10] Back Gate Road         |     0% | NORMAL

⏱ 11:30:25 ────────────────────────────────────────
🔴 [MKCE_LID_01] Main Gate Road         |   100% | CRITICAL
🟢 [MKCE_LID_02] Academic Block Road    |     0% | NORMAL
🔴 [MKCE_LID_03] Central Avenue         |  86.9% | CRITICAL
🟢 [MKCE_LID_04] Library Road           |     0% | NORMAL
🔴 [MKCE_LID_05] Workshop Road          |   100% | CRITICAL
🔴 [MKCE_LID_06] Hostel Block Road      |   100% | CRITICAL
🟢 [MKCE_LID_07] Hostel Ring Road       |   0.7% | NORMAL
🟡 [MKCE_LID_08] Playground Perimeter Rd |  43.7% | WARNING
🟢 [MKCE_LID_09] Canteen Road           |     0% | NORMAL
🟢 [MKCE_LID_10] Back Gate Road         |     0% | NORMAL

⏱ 11:30:28 ────────────────────────────────────────
🔴 [MKCE_LID_01] Main Gate Road         |   100% | CRITICAL
🟢 [MKCE_LID_02] Academic Block Road    |     0% | NORMAL
🔴 [MKCE_LID_03] Central Avenue         |  86.3% | CRITICAL
🟢 [MKCE_LID_04] Library Road           |     0% | NORMAL
🔴 [MKCE_LID_05] Workshop Road          |   100% | CRITICAL
🔴 [MKCE_LID_06] Hostel Block Road      |   100% | CRITICAL
🟢 [MKCE_LID_07] Hostel Ring Road       |     0% | NORMAL
🟡 [MKCE_LID_08] Playground Perimeter Rd |  47.3% | WARNING
🟢 [MKCE_LID_09] Canteen Road           |     0% | NORMAL
🟢 [MKCE_LID_10] Back Gate Road         |     0% | NORMAL

⏱ 11:30:31 ────────────────────────────────────────
🔴 [MKCE_LID_01] Main Gate Road         |   100% | CRITICAL
🟢 [MKCE_LID_02] Academic Block Road    |     0% | NORMAL
🔴 [MKCE_LID_03] Central Avenue         |  85.1% | CRITICAL
🟢 [MKCE_LID_04] Library Road           |     0% | NORMAL
🔴 [MKCE_LID_05] Workshop Road          |   100% | CRITICAL
🔴 [MKCE_LID_06] Hostel Block Road      |   100% | CRITICAL
🟢 [MKCE_LID_07] Hostel Ring Road       |     0% | NORMAL
🟡 [MKCE_LID_08] Playground Perimeter Rd |  51.0% | WARNING
🟢 [MKCE_LID_09] Canteen Road           |     0% | NORMAL
🟢 [MKCE_LID_10] Back Gate Road         |    30% | NORMAL

⏱ 11:30:34 ────────────────────────────────────────
🔴 [MKCE_LID_01] Main Gate Road         |   100% | CRITICAL
🟢 [MKCE_LID_02] Academic Block Road    |     0% | NORMAL
🔴 [MKCE_LID_03] Central Avenue         |   100% | CRITICAL
🟢 [MKCE_LID_04] Library Road           |     0% | NORMAL
🔴 [MKCE_LID_05] Workshop Road          |   100% | CRITICAL
🔴 [MKCE_LID_06] Hostel Block Road      |   100% | CRITICAL
🟢 [MKCE_LID_07] Hostel Ring Road       |     0% | NORMAL
🟡 [MKCE_LID_08] Playground Perimeter Rd |  54.2% | WARNING
🟢 [MKCE_LID_09] Canteen Road           |     0% | NORMAL
🟢 [MKCE_LID_10] Back Gate Road         |  25.4% | NORMAL

⏱ 11:30:37 ────────────────────────────────────────
🔴 [MKCE_LID_01] Main Gate Road         |   100% | CRITICAL
🟢 [MKCE_LID_02] Academic Block Road    |     0% | NORMAL
🔴 [MKCE_LID_03] Central Avenue         |  98.6% | CRITICAL
🟢 [MKCE_LID_04] Library Road           |     0% | NORMAL
🔴 [MKCE_LID_05] Workshop Road          |   100% | CRITICAL
🔴 [MKCE_LID_06] Hostel Block Road      |   100% | CRITICAL
🟢 [MKCE_LID_07] Hostel Ring Road       |    30% | NORMAL
🟡 [MKCE_LID_08] Playground Perimeter Rd |  56.9% | WARNING
🟢 [MKCE_LID_09] Canteen Road           |     0% | NORMAL
🟢 [MKCE_LID_10] Back Gate Road         |  20.4% | NORMAL

⏱ 11:30:40 ────────────────────────────────────────
🔴 [MKCE_LID_01] Main Gate Road         |   100% | CRITICAL
🟢 [MKCE_LID_02] Academic Block Road    |     0% | NORMAL
🟡 [MKCE_LID_03] Central Avenue         |  67.0% | WARNING
🟢 [MKCE_LID_04] Library Road           |     0% | NORMAL
🔴 [MKCE_LID_05] Workshop Road          |   100% | CRITICAL
🔴 [MKCE_LID_06] Hostel Block Road      |   100% | CRITICAL
🟢 [MKCE_LID_07] Hostel Ring Road       |  28.7% | NORMAL
🟡 [MKCE_LID_08] Playground Perimeter Rd |  59.5% | WARNING
🟢 [MKCE_LID_09] Canteen Road           |     0% | NORMAL
🟢 [MKCE_LID_10] Back Gate Road         |  15.7% | NORMAL

⏱ 11:30:43 ────────────────────────────────────────
🔴 [MKCE_LID_01] Main Gate Road         |   100% | CRITICAL
🟢 [MKCE_LID_02] Academic Block Road    |     0% | NORMAL
🟡 [MKCE_LID_03] Central Avenue         |  64.8% | WARNING
🟢 [MKCE_LID_04] Library Road           |     0% | NORMAL
🔴 [MKCE_LID_05] Workshop Road          |   100% | CRITICAL
🔴 [MKCE_LID_06] Hostel Block Road      |   100% | CRITICAL
🟢 [MKCE_LID_07] Hostel Ring Road       |  27.2% | NORMAL
🟡 [MKCE_LID_08] Playground Perimeter Rd |  61.7% | WARNING
🟢 [MKCE_LID_09] Canteen Road           |     0% | NORMAL
🟢 [MKCE_LID_10] Back Gate Road         |  11.2% | NORMAL

⏱ 11:30:46 ────────────────────────────────────────
🔴 [MKCE_LID_01] Main Gate Road         |   100% | CRITICAL
🟢 [MKCE_LID_02] Academic Block Road    |     0% | NORMAL
🟡 [MKCE_LID_03] Central Avenue         |  62.0% | WARNING
🟢 [MKCE_LID_04] Library Road           |     0% | NORMAL
🔴 [MKCE_LID_05] Workshop Road          |   100% | CRITICAL
🔴 [MKCE_LID_06] Hostel Block Road      |   100% | CRITICAL
🟢 [MKCE_LID_07] Hostel Ring Road       |  25.2% | NORMAL
🟡 [MKCE_LID_08] Playground Perimeter Rd |  63.4% | WARNING
🟢 [MKCE_LID_09] Canteen Road           |     0% | NORMAL
🟢 [MKCE_LID_10] Back Gate Road         |   7.1% | NORMAL

⏱ 11:30:49 ────────────────────────────────────────
🔴 [MKCE_LID_01] Main Gate Road         |   100% | CRITICAL
🟢 [MKCE_LID_02] Academic Block Road    |     0% | NORMAL
🔴 [MKCE_LID_03] Central Avenue         |  88.7% | CRITICAL
🟢 [MKCE_LID_04] Library Road           |     0% | NORMAL
🔴 [MKCE_LID_05] Workshop Road          |   100% | CRITICAL
🔴 [MKCE_LID_06] Hostel Block Road      |   100% | CRITICAL
🟢 [MKCE_LID_07] Hostel Ring Road       |  23.8% | NORMAL
🟡 [MKCE_LID_08] Playground Perimeter Rd |  65.6% | WARNING
🟢 [MKCE_LID_09] Canteen Road           |     0% | NORMAL
🟢 [MKCE_LID_10] Back Gate Road         |   3.4% | NORMAL

⏱ 11:30:52 ────────────────────────────────────────
🔴 [MKCE_LID_01] Main Gate Road         |   100% | CRITICAL
🟢 [MKCE_LID_02] Academic Block Road    |     0% | NORMAL
🔴 [MKCE_LID_03] Central Avenue         |  85.3% | CRITICAL
🟢 [MKCE_LID_04] Library Road           |     0% | NORMAL
🔴 [MKCE_LID_05] Workshop Road          |   100% | CRITICAL
🔴 [MKCE_LID_06] Hostel Block Road      |   100% | CRITICAL
🟢 [MKCE_LID_07] Hostel Ring Road       |  23.2% | NORMAL
🟡 [MKCE_LID_08] Playground Perimeter Rd |  68.9% | WARNING
🟢 [MKCE_LID_09] Canteen Road           |     0% | NORMAL
🟢 [MKCE_LID_10] Back Gate Road         |  30.2% | NORMAL

⏱ 11:30:55 ────────────────────────────────────────
🔴 [MKCE_LID_01] Main Gate Road         |   100% | CRITICAL
🟢 [MKCE_LID_02] Academic Block Road    |     0% | NORMAL
🔴 [MKCE_LID_03] Central Avenue         |  81.0% | CRITICAL
🟢 [MKCE_LID_04] Library Road           |     0% | NORMAL
🔴 [MKCE_LID_05] Workshop Road          |   100% | CRITICAL
🔴 [MKCE_LID_06] Hostel Block Road      |   100% | CRITICAL
🟢 [MKCE_LID_07] Hostel Ring Road       |  22.4% | NORMAL
🔴 [MKCE_LID_08] Playground Perimeter Rd |  72.7% | CRITICAL
🟢 [MKCE_LID_09] Canteen Road           |    30% | NORMAL
🟢 [MKCE_LID_10] Back Gate Road         |  27.6% | NORMAL

⏱ 11:30:58 ────────────────────────────────────────
🔴 [MKCE_LID_01] Main Gate Road         |   100% | CRITICAL
🟢 [MKCE_LID_02] Academic Block Road    |     0% | NORMAL
🔴 [MKCE_LID_03] Central Avenue         |  76.7% | CRITICAL
🟢 [MKCE_LID_04] Library Road           |     0% | NORMAL
🔴 [MKCE_LID_05] Workshop Road          |   100% | CRITICAL
🔴 [MKCE_LID_06] Hostel Block Road      |   100% | CRITICAL
🟢 [MKCE_LID_07] Hostel Ring Road       |  21.7% | NORMAL
🔴 [MKCE_LID_08] Playground Perimeter Rd |  76.6% | CRITICAL
🟢 [MKCE_LID_09] Canteen Road           |  25.9% | NORMAL
🟢 [MKCE_LID_10] Back Gate Road         |  24.6% | NORMAL

⏱ 11:31:01 ────────────────────────────────────────
🔴 [MKCE_LID_01] Main Gate Road         |   100% | CRITICAL
🟢 [MKCE_LID_02] Academic Block Road    |     0% | NORMAL
🔴 [MKCE_LID_03] Central Avenue         |  71.8% | CRITICAL
🟢 [MKCE_LID_04] Library Road           |     0% | NORMAL
🔴 [MKCE_LID_05] Workshop Road          |   100% | CRITICAL
🔴 [MKCE_LID_06] Hostel Block Road      |   100% | CRITICAL
🟢 [MKCE_LID_07] Hostel Ring Road       |  20.1% | NORMAL
🟡 [MKCE_LID_08] Playground Perimeter Rd |  50.5% | WARNING
🟢 [MKCE_LID_09] Canteen Road           |  22.3% | NORMAL
🟢 [MKCE_LID_10] Back Gate Road         |  21.0% | NORMAL

⏱ 11:31:04 ────────────────────────────────────────
🔴 [MKCE_LID_01] Main Gate Road         |   100% | CRITICAL
🟢 [MKCE_LID_02] Academic Block Road    |     0% | NORMAL
🟡 [MKCE_LID_03] Central Avenue         |  66.8% | WARNING
🟢 [MKCE_LID_04] Library Road           |    30% | NORMAL
🔴 [MKCE_LID_05] Workshop Road          |   100% | CRITICAL
🔴 [MKCE_LID_06] Hostel Block Road      |   100% | CRITICAL
🟢 [MKCE_LID_07] Hostel Ring Road       |  18.4% | NORMAL
🟡 [MKCE_LID_08] Playground Perimeter Rd |  54.0% | WARNING
🟢 [MKCE_LID_09] Canteen Road           |  17.7% | NORMAL
🟢 [MKCE_LID_10] Back Gate Road         |  17.3% | NORMAL

⏱ 11:31:08 ────────────────────────────────────────
🔴 [MKCE_LID_01] Main Gate Road         |   100% | CRITICAL
🟢 [MKCE_LID_02] Academic Block Road    |     0% | NORMAL
🟡 [MKCE_LID_03] Central Avenue         |  61.8% | WARNING
🟢 [MKCE_LID_04] Library Road           |     0% | NORMAL
🔴 [MKCE_LID_05] Workshop Road          |   100% | CRITICAL
🔴 [MKCE_LID_06] Hostel Block Road      |   100% | CRITICAL
🟢 [MKCE_LID_07] Hostel Ring Road       |  17.8% | NORMAL
🟡 [MKCE_LID_08] Playground Perimeter Rd |  56.9% | WARNING
🟢 [MKCE_LID_09] Canteen Road           |  12.9% | NORMAL
🟢 [MKCE_LID_10] Back Gate Road         |  14.1% | NORMAL

⏱ 11:31:11 ────────────────────────────────────────
🔴 [MKCE_LID_01] Main Gate Road         |   100% | CRITICAL
🟢 [MKCE_LID_02] Academic Block Road    |     0% | NORMAL
🔴 [MKCE_LID_03] Central Avenue         |  87.6% | CRITICAL
🟢 [MKCE_LID_04] Library Road           |     0% | NORMAL
🔴 [MKCE_LID_05] Workshop Road          |   100% | CRITICAL
🔴 [MKCE_LID_06] Hostel Block Road      |   100% | CRITICAL
🟢 [MKCE_LID_07] Hostel Ring Road       |  17.4% | NORMAL
🟡 [MKCE_LID_08] Playground Perimeter Rd |  59.9% | WARNING
🟢 [MKCE_LID_09] Canteen Road           |   8.4% | NORMAL
🟢 [MKCE_LID_10] Back Gate Road         |  10.3% | NORMAL

⏱ 11:31:14 ────────────────────────────────────────
🔴 [MKCE_LID_01] Main Gate Road         |   100% | CRITICAL
🟢 [MKCE_LID_02] Academic Block Road    |     0% | NORMAL
🔴 [MKCE_LID_03] Central Avenue         |  84.4% | CRITICAL
🟢 [MKCE_LID_04] Library Road           |     0% | NORMAL
🔴 [MKCE_LID_05] Workshop Road          |   100% | CRITICAL
🔴 [MKCE_LID_06] Hostel Block Road      |   100% | CRITICAL
🟢 [MKCE_LID_07] Hostel Ring Road       |  17.1% | NORMAL
🟡 [MKCE_LID_08] Playground Perimeter Rd |  63.9% | WARNING
🟢 [MKCE_LID_09] Canteen Road           |   4.7% | NORMAL
🟢 [MKCE_LID_10] Back Gate Road         |   7.4% | NORMAL

⏱ 11:31:17 ────────────────────────────────────────
🔴 [MKCE_LID_01] Main Gate Road         |   100% | CRITICAL
🟢 [MKCE_LID_02] Academic Block Road    |     0% | NORMAL
🔴 [MKCE_LID_03] Central Avenue         |  80.4% | CRITICAL
🟢 [MKCE_LID_04] Library Road           |     0% | NORMAL
🔴 [MKCE_LID_05] Workshop Road          |   100% | CRITICAL
🟡 [MKCE_LID_06] Hostel Block Road      |    70% | WARNING
🟢 [MKCE_LID_07] Hostel Ring Road       |  17.2% | NORMAL
🟡 [MKCE_LID_08] Playground Perimeter Rd |  67.4% | WARNING
🟢 [MKCE_LID_09] Canteen Road           |   0.7% | NORMAL
🟢 [MKCE_LID_10] Back Gate Road         |   4.2% | NORMAL

⏱ 11:31:20 ────────────────────────────────────────
🔴 [MKCE_LID_01] Main Gate Road         |   100% | CRITICAL
🟢 [MKCE_LID_02] Academic Block Road    |     0% | NORMAL
🔴 [MKCE_LID_03] Central Avenue         |  77.0% | CRITICAL
🟢 [MKCE_LID_04] Library Road           |     0% | NORMAL
🔴 [MKCE_LID_05] Workshop Road          |   100% | CRITICAL
🟡 [MKCE_LID_06] Hostel Block Road      |  44.0% | WARNING
🟢 [MKCE_LID_07] Hostel Ring Road       |  16.9% | NORMAL
🔴 [MKCE_LID_08] Playground Perimeter Rd |  71.2% | CRITICAL
🟢 [MKCE_LID_09] Canteen Road           |     0% | NORMAL
🟢 [MKCE_LID_10] Back Gate Road         |   0.1% | NORMAL

⏱ 11:31:23 ────────────────────────────────────────
🔴 [MKCE_LID_01] Main Gate Road         |   100% | CRITICAL
🟢 [MKCE_LID_02] Academic Block Road    |     0% | NORMAL
🔴 [MKCE_LID_03] Central Avenue         |  73.6% | CRITICAL
🟢 [MKCE_LID_04] Library Road           |     0% | NORMAL
🔴 [MKCE_LID_05] Workshop Road          |   100% | CRITICAL
🟡 [MKCE_LID_06] Hostel Block Road      |  48.8% | WARNING
🟢 [MKCE_LID_07] Hostel Ring Road       |  17.1% | NORMAL
🔴 [MKCE_LID_08] Playground Perimeter Rd |  75.0% | CRITICAL
🟢 [MKCE_LID_09] Canteen Road           |     0% | NORMAL
🟢 [MKCE_LID_10] Back Gate Road         |     0% | NORMAL

⏱ 11:31:26 ────────────────────────────────────────
🔴 [MKCE_LID_01] Main Gate Road         |   100% | CRITICAL
🟢 [MKCE_LID_02] Academic Block Road    |     0% | NORMAL
🟡 [MKCE_LID_03] Central Avenue         |  70.0% | WARNING
🟢 [MKCE_LID_04] Library Road           |     0% | NORMAL
🔴 [MKCE_LID_05] Workshop Road          |   100% | CRITICAL
🟡 [MKCE_LID_06] Hostel Block Road      |  52.7% | WARNING
🟢 [MKCE_LID_07] Hostel Ring Road       |  17.8% | NORMAL
🔴 [MKCE_LID_08] Playground Perimeter Rd |  78.4% | CRITICAL
🟢 [MKCE_LID_09] Canteen Road           |     0% | NORMAL
🟢 [MKCE_LID_10] Back Gate Road         |     0% | NORMAL

⏱ 11:31:29 ────────────────────────────────────────
🟡 [MKCE_LID_01] Main Gate Road         |    70% | WARNING
🟢 [MKCE_LID_02] Academic Block Road    |     0% | NORMAL
🟡 [MKCE_LID_03] Central Avenue         |  65.6% | WARNING
🟢 [MKCE_LID_04] Library Road           |    30% | NORMAL
🔴 [MKCE_LID_05] Workshop Road          |   100% | CRITICAL
🟡 [MKCE_LID_06] Hostel Block Road      |  56.4% | WARNING
🟢 [MKCE_LID_07] Hostel Ring Road       |  18.8% | NORMAL
🔴 [MKCE_LID_08] Playground Perimeter Rd |  81.0% | CRITICAL
🟢 [MKCE_LID_09] Canteen Road           |     0% | NORMAL
🟢 [MKCE_LID_10] Back Gate Road         |     0% | NORMAL

⏱ 11:31:32 ────────────────────────────────────────
🔴 [MKCE_LID_01] Main Gate Road         |  71.8% | CRITICAL
🟢 [MKCE_LID_02] Academic Block Road    |     0% | NORMAL
🟡 [MKCE_LID_03] Central Avenue         |  60.8% | WARNING
🟢 [MKCE_LID_04] Library Road           |  25.8% | NORMAL
🔴 [MKCE_LID_05] Workshop Road          |   100% | CRITICAL
🟡 [MKCE_LID_06] Hostel Block Road      |  60.8% | WARNING
🟢 [MKCE_LID_07] Hostel Ring Road       |  20.0% | NORMAL
🔴 [MKCE_LID_08] Playground Perimeter Rd |  82.8% | CRITICAL
🟢 [MKCE_LID_09] Canteen Road           |     0% | NORMAL
🟢 [MKCE_LID_10] Back Gate Road         |     0% | NORMAL

⏱ 11:31:35 ────────────────────────────────────────
🔴 [MKCE_LID_01] Main Gate Road         |  73.9% | CRITICAL
🟢 [MKCE_LID_02] Academic Block Road    |     0% | NORMAL
🟡 [MKCE_LID_03] Central Avenue         |  55.8% | WARNING
🟢 [MKCE_LID_04] Library Road           |  21.3% | NORMAL
🔴 [MKCE_LID_05] Workshop Road          |   100% | CRITICAL
🟡 [MKCE_LID_06] Hostel Block Road      |  64.6% | WARNING
🟢 [MKCE_LID_07] Hostel Ring Road       |  20.4% | NORMAL
🔴 [MKCE_LID_08] Playground Perimeter Rd |  85.3% | CRITICAL
🟢 [MKCE_LID_09] Canteen Road           |     0% | NORMAL
🟢 [MKCE_LID_10] Back Gate Road         |     0% | NORMAL

⏱ 11:31:38 ────────────────────────────────────────
🔴 [MKCE_LID_01] Main Gate Road         |  75.2% | CRITICAL
🟢 [MKCE_LID_02] Academic Block Road    |     0% | NORMAL
🟡 [MKCE_LID_03] Central Avenue         |  51.4% | WARNING
🟢 [MKCE_LID_04] Library Road           |  16.3% | NORMAL
🔴 [MKCE_LID_05] Workshop Road          |   100% | CRITICAL
🟡 [MKCE_LID_06] Hostel Block Road      |  68.4% | WARNING
🟢 [MKCE_LID_07] Hostel Ring Road       |  21.6% | NORMAL
🟡 [MKCE_LID_08] Playground Perimeter Rd |  58.3% | WARNING
🟢 [MKCE_LID_09] Canteen Road           |     0% | NORMAL
🟢 [MKCE_LID_10] Back Gate Road         |     0% | NORMAL

⏱ 11:31:41 ────────────────────────────────────────
🔴 [MKCE_LID_01] Main Gate Road         |  76.5% | CRITICAL
🟢 [MKCE_LID_02] Academic Block Road    |     0% | NORMAL
🟡 [MKCE_LID_03] Central Avenue         |  47.4% | WARNING
🟢 [MKCE_LID_04] Library Road           |  11.3% | NORMAL
🔴 [MKCE_LID_05] Workshop Road          |   100% | CRITICAL
🔴 [MKCE_LID_06] Hostel Block Road      |  71.9% | CRITICAL
🟢 [MKCE_LID_07] Hostel Ring Road       |  22.8% | NORMAL
🟡 [MKCE_LID_08] Playground Perimeter Rd |  61.5% | WARNING
🟢 [MKCE_LID_09] Canteen Road           |     0% | NORMAL
🟢 [MKCE_LID_10] Back Gate Road         |     0% | NORMAL

⏱ 11:31:44 ────────────────────────────────────────
🔴 [MKCE_LID_01] Main Gate Road         |  77.8% | CRITICAL
🟢 [MKCE_LID_02] Academic Block Road    |     0% | NORMAL
🟡 [MKCE_LID_03] Central Avenue         |  43.4% | WARNING
🟢 [MKCE_LID_04] Library Road           |   6.3% | NORMAL
🔴 [MKCE_LID_05] Workshop Road          |   100% | CRITICAL
🔴 [MKCE_LID_06] Hostel Block Road      |  74.5% | CRITICAL
🟢 [MKCE_LID_07] Hostel Ring Road       |  24.5% | NORMAL
🟡 [MKCE_LID_08] Playground Perimeter Rd |  63.8% | WARNING
🟢 [MKCE_LID_09] Canteen Road           |     0% | NORMAL
🟢 [MKCE_LID_10] Back Gate Road         |     0% | NORMAL

⏱ 11:31:47 ────────────────────────────────────────
🔴 [MKCE_LID_01] Main Gate Road         |  78.9% | CRITICAL
🟢 [MKCE_LID_02] Academic Block Road    |     0% | NORMAL
🟢 [MKCE_LID_03] Central Avenue         |  39.8% | NORMAL
🟢 [MKCE_LID_04] Library Road           |   1.7% | NORMAL
🔴 [MKCE_LID_05] Workshop Road          |   100% | CRITICAL
🔴 [MKCE_LID_06] Hostel Block Road      |  76.4% | CRITICAL
🟢 [MKCE_LID_07] Hostel Ring Road       |  25.9% | NORMAL
🟡 [MKCE_LID_08] Playground Perimeter Rd |  65.7% | WARNING
🟢 [MKCE_LID_09] Canteen Road           |     0% | NORMAL
🟢 [MKCE_LID_10] Back Gate Road         |     0% | NORMAL

⏱ 11:31:50 ────────────────────────────────────────
🟡 [MKCE_LID_01] Main Gate Road         |  49.5% | WARNING
🟢 [MKCE_LID_02] Academic Block Road    |     0% | NORMAL
🟢 [MKCE_LID_03] Central Avenue         |  36.3% | NORMAL
🟢 [MKCE_LID_04] Library Road           |     0% | NORMAL
🔴 [MKCE_LID_05] Workshop Road          |   100% | CRITICAL
🔴 [MKCE_LID_06] Hostel Block Road      |  78.6% | CRITICAL
🟢 [MKCE_LID_07] Hostel Ring Road       |  26.5% | NORMAL
🟡 [MKCE_LID_08] Playground Perimeter Rd |  67.6% | WARNING
🟢 [MKCE_LID_09] Canteen Road           |     0% | NORMAL
🟢 [MKCE_LID_10] Back Gate Road         |     0% | NORMAL

⏱ 11:31:54 ────────────────────────────────────────
🟡 [MKCE_LID_01] Main Gate Road         |  49.9% | WARNING
🟢 [MKCE_LID_02] Academic Block Road    |     0% | NORMAL
🟢 [MKCE_LID_03] Central Avenue         |  33.0% | NORMAL
🟢 [MKCE_LID_04] Library Road           |     0% | NORMAL
🔴 [MKCE_LID_05] Workshop Road          |   100% | CRITICAL
🔴 [MKCE_LID_06] Hostel Block Road      |  80.1% | CRITICAL
🟢 [MKCE_LID_07] Hostel Ring Road       |  27.0% | NORMAL
🔴 [MKCE_LID_08] Playground Perimeter Rd |  70.1% | CRITICAL
🟢 [MKCE_LID_09] Canteen Road           |     0% | NORMAL
🟢 [MKCE_LID_10] Back Gate Road         |     0% | NORMAL

⏱ 11:31:57 ────────────────────────────────────────
🟡 [MKCE_LID_01] Main Gate Road         |  49.5% | WARNING
🟢 [MKCE_LID_02] Academic Block Road    |     0% | NORMAL
🟢 [MKCE_LID_03] Central Avenue         |  30.4% | NORMAL
🟢 [MKCE_LID_04] Library Road           |     0% | NORMAL
🔴 [MKCE_LID_05] Workshop Road          |   100% | CRITICAL
🟡 [MKCE_LID_06] Hostel Block Road      |  52.3% | WARNING
🟢 [MKCE_LID_07] Hostel Ring Road       |  28.4% | NORMAL
🔴 [MKCE_LID_08] Playground Perimeter Rd |  71.9% | CRITICAL
🟢 [MKCE_LID_09] Canteen Road           |     0% | NORMAL
🟢 [MKCE_LID_10] Back Gate Road         |     0% | NORMAL

⏱ 11:32:00 ────────────────────────────────────────
🟡 [MKCE_LID_01] Main Gate Road         |  48.3% | WARNING
🟢 [MKCE_LID_02] Academic Block Road    |     0% | NORMAL
🟢 [MKCE_LID_03] Central Avenue         |  27.0% | NORMAL
🟢 [MKCE_LID_04] Library Road           |     0% | NORMAL
🔴 [MKCE_LID_05] Workshop Road          |   100% | CRITICAL
🟡 [MKCE_LID_06] Hostel Block Road      |  53.7% | WARNING
🟢 [MKCE_LID_07] Hostel Ring Road       |  28.9% | NORMAL
🔴 [MKCE_LID_08] Playground Perimeter Rd |  72.9% | CRITICAL
🟢 [MKCE_LID_09] Canteen Road           |     0% | NORMAL
🟢 [MKCE_LID_10] Back Gate Road         |     0% | NORMAL

⏱ 11:32:03 ────────────────────────────────────────
🟡 [MKCE_LID_01] Main Gate Road         |  46.4% | WARNING
🟢 [MKCE_LID_02] Academic Block Road    |     0% | NORMAL
🟢 [MKCE_LID_03] Central Avenue         |  23.3% | NORMAL
🟢 [MKCE_LID_04] Library Road           |     0% | NORMAL
🔴 [MKCE_LID_05] Workshop Road          |   100% | CRITICAL
🟡 [MKCE_LID_06] Hostel Block Road      |  54.3% | WARNING
🟢 [MKCE_LID_07] Hostel Ring Road       |  28.8% | NORMAL
🔴 [MKCE_LID_08] Playground Perimeter Rd |  74.4% | CRITICAL
🟢 [MKCE_LID_09] Canteen Road           |     0% | NORMAL
🟢 [MKCE_LID_10] Back Gate Road         |     0% | NORMAL

⏱ 11:32:06 ────────────────────────────────────────
🟡 [MKCE_LID_01] Main Gate Road         |  44.7% | WARNING
🟢 [MKCE_LID_02] Academic Block Road    |     0% | NORMAL
🟢 [MKCE_LID_03] Central Avenue         |  18.6% | NORMAL
🟢 [MKCE_LID_04] Library Road           |     0% | NORMAL
🔴 [MKCE_LID_05] Workshop Road          |   100% | CRITICAL
🟡 [MKCE_LID_06] Hostel Block Road      |  55.3% | WARNING
🟢 [MKCE_LID_07] Hostel Ring Road       |  28.0% | NORMAL
🔴 [MKCE_LID_08] Playground Perimeter Rd |  76.8% | CRITICAL
🟢 [MKCE_LID_09] Canteen Road           |     0% | NORMAL
🟢 [MKCE_LID_10] Back Gate Road         |     0% | NORMAL

⏱ 11:32:09 ────────────────────────────────────────
🟡 [MKCE_LID_01] Main Gate Road         |  42.3% | WARNING
🟢 [MKCE_LID_02] Academic Block Road    |     0% | NORMAL
🟢 [MKCE_LID_03] Central Avenue         |  13.6% | NORMAL
🟢 [MKCE_LID_04] Library Road           |     0% | NORMAL
🔴 [MKCE_LID_05] Workshop Road          |   100% | CRITICAL
🟡 [MKCE_LID_06] Hostel Block Road      |  56.6% | WARNING
🟢 [MKCE_LID_07] Hostel Ring Road       |  27.7% | NORMAL
🔴 [MKCE_LID_08] Playground Perimeter Rd |  80.1% | CRITICAL
🟢 [MKCE_LID_09] Canteen Road           |     0% | NORMAL
🟢 [MKCE_LID_10] Back Gate Road         |   0.2% | NORMAL

⏱ 11:32:12 ────────────────────────────────────────
🟡 [MKCE_LID_01] Main Gate Road         |  40.5% | WARNING
🟢 [MKCE_LID_02] Academic Block Road    |     0% | NORMAL
🟢 [MKCE_LID_03] Central Avenue         |   8.7% | NORMAL
🟢 [MKCE_LID_04] Library Road           |     0% | NORMAL
🔴 [MKCE_LID_05] Workshop Road          |   100% | CRITICAL
🟡 [MKCE_LID_06] Hostel Block Road      |  58.0% | WARNING
🟢 [MKCE_LID_07] Hostel Ring Road       |  28.1% | NORMAL
🔴 [MKCE_LID_08] Playground Perimeter Rd |  83.9% | CRITICAL
🟢 [MKCE_LID_09] Canteen Road           |     0% | NORMAL
🟢 [MKCE_LID_10] Back Gate Road         |     0% | NORMAL

⏱ 11:32:15 ────────────────────────────────────────
🟢 [MKCE_LID_01] Main Gate Road         |  38.9% | NORMAL
🟢 [MKCE_LID_02] Academic Block Road    |     0% | NORMAL
🟢 [MKCE_LID_03] Central Avenue         |   4.2% | NORMAL
🟢 [MKCE_LID_04] Library Road           |     0% | NORMAL
🔴 [MKCE_LID_05] Workshop Road          |   100% | CRITICAL
🟡 [MKCE_LID_06] Hostel Block Road      |  58.7% | WARNING
🟢 [MKCE_LID_07] Hostel Ring Road       |  29.1% | NORMAL
🔴 [MKCE_LID_08] Playground Perimeter Rd |  88.6% | CRITICAL
🟢 [MKCE_LID_09] Canteen Road           |     0% | NORMAL
🟢 [MKCE_LID_10] Back Gate Road         |     0% | NORMAL

⏱ 11:32:18 ────────────────────────────────────────
🟢 [MKCE_LID_01] Main Gate Road         |  37.3% | NORMAL
🟢 [MKCE_LID_02] Academic Block Road    |     0% | NORMAL
🟢 [MKCE_LID_03] Central Avenue         |   0.1% | NORMAL
🟢 [MKCE_LID_04] Library Road           |     0% | NORMAL
🔴 [MKCE_LID_05] Workshop Road          |   100% | CRITICAL
🟡 [MKCE_LID_06] Hostel Block Road      |  60.3% | WARNING
🟢 [MKCE_LID_07] Hostel Ring Road       |  29.6% | NORMAL
🔴 [MKCE_LID_08] Playground Perimeter Rd |  93.3% | CRITICAL
🟢 [MKCE_LID_09] Canteen Road           |     0% | NORMAL
🟢 [MKCE_LID_10] Back Gate Road         |     0% | NORMAL

⏱ 11:32:21 ────────────────────────────────────────
🟢 [MKCE_LID_01] Main Gate Road         |  35.2% | NORMAL
🟢 [MKCE_LID_02] Academic Block Road    |     0% | NORMAL
🟢 [MKCE_LID_03] Central Avenue         |     0% | NORMAL
🟢 [MKCE_LID_04] Library Road           |     0% | NORMAL
🔴 [MKCE_LID_05] Workshop Road          |  99.3% | CRITICAL
🟡 [MKCE_LID_06] Hostel Block Road      |  61.3% | WARNING
🟢 [MKCE_LID_07] Hostel Ring Road       |  30.8% | NORMAL
🔴 [MKCE_LID_08] Playground Perimeter Rd |  98.3% | CRITICAL
🟢 [MKCE_LID_09] Canteen Road           |     0% | NORMAL
🟢 [MKCE_LID_10] Back Gate Road         |     0% | NORMAL

⏱ 11:32:24 ────────────────────────────────────────
🟢 [MKCE_LID_01] Main Gate Road         |  33.0% | NORMAL
🟢 [MKCE_LID_02] Academic Block Road    |     0% | NORMAL
🟢 [MKCE_LID_03] Central Avenue         |     0% | NORMAL
🟢 [MKCE_LID_04] Library Road           |     0% | NORMAL
🔴 [MKCE_LID_05] Workshop Road          |  97.9% | CRITICAL
🟡 [MKCE_LID_06] Hostel Block Road      |  62.3% | WARNING
🟢 [MKCE_LID_07] Hostel Ring Road       |  33.0% | NORMAL
🔴 [MKCE_LID_08] Playground Perimeter Rd |   100% | CRITICAL
🟢 [MKCE_LID_09] Canteen Road           |     0% | NORMAL
🟢 [MKCE_LID_10] Back Gate Road         |     0% | NORMAL

⏱ 11:32:27 ────────────────────────────────────────
🟢 [MKCE_LID_01] Main Gate Road         |  30.5% | NORMAL
🟢 [MKCE_LID_02] Academic Block Road    |     0% | NORMAL
🟢 [MKCE_LID_03] Central Avenue         |     0% | NORMAL
🟢 [MKCE_LID_04] Library Road           |     0% | NORMAL
🔴 [MKCE_LID_05] Workshop Road          |  97.1% | CRITICAL
🟡 [MKCE_LID_06] Hostel Block Road      |  63.8% | WARNING
🟢 [MKCE_LID_07] Hostel Ring Road       |  34.8% | NORMAL
🔴 [MKCE_LID_08] Playground Perimeter Rd |   100% | CRITICAL
🟢 [MKCE_LID_09] Canteen Road           |     0% | NORMAL
🟢 [MKCE_LID_10] Back Gate Road         |     0% | NORMAL

⏱ 11:32:30 ────────────────────────────────────────
🟢 [MKCE_LID_01] Main Gate Road         |  28.9% | NORMAL
🟢 [MKCE_LID_02] Academic Block Road    |     0% | NORMAL
🟢 [MKCE_LID_03] Central Avenue         |     0% | NORMAL
🟢 [MKCE_LID_04] Library Road           |     0% | NORMAL
🔴 [MKCE_LID_05] Workshop Road          |  96.5% | CRITICAL
🟡 [MKCE_LID_06] Hostel Block Road      |  64.3% | WARNING
🟢 [MKCE_LID_07] Hostel Ring Road       |  35.9% | NORMAL
🔴 [MKCE_LID_08] Playground Perimeter Rd |   100% | CRITICAL
🟢 [MKCE_LID_09] Canteen Road           |     0% | NORMAL
🟢 [MKCE_LID_10] Back Gate Road         |     0% | NORMAL

⏱ 11:32:34 ────────────────────────────────────────
🟢 [MKCE_LID_01] Main Gate Road         |  27.3% | NORMAL
🟢 [MKCE_LID_02] Academic Block Road    |     0% | NORMAL
🟢 [MKCE_LID_03] Central Avenue         |     0% | NORMAL
🟢 [MKCE_LID_04] Library Road           |     0% | NORMAL
🔴 [MKCE_LID_05] Workshop Road          |  96.1% | CRITICAL
🟡 [MKCE_LID_06] Hostel Block Road      |  63.8% | WARNING
🟢 [MKCE_LID_07] Hostel Ring Road       |  37.4% | NORMAL
🔴 [MKCE_LID_08] Playground Perimeter Rd |   100% | CRITICAL
🟢 [MKCE_LID_09] Canteen Road           |     0% | NORMAL
🟢 [MKCE_LID_10] Back Gate Road         |     0% | NORMAL

⏱ 11:32:37 ────────────────────────────────────────
🟢 [MKCE_LID_01] Main Gate Road         |  25.1% | NORMAL
🟢 [MKCE_LID_02] Academic Block Road    |     0% | NORMAL
🟢 [MKCE_LID_03] Central Avenue         |     0% | NORMAL
🟢 [MKCE_LID_04] Library Road           |     0% | NORMAL
🔴 [MKCE_LID_05] Workshop Road          |  95.9% | CRITICAL
🟡 [MKCE_LID_06] Hostel Block Road      |  64.0% | WARNING
🟢 [MKCE_LID_07] Hostel Ring Road       |  39.0% | NORMAL
🔴 [MKCE_LID_08] Playground Perimeter Rd |   100% | CRITICAL
🟢 [MKCE_LID_09] Canteen Road           |     0% | NORMAL
🟢 [MKCE_LID_10] Back Gate Road         |     0% | NORMAL

⏱ 11:32:40 ────────────────────────────────────────
🟢 [MKCE_LID_01] Main Gate Road         |  23.5% | NORMAL
🟢 [MKCE_LID_02] Academic Block Road    |     0% | NORMAL
🟢 [MKCE_LID_03] Central Avenue         |     0% | NORMAL
🟢 [MKCE_LID_04] Library Road           |     0% | NORMAL
🔴 [MKCE_LID_05] Workshop Road          |  96.3% | CRITICAL
🟡 [MKCE_LID_06] Hostel Block Road      |  63.7% | WARNING
🟡 [MKCE_LID_07] Hostel Ring Road       |  40.6% | WARNING
🔴 [MKCE_LID_08] Playground Perimeter Rd |   100% | CRITICAL
🟢 [MKCE_LID_09] Canteen Road           |     0% | NORMAL
🟢 [MKCE_LID_10] Back Gate Road         |     0% | NORMAL

⏱ 11:32:43 ────────────────────────────────────────
🟢 [MKCE_LID_01] Main Gate Road         |  22.0% | NORMAL
🟢 [MKCE_LID_02] Academic Block Road    |     0% | NORMAL
🟢 [MKCE_LID_03] Central Avenue         |     0% | NORMAL
🟢 [MKCE_LID_04] Library Road           |     0% | NORMAL
🔴 [MKCE_LID_05] Workshop Road          |  96.8% | CRITICAL
🟡 [MKCE_LID_06] Hostel Block Road      |  63.1% | WARNING
🟡 [MKCE_LID_07] Hostel Ring Road       |  41.9% | WARNING
🔴 [MKCE_LID_08] Playground Perimeter Rd |   100% | CRITICAL
🟢 [MKCE_LID_09] Canteen Road           |     0% | NORMAL
🟢 [MKCE_LID_10] Back Gate Road         |     0% | NORMAL

⏱ 11:32:46 ────────────────────────────────────────
🟢 [MKCE_LID_01] Main Gate Road         |  21.0% | NORMAL
🟢 [MKCE_LID_02] Academic Block Road    |     0% | NORMAL
🟢 [MKCE_LID_03] Central Avenue         |     0% | NORMAL
🟢 [MKCE_LID_04] Library Road           |     0% | NORMAL
🔴 [MKCE_LID_05] Workshop Road          |  97.9% | CRITICAL
🟢 [MKCE_LID_06] Hostel Block Road      |  33.2% | NORMAL
🟡 [MKCE_LID_07] Hostel Ring Road       |  42.8% | WARNING
🔴 [MKCE_LID_08] Playground Perimeter Rd |   100% | CRITICAL
🟢 [MKCE_LID_09] Canteen Road           |     0% | NORMAL
🟢 [MKCE_LID_10] Back Gate Road         |     0% | NORMAL

⏱ 11:37:47 ────────────────────────────────────────
🟢 [MKCE_LID_01] Main Gate Road         |  19.6% | NORMAL
🟢 [MKCE_LID_02] Academic Block Road    |     0% | NORMAL
🟢 [MKCE_LID_03] Central Avenue         |     0% | NORMAL
🟢 [MKCE_LID_04] Library Road           |     0% | NORMAL
🔴 [MKCE_LID_05] Workshop Road          |  99.5% | CRITICAL
🟢 [MKCE_LID_06] Hostel Block Road      |  34.0% | NORMAL
🔴 [MKCE_LID_07] Hostel Ring Road       |  74.6% | CRITICAL
🔴 [MKCE_LID_08] Playground Perimeter Rd |   100% | CRITICAL
🟢 [MKCE_LID_09] Canteen Road           |     0% | NORMAL
🟢 [MKCE_LID_10] Back Gate Road         |     0% | NORMAL

⏱ 11:37:51 ────────────────────────────────────────
🟢 [MKCE_LID_01] Main Gate Road         |     0% | NORMAL
🟢 [MKCE_LID_02] Academic Block Road    |     0% | NORMAL
🟢 [MKCE_LID_03] Central Avenue         |     0% | NORMAL
🟢 [MKCE_LID_04] Library Road           |     0% | NORMAL
🔴 [MKCE_LID_05] Workshop Road          |   100% | CRITICAL
🟢 [MKCE_LID_06] Hostel Block Road      |  35.4% | NORMAL
🟡 [MKCE_LID_07] Hostel Ring Road       |  45.6% | WARNING
🔴 [MKCE_LID_08] Playground Perimeter Rd |   100% | CRITICAL
🟢 [MKCE_LID_09] Canteen Road           |     0% | NORMAL
🟢 [MKCE_LID_10] Back Gate Road         |     0% | NORMAL

⏱ 11:37:54 ────────────────────────────────────────
🟢 [MKCE_LID_01] Main Gate Road         |     0% | NORMAL
🟢 [MKCE_LID_02] Academic Block Road    |     0% | NORMAL
🟢 [MKCE_LID_03] Central Avenue         |     0% | NORMAL
🟢 [MKCE_LID_04] Library Road           |     0% | NORMAL
🟡 [MKCE_LID_05] Workshop Road          |    70% | WARNING
🟢 [MKCE_LID_06] Hostel Block Road      |  37.2% | NORMAL
🟡 [MKCE_LID_07] Hostel Ring Road       |  46.7% | WARNING
🔴 [MKCE_LID_08] Playground Perimeter Rd |   100% | CRITICAL
🟢 [MKCE_LID_09] Canteen Road           |     0% | NORMAL
🟢 [MKCE_LID_10] Back Gate Road         |     0% | NORMAL

⏱ 11:37:57 ────────────────────────────────────────
🟢 [MKCE_LID_01] Main Gate Road         |     0% | NORMAL
🟢 [MKCE_LID_02] Academic Block Road    |     0% | NORMAL
🟢 [MKCE_LID_03] Central Avenue         |     0% | NORMAL
🟢 [MKCE_LID_04] Library Road           |     0% | NORMAL
🔴 [MKCE_LID_05] Workshop Road          |  70.5% | CRITICAL
🟢 [MKCE_LID_06] Hostel Block Road      |  38.4% | NORMAL
🟡 [MKCE_LID_07] Hostel Ring Road       |  48.2% | WARNING
🔴 [MKCE_LID_08] Playground Perimeter Rd |   100% | CRITICAL
🟢 [MKCE_LID_09] Canteen Road           |     0% | NORMAL
🟢 [MKCE_LID_10] Back Gate Road         |     0% | NORMAL

⏱ 11:38:00 ────────────────────────────────────────
🟢 [MKCE_LID_01] Main Gate Road         |     0% | NORMAL
🟢 [MKCE_LID_02] Academic Block Road    |     0% | NORMAL
🟢 [MKCE_LID_03] Central Avenue         |     0% | NORMAL
🟢 [MKCE_LID_04] Library Road           |     0% | NORMAL
🔴 [MKCE_LID_05] Workshop Road          |  71.7% | CRITICAL
🟢 [MKCE_LID_06] Hostel Block Road      |  39.6% | NORMAL
🟡 [MKCE_LID_07] Hostel Ring Road       |  49.4% | WARNING
🔴 [MKCE_LID_08] Playground Perimeter Rd |   100% | CRITICAL
🟢 [MKCE_LID_09] Canteen Road           |     0% | NORMAL
🟢 [MKCE_LID_10] Back Gate Road         |     0% | NORMAL

⏱ 11:38:03 ────────────────────────────────────────
🟢 [MKCE_LID_01] Main Gate Road         |     0% | NORMAL
🟢 [MKCE_LID_02] Academic Block Road    |     0% | NORMAL
🟢 [MKCE_LID_03] Central Avenue         |     0% | NORMAL
🟢 [MKCE_LID_04] Library Road           |     0% | NORMAL
🔴 [MKCE_LID_05] Workshop Road          |  73.2% | CRITICAL
🟡 [MKCE_LID_06] Hostel Block Road      |  41.6% | WARNING
🟡 [MKCE_LID_07] Hostel Ring Road       |  51.6% | WARNING
🔴 [MKCE_LID_08] Playground Perimeter Rd |   100% | CRITICAL
🟢 [MKCE_LID_09] Canteen Road           |     0% | NORMAL
🟢 [MKCE_LID_10] Back Gate Road         |     0% | NORMAL

⏱ 11:38:06 ────────────────────────────────────────
🟢 [MKCE_LID_01] Main Gate Road         |     0% | NORMAL
🟢 [MKCE_LID_02] Academic Block Road    |     0% | NORMAL
🟢 [MKCE_LID_03] Central Avenue         |     0% | NORMAL
🟢 [MKCE_LID_04] Library Road           |     0% | NORMAL
🔴 [MKCE_LID_05] Workshop Road          |  75.1% | CRITICAL
🟡 [MKCE_LID_06] Hostel Block Road      |  43.3% | WARNING
🟡 [MKCE_LID_07] Hostel Ring Road       |  53.4% | WARNING
🔴 [MKCE_LID_08] Playground Perimeter Rd |   100% | CRITICAL
🟢 [MKCE_LID_09] Canteen Road           |     0% | NORMAL
🟢 [MKCE_LID_10] Back Gate Road         |   0.1% | NORMAL

⏱ 11:38:09 ────────────────────────────────────────
🟢 [MKCE_LID_01] Main Gate Road         |     0% | NORMAL
🟢 [MKCE_LID_02] Academic Block Road    |     0% | NORMAL
🟢 [MKCE_LID_03] Central Avenue         |     0% | NORMAL
🟢 [MKCE_LID_04] Library Road           |     0% | NORMAL
🔴 [MKCE_LID_05] Workshop Road          |  77.1% | CRITICAL
🟡 [MKCE_LID_06] Hostel Block Road      |  44.2% | WARNING
🟡 [MKCE_LID_07] Hostel Ring Road       |  54.9% | WARNING
🔴 [MKCE_LID_08] Playground Perimeter Rd |   100% | CRITICAL
🟢 [MKCE_LID_09] Canteen Road           |     0% | NORMAL
🟢 [MKCE_LID_10] Back Gate Road         |     0% | NORMAL

⏱ 11:38:12 ────────────────────────────────────────
🟢 [MKCE_LID_01] Main Gate Road         |     0% | NORMAL
🟢 [MKCE_LID_02] Academic Block Road    |     0% | NORMAL
🟢 [MKCE_LID_03] Central Avenue         |     0% | NORMAL
🟢 [MKCE_LID_04] Library Road           |     0% | NORMAL
🔴 [MKCE_LID_05] Workshop Road          |  79.5% | CRITICAL
🟡 [MKCE_LID_06] Hostel Block Road      |  44.2% | WARNING
🟡 [MKCE_LID_07] Hostel Ring Road       |  56.5% | WARNING
🔴 [MKCE_LID_08] Playground Perimeter Rd |   100% | CRITICAL
🟢 [MKCE_LID_09] Canteen Road           |     0% | NORMAL
🟢 [MKCE_LID_10] Back Gate Road         |     0% | NORMAL

⏱ 11:38:15 ────────────────────────────────────────
🟢 [MKCE_LID_01] Main Gate Road         |     0% | NORMAL
🟢 [MKCE_LID_02] Academic Block Road    |     0% | NORMAL
🟢 [MKCE_LID_03] Central Avenue         |     0% | NORMAL
🟢 [MKCE_LID_04] Library Road           |     0% | NORMAL
🔴 [MKCE_LID_05] Workshop Road          |  81.4% | CRITICAL
🟡 [MKCE_LID_06] Hostel Block Road      |  43.4% | WARNING
🟡 [MKCE_LID_07] Hostel Ring Road       |  57.4% | WARNING
🔴 [MKCE_LID_08] Playground Perimeter Rd |   100% | CRITICAL
🟢 [MKCE_LID_09] Canteen Road           |     0% | NORMAL
🟢 [MKCE_LID_10] Back Gate Road         |     0% | NORMAL

⏱ 11:38:18 ────────────────────────────────────────
🟢 [MKCE_LID_01] Main Gate Road         |     0% | NORMAL
🟢 [MKCE_LID_02] Academic Block Road    |     0% | NORMAL
🟢 [MKCE_LID_03] Central Avenue         |     0% | NORMAL
🟢 [MKCE_LID_04] Library Road           |     0% | NORMAL
🔴 [MKCE_LID_05] Workshop Road          |  82.9% | CRITICAL
🟡 [MKCE_LID_06] Hostel Block Road      |  41.9% | WARNING
🟡 [MKCE_LID_07] Hostel Ring Road       |  58.2% | WARNING
🔴 [MKCE_LID_08] Playground Perimeter Rd |   100% | CRITICAL
🟢 [MKCE_LID_09] Canteen Road           |     0% | NORMAL
🟢 [MKCE_LID_10] Back Gate Road         |     0% | NORMAL

⏱ 11:38:21 ────────────────────────────────────────
🟢 [MKCE_LID_01] Main Gate Road         |     0% | NORMAL
🟢 [MKCE_LID_02] Academic Block Road    |     0% | NORMAL
🟢 [MKCE_LID_03] Central Avenue         |     0% | NORMAL
🟢 [MKCE_LID_04] Library Road           |     0% | NORMAL
🔴 [MKCE_LID_05] Workshop Road          |  83.8% | CRITICAL
🟢 [MKCE_LID_06] Hostel Block Road      |  39.7% | NORMAL
🟡 [MKCE_LID_07] Hostel Ring Road       |  59.9% | WARNING
🔴 [MKCE_LID_08] Playground Perimeter Rd |   100% | CRITICAL
🟢 [MKCE_LID_09] Canteen Road           |     0% | NORMAL
🟢 [MKCE_LID_10] Back Gate Road         |     0% | NORMAL

⏱ 11:38:24 ────────────────────────────────────────
🟢 [MKCE_LID_01] Main Gate Road         |   0.6% | NORMAL
🟢 [MKCE_LID_02] Academic Block Road    |     0% | NORMAL
🟢 [MKCE_LID_03] Central Avenue         |     0% | NORMAL
🟢 [MKCE_LID_04] Library Road           |     0% | NORMAL
🔴 [MKCE_LID_05] Workshop Road          |  85.7% | CRITICAL
🟢 [MKCE_LID_06] Hostel Block Road      |  37.4% | NORMAL
🟡 [MKCE_LID_07] Hostel Ring Road       |  61.4% | WARNING
🔴 [MKCE_LID_08] Playground Perimeter Rd |   100% | CRITICAL
🟢 [MKCE_LID_09] Canteen Road           |     0% | NORMAL
🟢 [MKCE_LID_10] Back Gate Road         |     0% | NORMAL

⏱ 11:38:27 ────────────────────────────────────────
🟢 [MKCE_LID_01] Main Gate Road         |   1.2% | NORMAL
🟢 [MKCE_LID_02] Academic Block Road    |     0% | NORMAL
🟢 [MKCE_LID_03] Central Avenue         |     0% | NORMAL
🟢 [MKCE_LID_04] Library Road           |     0% | NORMAL
🔴 [MKCE_LID_05] Workshop Road          |  88.2% | CRITICAL
🟢 [MKCE_LID_06] Hostel Block Road      |  35.2% | NORMAL
🔴 [MKCE_LID_07] Hostel Ring Road       |  93.1% | CRITICAL
🔴 [MKCE_LID_08] Playground Perimeter Rd |   100% | CRITICAL
🟢 [MKCE_LID_09] Canteen Road           |     0% | NORMAL
🟢 [MKCE_LID_10] Back Gate Road         |   0.0% | NORMAL

⏱ 11:38:30 ────────────────────────────────────────
🟢 [MKCE_LID_01] Main Gate Road         |   0.9% | NORMAL
🟢 [MKCE_LID_02] Academic Block Road    |     0% | NORMAL
🟢 [MKCE_LID_03] Central Avenue         |     0% | NORMAL
🟢 [MKCE_LID_04] Library Road           |     0% | NORMAL
🔴 [MKCE_LID_05] Workshop Road          |  91.6% | CRITICAL
🟢 [MKCE_LID_06] Hostel Block Road      |  33.2% | NORMAL
🔴 [MKCE_LID_07] Hostel Ring Road       |  95.4% | CRITICAL
🔴 [MKCE_LID_08] Playground Perimeter Rd |   100% | CRITICAL
🟢 [MKCE_LID_09] Canteen Road           |     0% | NORMAL
🟢 [MKCE_LID_10] Back Gate Road         |     0% | NORMAL

⏱ 11:38:33 ────────────────────────────────────────
🟢 [MKCE_LID_01] Main Gate Road         |   1.1% | NORMAL
🟢 [MKCE_LID_02] Academic Block Road    |     0% | NORMAL
🟢 [MKCE_LID_03] Central Avenue         |     0% | NORMAL
🟢 [MKCE_LID_04] Library Road           |     0% | NORMAL
🔴 [MKCE_LID_05] Workshop Road          |  95.5% | CRITICAL
🟢 [MKCE_LID_06] Hostel Block Road      |  31.4% | NORMAL
🔴 [MKCE_LID_07] Hostel Ring Road       |  97.0% | CRITICAL
🔴 [MKCE_LID_08] Playground Perimeter Rd |   100% | CRITICAL
🟢 [MKCE_LID_09] Canteen Road           |     0% | NORMAL
🟢 [MKCE_LID_10] Back Gate Road         |     0% | NORMAL

⏱ 11:42:51 ────────────────────────────────────────
🟢 [MKCE_LID_01] Main Gate Road         |   1.4% | NORMAL
🟢 [MKCE_LID_02] Academic Block Road    |     0% | NORMAL
🟢 [MKCE_LID_03] Central Avenue         |     0% | NORMAL
🟢 [MKCE_LID_04] Library Road           |     0% | NORMAL
🔴 [MKCE_LID_05] Workshop Road          | 100.0% | CRITICAL
🟢 [MKCE_LID_06] Hostel Block Road      |  30.0% | NORMAL
🔴 [MKCE_LID_07] Hostel Ring Road       |  99.2% | CRITICAL
🔴 [MKCE_LID_08] Playground Perimeter Rd |   100% | CRITICAL
🟢 [MKCE_LID_09] Canteen Road           |     0% | NORMAL
🟢 [MKCE_LID_10] Back Gate Road         |     0% | NORMAL

⏱ 11:42:54 ────────────────────────────────────────
🟢 [MKCE_LID_01] Main Gate Road         |   1.5% | NORMAL
🟢 [MKCE_LID_02] Academic Block Road    |     0% | NORMAL
🟢 [MKCE_LID_03] Central Avenue         |     0% | NORMAL
🟢 [MKCE_LID_04] Library Road           |     0% | NORMAL
🔴 [MKCE_LID_05] Workshop Road          |   100% | CRITICAL
🟢 [MKCE_LID_06] Hostel Block Road      |  29.0% | NORMAL
🔴 [MKCE_LID_07] Hostel Ring Road       |   100% | CRITICAL
🔴 [MKCE_LID_08] Playground Perimeter Rd |   100% | CRITICAL
🟢 [MKCE_LID_09] Canteen Road           |     0% | NORMAL
🟢 [MKCE_LID_10] Back Gate Road         |     0% | NORMAL

⏱ 11:42:57 ────────────────────────────────────────
🟢 [MKCE_LID_01] Main Gate Road         |   1.0% | NORMAL
🟢 [MKCE_LID_02] Academic Block Road    |     0% | NORMAL
🟢 [MKCE_LID_03] Central Avenue         |     0% | NORMAL
🟢 [MKCE_LID_04] Library Road           |     0% | NORMAL
🔴 [MKCE_LID_05] Workshop Road          |   100% | CRITICAL
🟢 [MKCE_LID_06] Hostel Block Road      |  28.1% | NORMAL
🔴 [MKCE_LID_07] Hostel Ring Road       |   100% | CRITICAL
🔴 [MKCE_LID_08] Playground Perimeter Rd |   100% | CRITICAL
🟢 [MKCE_LID_09] Canteen Road           |     0% | NORMAL
🟢 [MKCE_LID_10] Back Gate Road         |     0% | NORMAL

⏱ 11:43:00 ────────────────────────────────────────
🟢 [MKCE_LID_01] Main Gate Road         |   1.1% | NORMAL
🟢 [MKCE_LID_02] Academic Block Road    |     0% | NORMAL
🟢 [MKCE_LID_03] Central Avenue         |     0% | NORMAL
🟢 [MKCE_LID_04] Library Road           |     0% | NORMAL
🔴 [MKCE_LID_05] Workshop Road          |   100% | CRITICAL
🟢 [MKCE_LID_06] Hostel Block Road      |  26.4% | NORMAL
🔴 [MKCE_LID_07] Hostel Ring Road       |   100% | CRITICAL
🔴 [MKCE_LID_08] Playground Perimeter Rd |   100% | CRITICAL
🟢 [MKCE_LID_09] Canteen Road           |     0% | NORMAL
🟢 [MKCE_LID_10] Back Gate Road         |     0% | NORMAL

⏱ 11:43:03 ────────────────────────────────────────
🟢 [MKCE_LID_01] Main Gate Road         |   0.5% | NORMAL
🟢 [MKCE_LID_02] Academic Block Road    |     0% | NORMAL
🟢 [MKCE_LID_03] Central Avenue         |     0% | NORMAL
🟢 [MKCE_LID_04] Library Road           |     0% | NORMAL
🔴 [MKCE_LID_05] Workshop Road          |   100% | CRITICAL
🟢 [MKCE_LID_06] Hostel Block Road      |  24.5% | NORMAL
🔴 [MKCE_LID_07] Hostel Ring Road       |   100% | CRITICAL
🔴 [MKCE_LID_08] Playground Perimeter Rd |   100% | CRITICAL
🟢 [MKCE_LID_09] Canteen Road           |     0% | NORMAL
🟢 [MKCE_LID_10] Back Gate Road         |     0% | NORMAL

⏱ 11:43:06 ────────────────────────────────────────
🟢 [MKCE_LID_01] Main Gate Road         |     0% | NORMAL
🟢 [MKCE_LID_02] Academic Block Road    |     0% | NORMAL
🟢 [MKCE_LID_03] Central Avenue         |     0% | NORMAL
🟢 [MKCE_LID_04] Library Road           |     0% | NORMAL
🔴 [MKCE_LID_05] Workshop Road          |   100% | CRITICAL
🟢 [MKCE_LID_06] Hostel Block Road      |  22.2% | NORMAL
🔴 [MKCE_LID_07] Hostel Ring Road       |   100% | CRITICAL
🔴 [MKCE_LID_08] Playground Perimeter Rd |   100% | CRITICAL
🟢 [MKCE_LID_09] Canteen Road           |     0% | NORMAL
🟢 [MKCE_LID_10] Back Gate Road         |     0% | NORMAL

⏱ 11:43:09 ────────────────────────────────────────
🟢 [MKCE_LID_01] Main Gate Road         |     0% | NORMAL
🟢 [MKCE_LID_02] Academic Block Road    |     0% | NORMAL
🟢 [MKCE_LID_03] Central Avenue         |     0% | NORMAL
🟢 [MKCE_LID_04] Library Road           |     0% | NORMAL
🔴 [MKCE_LID_05] Workshop Road          |   100% | CRITICAL
🟢 [MKCE_LID_06] Hostel Block Road      |  19.8% | NORMAL
🔴 [MKCE_LID_07] Hostel Ring Road       |   100% | CRITICAL
🟡 [MKCE_LID_08] Playground Perimeter Rd |    70% | WARNING
🟢 [MKCE_LID_09] Canteen Road           |     0% | NORMAL
🟢 [MKCE_LID_10] Back Gate Road         |     0% | NORMAL

⏱ 11:43:12 ────────────────────────────────────────
🟢 [MKCE_LID_01] Main Gate Road         |     0% | NORMAL
🟢 [MKCE_LID_02] Academic Block Road    |     0% | NORMAL
🟢 [MKCE_LID_03] Central Avenue         |     0% | NORMAL
🟢 [MKCE_LID_04] Library Road           |     0% | NORMAL
🔴 [MKCE_LID_05] Workshop Road          |   100% | CRITICAL
🟢 [MKCE_LID_06] Hostel Block Road      |     0% | NORMAL
🔴 [MKCE_LID_07] Hostel Ring Road       |   100% | CRITICAL
🟡 [MKCE_LID_08] Playground Perimeter Rd |  42.9% | WARNING
🟢 [MKCE_LID_09] Canteen Road           |     0% | NORMAL
🟢 [MKCE_LID_10] Back Gate Road         |     0% | NORMAL

⏱ 11:43:15 ────────────────────────────────────────
🟢 [MKCE_LID_01] Main Gate Road         |     0% | NORMAL
🟢 [MKCE_LID_02] Academic Block Road    |     0% | NORMAL
🟢 [MKCE_LID_03] Central Avenue         |     0% | NORMAL
🟢 [MKCE_LID_04] Library Road           |     0% | NORMAL
🔴 [MKCE_LID_05] Workshop Road          |   100% | CRITICAL
🟢 [MKCE_LID_06] Hostel Block Road      |     0% | NORMAL
🔴 [MKCE_LID_07] Hostel Ring Road       |   100% | CRITICAL
🟡 [MKCE_LID_08] Playground Perimeter Rd |  45.6% | WARNING
🟢 [MKCE_LID_09] Canteen Road           |     0% | NORMAL
🟢 [MKCE_LID_10] Back Gate Road         |     0% | NORMAL

⏱ 11:43:19 ────────────────────────────────────────
🟢 [MKCE_LID_01] Main Gate Road         |     0% | NORMAL
🟢 [MKCE_LID_02] Academic Block Road    |     0% | NORMAL
🟢 [MKCE_LID_03] Central Avenue         |     0% | NORMAL
🟢 [MKCE_LID_04] Library Road           |     0% | NORMAL
🔴 [MKCE_LID_05] Workshop Road          |   100% | CRITICAL
🟢 [MKCE_LID_06] Hostel Block Road      |     0% | NORMAL
🔴 [MKCE_LID_07] Hostel Ring Road       |   100% | CRITICAL
🟡 [MKCE_LID_08] Playground Perimeter Rd |  48.7% | WARNING
🟢 [MKCE_LID_09] Canteen Road           |     0% | NORMAL
🟢 [MKCE_LID_10] Back Gate Road         |     0% | NORMAL

⏱ 11:43:22 ────────────────────────────────────────
🟢 [MKCE_LID_01] Main Gate Road         |     0% | NORMAL
🟢 [MKCE_LID_02] Academic Block Road    |     0% | NORMAL
🟢 [MKCE_LID_03] Central Avenue         |     0% | NORMAL
🟢 [MKCE_LID_04] Library Road           |     0% | NORMAL
🔴 [MKCE_LID_05] Workshop Road          |   100% | CRITICAL
🟢 [MKCE_LID_06] Hostel Block Road      |     0% | NORMAL
🔴 [MKCE_LID_07] Hostel Ring Road       |   100% | CRITICAL
🟡 [MKCE_LID_08] Playground Perimeter Rd |  51.6% | WARNING
🟢 [MKCE_LID_09] Canteen Road           |     0% | NORMAL
🟢 [MKCE_LID_10] Back Gate Road         |     0% | NORMAL

⏱ 11:43:25 ────────────────────────────────────────
🟢 [MKCE_LID_01] Main Gate Road         |  30.4% | NORMAL
🟢 [MKCE_LID_02] Academic Block Road    |     0% | NORMAL
🟢 [MKCE_LID_03] Central Avenue         |     0% | NORMAL
🟢 [MKCE_LID_04] Library Road           |     0% | NORMAL
🔴 [MKCE_LID_05] Workshop Road          |   100% | CRITICAL
🟢 [MKCE_LID_06] Hostel Block Road      |   0.4% | NORMAL
🔴 [MKCE_LID_07] Hostel Ring Road       |   100% | CRITICAL
🟡 [MKCE_LID_08] Playground Perimeter Rd |  55.0% | WARNING
🟢 [MKCE_LID_09] Canteen Road           |     0% | NORMAL
🟢 [MKCE_LID_10] Back Gate Road         |     0% | NORMAL

⏱ 11:43:28 ────────────────────────────────────────
🟢 [MKCE_LID_01] Main Gate Road         |  30.5% | NORMAL
🟢 [MKCE_LID_02] Academic Block Road    |     0% | NORMAL
🟢 [MKCE_LID_03] Central Avenue         |     0% | NORMAL
🟢 [MKCE_LID_04] Library Road           |     0% | NORMAL
🔴 [MKCE_LID_05] Workshop Road          |   100% | CRITICAL
🟢 [MKCE_LID_06] Hostel Block Road      |   1.3% | NORMAL
🔴 [MKCE_LID_07] Hostel Ring Road       |   100% | CRITICAL
🟡 [MKCE_LID_08] Playground Perimeter Rd |  57.7% | WARNING
🟢 [MKCE_LID_09] Canteen Road           |     0% | NORMAL
🟢 [MKCE_LID_10] Back Gate Road         |     0% | NORMAL

⏱ 11:43:31 ────────────────────────────────────────
🟡 [MKCE_LID_01] Main Gate Road         |  61.3% | WARNING
🟢 [MKCE_LID_02] Academic Block Road    |    30% | NORMAL
🟢 [MKCE_LID_03] Central Avenue         |     0% | NORMAL
🟢 [MKCE_LID_04] Library Road           |     0% | NORMAL
🔴 [MKCE_LID_05] Workshop Road          |   100% | CRITICAL
🟢 [MKCE_LID_06] Hostel Block Road      |   2.4% | NORMAL
🔴 [MKCE_LID_07] Hostel Ring Road       |   100% | CRITICAL
🟡 [MKCE_LID_08] Playground Perimeter Rd |  60.6% | WARNING
🟢 [MKCE_LID_09] Canteen Road           |     0% | NORMAL
🟢 [MKCE_LID_10] Back Gate Road         |     0% | NORMAL

⏱ 11:43:34 ────────────────────────────────────────
🟡 [MKCE_LID_01] Main Gate Road         |  61.7% | WARNING
🟢 [MKCE_LID_02] Academic Block Road    |  27.0% | NORMAL
🟢 [MKCE_LID_03] Central Avenue         |     0% | NORMAL
🟢 [MKCE_LID_04] Library Road           |     0% | NORMAL
🔴 [MKCE_LID_05] Workshop Road          |   100% | CRITICAL
🟢 [MKCE_LID_06] Hostel Block Road      |   2.4% | NORMAL
🔴 [MKCE_LID_07] Hostel Ring Road       |   100% | CRITICAL
🟡 [MKCE_LID_08] Playground Perimeter Rd |  63.7% | WARNING
🟢 [MKCE_LID_09] Canteen Road           |     0% | NORMAL
🟢 [MKCE_LID_10] Back Gate Road         |     0% | NORMAL

⏱ 11:43:37 ────────────────────────────────────────
🟡 [MKCE_LID_01] Main Gate Road         |  62.6% | WARNING
🟢 [MKCE_LID_02] Academic Block Road    |  23.7% | NORMAL
🟢 [MKCE_LID_03] Central Avenue         |     0% | NORMAL
🟢 [MKCE_LID_04] Library Road           |     0% | NORMAL
🔴 [MKCE_LID_05] Workshop Road          |   100% | CRITICAL
🟢 [MKCE_LID_06] Hostel Block Road      |   2.1% | NORMAL
🔴 [MKCE_LID_07] Hostel Ring Road       |   100% | CRITICAL
🟡 [MKCE_LID_08] Playground Perimeter Rd |  66.6% | WARNING
🟢 [MKCE_LID_09] Canteen Road           |     0% | NORMAL
🟢 [MKCE_LID_10] Back Gate Road         |     0% | NORMAL

⏱ 11:43:40 ────────────────────────────────────────
🟡 [MKCE_LID_01] Main Gate Road         |  62.8% | WARNING
🟢 [MKCE_LID_02] Academic Block Road    |  19.7% | NORMAL
🟢 [MKCE_LID_03] Central Avenue         |     0% | NORMAL
🟢 [MKCE_LID_04] Library Road           |     0% | NORMAL
🔴 [MKCE_LID_05] Workshop Road          |   100% | CRITICAL
🟢 [MKCE_LID_06] Hostel Block Road      |   1.1% | NORMAL
🔴 [MKCE_LID_07] Hostel Ring Road       |   100% | CRITICAL
🟡 [MKCE_LID_08] Playground Perimeter Rd |  69.1% | WARNING
🟢 [MKCE_LID_09] Canteen Road           |     0% | NORMAL
🟢 [MKCE_LID_10] Back Gate Road         |     0% | NORMAL

⏱ 11:43:43 ────────────────────────────────────────
🟡 [MKCE_LID_01] Main Gate Road         |  63.4% | WARNING
🟢 [MKCE_LID_02] Academic Block Road    |  16.7% | NORMAL
🟢 [MKCE_LID_03] Central Avenue         |    30% | NORMAL
🟢 [MKCE_LID_04] Library Road           |     0% | NORMAL
🔴 [MKCE_LID_05] Workshop Road          |   100% | CRITICAL
🟢 [MKCE_LID_06] Hostel Block Road      |   0.6% | NORMAL
🔴 [MKCE_LID_07] Hostel Ring Road       |   100% | CRITICAL
🔴 [MKCE_LID_08] Playground Perimeter Rd |  71.3% | CRITICAL
🟢 [MKCE_LID_09] Canteen Road           |     0% | NORMAL
🟢 [MKCE_LID_10] Back Gate Road         |     0% | NORMAL

⏱ 11:43:46 ────────────────────────────────────────
🟡 [MKCE_LID_01] Main Gate Road         |  63.5% | WARNING
🟢 [MKCE_LID_02] Academic Block Road    |  12.9% | NORMAL
🟢 [MKCE_LID_03] Central Avenue         |  27.8% | NORMAL
🟢 [MKCE_LID_04] Library Road           |     0% | NORMAL
🔴 [MKCE_LID_05] Workshop Road          |   100% | CRITICAL
🟢 [MKCE_LID_06] Hostel Block Road      |     0% | NORMAL
🔴 [MKCE_LID_07] Hostel Ring Road       |   100% | CRITICAL
🔴 [MKCE_LID_08] Playground Perimeter Rd |  73.5% | CRITICAL
🟢 [MKCE_LID_09] Canteen Road           |     0% | NORMAL
🟢 [MKCE_LID_10] Back Gate Road         |     0% | NORMAL

⏱ 11:43:49 ────────────────────────────────────────
🟡 [MKCE_LID_01] Main Gate Road         |  64.1% | WARNING
🟢 [MKCE_LID_02] Academic Block Road    |   9.3% | NORMAL
🟢 [MKCE_LID_03] Central Avenue         |  24.7% | NORMAL
🟢 [MKCE_LID_04] Library Road           |     0% | NORMAL
🔴 [MKCE_LID_05] Workshop Road          |   100% | CRITICAL
🟢 [MKCE_LID_06] Hostel Block Road      |     0% | NORMAL
🔴 [MKCE_LID_07] Hostel Ring Road       |   100% | CRITICAL
🔴 [MKCE_LID_08] Playground Perimeter Rd |  76.0% | CRITICAL
🟢 [MKCE_LID_09] Canteen Road           |     0% | NORMAL
🟢 [MKCE_LID_10] Back Gate Road         |   0.4% | NORMAL

⏱ 11:43:52 ────────────────────────────────────────
🟡 [MKCE_LID_01] Main Gate Road         |  64.3% | WARNING
🟢 [MKCE_LID_02] Academic Block Road    |   6.3% | NORMAL
🟢 [MKCE_LID_03] Central Avenue         |  22.6% | NORMAL
🟢 [MKCE_LID_04] Library Road           |     0% | NORMAL
🔴 [MKCE_LID_05] Workshop Road          |   100% | CRITICAL
🟢 [MKCE_LID_06] Hostel Block Road      |     0% | NORMAL
🔴 [MKCE_LID_07] Hostel Ring Road       |   100% | CRITICAL
🔴 [MKCE_LID_08] Playground Perimeter Rd |  78.9% | CRITICAL
🟢 [MKCE_LID_09] Canteen Road           |     0% | NORMAL
🟢 [MKCE_LID_10] Back Gate Road         |     0% | NORMAL

⏱ 11:43:55 ────────────────────────────────────────
🟡 [MKCE_LID_01] Main Gate Road         |  63.5% | WARNING
🟢 [MKCE_LID_02] Academic Block Road    |   3.3% | NORMAL
🟢 [MKCE_LID_03] Central Avenue         |  21.2% | NORMAL
🟢 [MKCE_LID_04] Library Road           |     0% | NORMAL
🔴 [MKCE_LID_05] Workshop Road          |   100% | CRITICAL
🟢 [MKCE_LID_06] Hostel Block Road      |     0% | NORMAL
🔴 [MKCE_LID_07] Hostel Ring Road       |   100% | CRITICAL
🔴 [MKCE_LID_08] Playground Perimeter Rd |  82.6% | CRITICAL
🟢 [MKCE_LID_09] Canteen Road           |     0% | NORMAL
🟢 [MKCE_LID_10] Back Gate Road         |     0% | NORMAL

⏱ 11:43:58 ────────────────────────────────────────
🟡 [MKCE_LID_01] Main Gate Road         |  63.5% | WARNING
🟢 [MKCE_LID_02] Academic Block Road    |   0.5% | NORMAL
🟢 [MKCE_LID_03] Central Avenue         |  19.9% | NORMAL
🟢 [MKCE_LID_04] Library Road           |     0% | NORMAL
🔴 [MKCE_LID_05] Workshop Road          |   100% | CRITICAL
🟢 [MKCE_LID_06] Hostel Block Road      |     0% | NORMAL
🔴 [MKCE_LID_07] Hostel Ring Road       |   100% | CRITICAL
🔴 [MKCE_LID_08] Playground Perimeter Rd |  86.2% | CRITICAL
🟢 [MKCE_LID_09] Canteen Road           |     0% | NORMAL
🟢 [MKCE_LID_10] Back Gate Road         |     0% | NORMAL

⏱ 11:44:01 ────────────────────────────────────────
🟡 [MKCE_LID_01] Main Gate Road         |  63.2% | WARNING
🟢 [MKCE_LID_02] Academic Block Road    |     0% | NORMAL
🟢 [MKCE_LID_03] Central Avenue         |  17.6% | NORMAL
🟢 [MKCE_LID_04] Library Road           |     0% | NORMAL
🔴 [MKCE_LID_05] Workshop Road          |   100% | CRITICAL
🟢 [MKCE_LID_06] Hostel Block Road      |   0.0% | NORMAL
🔴 [MKCE_LID_07] Hostel Ring Road       |   100% | CRITICAL
🔴 [MKCE_LID_08] Playground Perimeter Rd |  90.3% | CRITICAL
🟢 [MKCE_LID_09] Canteen Road           |     0% | NORMAL
🟢 [MKCE_LID_10] Back Gate Road         |     0% | NORMAL

⏱ 11:44:04 ────────────────────────────────────────
🟡 [MKCE_LID_01] Main Gate Road         |  63.6% | WARNING
🟢 [MKCE_LID_02] Academic Block Road    |    30% | NORMAL
🟢 [MKCE_LID_03] Central Avenue         |  15.5% | NORMAL
🟢 [MKCE_LID_04] Library Road           |     0% | NORMAL
🟡 [MKCE_LID_05] Workshop Road          |    70% | WARNING
🟢 [MKCE_LID_06] Hostel Block Road      |     0% | NORMAL
🔴 [MKCE_LID_07] Hostel Ring Road       |   100% | CRITICAL
🔴 [MKCE_LID_08] Playground Perimeter Rd |  93.4% | CRITICAL
🟢 [MKCE_LID_09] Canteen Road           |     0% | NORMAL
🟢 [MKCE_LID_10] Back Gate Road         |     0% | NORMAL

⏱ 11:44:07 ────────────────────────────────────────
🟡 [MKCE_LID_01] Main Gate Road         |  64.2% | WARNING
🟢 [MKCE_LID_02] Academic Block Road    |  29.0% | NORMAL
🟢 [MKCE_LID_03] Central Avenue         |  12.7% | NORMAL
🟢 [MKCE_LID_04] Library Road           |     0% | NORMAL
🔴 [MKCE_LID_05] Workshop Road          |  74.3% | CRITICAL
🟢 [MKCE_LID_06] Hostel Block Road      |     0% | NORMAL
🔴 [MKCE_LID_07] Hostel Ring Road       |   100% | CRITICAL
🔴 [MKCE_LID_08] Playground Perimeter Rd |   100% | CRITICAL
🟢 [MKCE_LID_09] Canteen Road           |     0% | NORMAL
🟢 [MKCE_LID_10] Back Gate Road         |     0% | NORMAL

⏱ 11:44:10 ────────────────────────────────────────
🟡 [MKCE_LID_01] Main Gate Road         |  65.3% | WARNING
🟢 [MKCE_LID_02] Academic Block Road    |  28.5% | NORMAL
🟢 [MKCE_LID_03] Central Avenue         |   9.5% | NORMAL
🟢 [MKCE_LID_04] Library Road           |     0% | NORMAL
🔴 [MKCE_LID_05] Workshop Road          |  79.2% | CRITICAL
🟢 [MKCE_LID_06] Hostel Block Road      |     0% | NORMAL
🔴 [MKCE_LID_07] Hostel Ring Road       |   100% | CRITICAL
🔴 [MKCE_LID_08] Playground Perimeter Rd |   100% | CRITICAL
🟢 [MKCE_LID_09] Canteen Road           |     0% | NORMAL
🟢 [MKCE_LID_10] Back Gate Road         |     0% | NORMAL

⏱ 11:44:13 ────────────────────────────────────────
🟡 [MKCE_LID_01] Main Gate Road         |  66.3% | WARNING
🟢 [MKCE_LID_02] Academic Block Road    |  28.5% | NORMAL
🟢 [MKCE_LID_03] Central Avenue         |   6.4% | NORMAL
🟢 [MKCE_LID_04] Library Road           |     0% | NORMAL
🔴 [MKCE_LID_05] Workshop Road          |  83.2% | CRITICAL
🟢 [MKCE_LID_06] Hostel Block Road      |     0% | NORMAL
🔴 [MKCE_LID_07] Hostel Ring Road       |   100% | CRITICAL
🔴 [MKCE_LID_08] Playground Perimeter Rd |   100% | CRITICAL
🟢 [MKCE_LID_09] Canteen Road           |     0% | NORMAL
🟢 [MKCE_LID_10] Back Gate Road         |     0% | NORMAL

⏱ 11:44:16 ────────────────────────────────────────
🟡 [MKCE_LID_01] Main Gate Road         |  67.6% | WARNING
🟢 [MKCE_LID_02] Academic Block Road    |  28.4% | NORMAL
🟢 [MKCE_LID_03] Central Avenue         |   3.1% | NORMAL
🟢 [MKCE_LID_04] Library Road           |     0% | NORMAL
🔴 [MKCE_LID_05] Workshop Road          |  87.2% | CRITICAL
🟢 [MKCE_LID_06] Hostel Block Road      |     0% | NORMAL
🔴 [MKCE_LID_07] Hostel Ring Road       |   100% | CRITICAL
🔴 [MKCE_LID_08] Playground Perimeter Rd |   100% | CRITICAL
🟢 [MKCE_LID_09] Canteen Road           |     0% | NORMAL
🟢 [MKCE_LID_10] Back Gate Road         |     0% | NORMAL

⏱ 11:44:19 ────────────────────────────────────────
🟡 [MKCE_LID_01] Main Gate Road         |  67.9% | WARNING
🟢 [MKCE_LID_02] Academic Block Road    |  29.3% | NORMAL
🟢 [MKCE_LID_03] Central Avenue         |     0% | NORMAL
🟢 [MKCE_LID_04] Library Road           |     0% | NORMAL
🔴 [MKCE_LID_05] Workshop Road          |  90.9% | CRITICAL
🟢 [MKCE_LID_06] Hostel Block Road      |     0% | NORMAL
🔴 [MKCE_LID_07] Hostel Ring Road       |   100% | CRITICAL
🔴 [MKCE_LID_08] Playground Perimeter Rd |   100% | CRITICAL
🟢 [MKCE_LID_09] Canteen Road           |     0% | NORMAL
🟢 [MKCE_LID_10] Back Gate Road         |     0% | NORMAL

⏱ 11:44:22 ────────────────────────────────────────
🟡 [MKCE_LID_01] Main Gate Road         |  68.5% | WARNING
🟢 [MKCE_LID_02] Academic Block Road    |  30.5% | NORMAL
🟢 [MKCE_LID_03] Central Avenue         |     0% | NORMAL
🟢 [MKCE_LID_04] Library Road           |     0% | NORMAL
🔴 [MKCE_LID_05] Workshop Road          |  94.4% | CRITICAL
🟢 [MKCE_LID_06] Hostel Block Road      |     0% | NORMAL
🔴 [MKCE_LID_07] Hostel Ring Road       |   100% | CRITICAL
🔴 [MKCE_LID_08] Playground Perimeter Rd |   100% | CRITICAL
🟢 [MKCE_LID_09] Canteen Road           |     0% | NORMAL
🟢 [MKCE_LID_10] Back Gate Road         |     0% | NORMAL

⏱ 11:44:26 ────────────────────────────────────────
🟡 [MKCE_LID_01] Main Gate Road         |  69.0% | WARNING
🟢 [MKCE_LID_02] Academic Block Road    |  31.8% | NORMAL
🟢 [MKCE_LID_03] Central Avenue         |     0% | NORMAL
🟢 [MKCE_LID_04] Library Road           |     0% | NORMAL
🔴 [MKCE_LID_05] Workshop Road          |  97.1% | CRITICAL
🟢 [MKCE_LID_06] Hostel Block Road      |     0% | NORMAL
🔴 [MKCE_LID_07] Hostel Ring Road       |   100% | CRITICAL
🔴 [MKCE_LID_08] Playground Perimeter Rd |   100% | CRITICAL
🟢 [MKCE_LID_09] Canteen Road           |     0% | NORMAL
🟢 [MKCE_LID_10] Back Gate Road         |     0% | NORMAL

⏱ 11:44:29 ────────────────────────────────────────
🟡 [MKCE_LID_01] Main Gate Road         |  68.9% | WARNING
🟢 [MKCE_LID_02] Academic Block Road    |  32.5% | NORMAL
🟢 [MKCE_LID_03] Central Avenue         |     0% | NORMAL
🟢 [MKCE_LID_04] Library Road           |     0% | NORMAL
🔴 [MKCE_LID_05] Workshop Road          |   100% | CRITICAL
🟢 [MKCE_LID_06] Hostel Block Road      |     0% | NORMAL
🔴 [MKCE_LID_07] Hostel Ring Road       |   100% | CRITICAL
🔴 [MKCE_LID_08] Playground Perimeter Rd |   100% | CRITICAL
🟢 [MKCE_LID_09] Canteen Road           |    30% | NORMAL
🟢 [MKCE_LID_10] Back Gate Road         |     0% | NORMAL

⏱ 11:44:32 ────────────────────────────────────────
🟡 [MKCE_LID_01] Main Gate Road         |  69.3% | WARNING
🟢 [MKCE_LID_02] Academic Block Road    |  33.4% | NORMAL
🟢 [MKCE_LID_03] Central Avenue         |     0% | NORMAL
🟢 [MKCE_LID_04] Library Road           |     0% | NORMAL
🔴 [MKCE_LID_05] Workshop Road          |   100% | CRITICAL
🟢 [MKCE_LID_06] Hostel Block Road      |     0% | NORMAL
🔴 [MKCE_LID_07] Hostel Ring Road       |   100% | CRITICAL
🔴 [MKCE_LID_08] Playground Perimeter Rd |   100% | CRITICAL
🟢 [MKCE_LID_09] Canteen Road           |  25.7% | NORMAL
🟢 [MKCE_LID_10] Back Gate Road         |     0% | NORMAL

⏱ 11:44:35 ────────────────────────────────────────
🔴 [MKCE_LID_01] Main Gate Road         |  70.2% | CRITICAL
🟢 [MKCE_LID_02] Academic Block Road    |  34.7% | NORMAL
🟢 [MKCE_LID_03] Central Avenue         |     0% | NORMAL
🟢 [MKCE_LID_04] Library Road           |     0% | NORMAL
🔴 [MKCE_LID_05] Workshop Road          |   100% | CRITICAL
🟢 [MKCE_LID_06] Hostel Block Road      |     0% | NORMAL
🔴 [MKCE_LID_07] Hostel Ring Road       |   100% | CRITICAL
🔴 [MKCE_LID_08] Playground Perimeter Rd |   100% | CRITICAL
🟢 [MKCE_LID_09] Canteen Road           |  21.4% | NORMAL
🟢 [MKCE_LID_10] Back Gate Road         |     0% | NORMAL

⏱ 11:44:38 ────────────────────────────────────────
🔴 [MKCE_LID_01] Main Gate Road         |  70.4% | CRITICAL
🟢 [MKCE_LID_02] Academic Block Road    |  36.6% | NORMAL
🟢 [MKCE_LID_03] Central Avenue         |     0% | NORMAL
🟢 [MKCE_LID_04] Library Road           |     0% | NORMAL
🔴 [MKCE_LID_05] Workshop Road          |   100% | CRITICAL
🟢 [MKCE_LID_06] Hostel Block Road      |     0% | NORMAL
🔴 [MKCE_LID_07] Hostel Ring Road       |   100% | CRITICAL
🔴 [MKCE_LID_08] Playground Perimeter Rd |   100% | CRITICAL
🟢 [MKCE_LID_09] Canteen Road           |  18.1% | NORMAL
🟢 [MKCE_LID_10] Back Gate Road         |     0% | NORMAL

⏱ 11:44:41 ────────────────────────────────────────
🔴 [MKCE_LID_01] Main Gate Road         |  70.3% | CRITICAL
🟢 [MKCE_LID_02] Academic Block Road    |  38.3% | NORMAL
🟢 [MKCE_LID_03] Central Avenue         |     0% | NORMAL
🟢 [MKCE_LID_04] Library Road           |     0% | NORMAL
🔴 [MKCE_LID_05] Workshop Road          |   100% | CRITICAL
🟢 [MKCE_LID_06] Hostel Block Road      |     0% | NORMAL
🔴 [MKCE_LID_07] Hostel Ring Road       |   100% | CRITICAL
🔴 [MKCE_LID_08] Playground Perimeter Rd |   100% | CRITICAL
🟢 [MKCE_LID_09] Canteen Road           |  14.3% | NORMAL
🟢 [MKCE_LID_10] Back Gate Road         |     0% | NORMAL

⏱ 11:44:44 ────────────────────────────────────────
🔴 [MKCE_LID_01] Main Gate Road         |  70.4% | CRITICAL
🟡 [MKCE_LID_02] Academic Block Road    |  40.1% | WARNING
🟢 [MKCE_LID_03] Central Avenue         |     0% | NORMAL
🟢 [MKCE_LID_04] Library Road           |     0% | NORMAL
🔴 [MKCE_LID_05] Workshop Road          |   100% | CRITICAL
🟢 [MKCE_LID_06] Hostel Block Road      |     0% | NORMAL
🔴 [MKCE_LID_07] Hostel Ring Road       |   100% | CRITICAL
🔴 [MKCE_LID_08] Playground Perimeter Rd |   100% | CRITICAL
🟢 [MKCE_LID_09] Canteen Road           |   9.9% | NORMAL
🟢 [MKCE_LID_10] Back Gate Road         |     0% | NORMAL

⏱ 11:44:47 ────────────────────────────────────────
🟡 [MKCE_LID_01] Main Gate Road         |  69.6% | WARNING
🟡 [MKCE_LID_02] Academic Block Road    |  42.1% | WARNING
🟢 [MKCE_LID_03] Central Avenue         |     0% | NORMAL
🟢 [MKCE_LID_04] Library Road           |     0% | NORMAL
🔴 [MKCE_LID_05] Workshop Road          |   100% | CRITICAL
🟢 [MKCE_LID_06] Hostel Block Road      |     0% | NORMAL
🔴 [MKCE_LID_07] Hostel Ring Road       |   100% | CRITICAL
🟡 [MKCE_LID_08] Playground Perimeter Rd |    70% | WARNING
🟢 [MKCE_LID_09] Canteen Road           |     0% | NORMAL
🟢 [MKCE_LID_10] Back Gate Road         |     0% | NORMAL

⏱ 11:44:50 ────────────────────────────────────────
🟡 [MKCE_LID_01] Main Gate Road         |  69.1% | WARNING
🟡 [MKCE_LID_02] Academic Block Road    |  44.9% | WARNING
🟢 [MKCE_LID_03] Central Avenue         |     0% | NORMAL
🟢 [MKCE_LID_04] Library Road           |    30% | NORMAL
🔴 [MKCE_LID_05] Workshop Road          |   100% | CRITICAL
🟢 [MKCE_LID_06] Hostel Block Road      |   0.7% | NORMAL
🔴 [MKCE_LID_07] Hostel Ring Road       |   100% | CRITICAL
🔴 [MKCE_LID_08] Playground Perimeter Rd |  73.5% | CRITICAL
🟢 [MKCE_LID_09] Canteen Road           |     0% | NORMAL
🟢 [MKCE_LID_10] Back Gate Road         |     0% | NORMAL

⏱ 11:44:53 ────────────────────────────────────────
🟡 [MKCE_LID_01] Main Gate Road         |  68.5% | WARNING
🟡 [MKCE_LID_02] Academic Block Road    |  47.7% | WARNING
🟢 [MKCE_LID_03] Central Avenue         |     0% | NORMAL
🟢 [MKCE_LID_04] Library Road           |    25% | NORMAL
🔴 [MKCE_LID_05] Workshop Road          |   100% | CRITICAL
🟢 [MKCE_LID_06] Hostel Block Road      |   2.2% | NORMAL
🔴 [MKCE_LID_07] Hostel Ring Road       |   100% | CRITICAL
🔴 [MKCE_LID_08] Playground Perimeter Rd |  76.3% | CRITICAL
🟢 [MKCE_LID_09] Canteen Road           |     0% | NORMAL
🟢 [MKCE_LID_10] Back Gate Road         |     0% | NORMAL

⏱ 11:44:56 ────────────────────────────────────────
🟡 [MKCE_LID_01] Main Gate Road         |  68.4% | WARNING
🟡 [MKCE_LID_02] Academic Block Road    |  50.9% | WARNING
🟢 [MKCE_LID_03] Central Avenue         |     0% | NORMAL
🟢 [MKCE_LID_04] Library Road           |  20.2% | NORMAL
🔴 [MKCE_LID_05] Workshop Road          |   100% | CRITICAL
🟢 [MKCE_LID_06] Hostel Block Road      |     0% | NORMAL
🔴 [MKCE_LID_07] Hostel Ring Road       |   100% | CRITICAL
🔴 [MKCE_LID_08] Playground Perimeter Rd |  79.5% | CRITICAL
🟢 [MKCE_LID_09] Canteen Road           |     0% | NORMAL
🟢 [MKCE_LID_10] Back Gate Road         |     0% | NORMAL

⏱ 11:44:59 ────────────────────────────────────────
🟡 [MKCE_LID_01] Main Gate Road         |  67.7% | WARNING
🟡 [MKCE_LID_02] Academic Block Road    |  53.4% | WARNING
🟢 [MKCE_LID_03] Central Avenue         |     0% | NORMAL
🟢 [MKCE_LID_04] Library Road           |  15.2% | NORMAL
🔴 [MKCE_LID_05] Workshop Road          |   100% | CRITICAL
🟢 [MKCE_LID_06] Hostel Block Road      |   1.2% | NORMAL
🔴 [MKCE_LID_07] Hostel Ring Road       |   100% | CRITICAL
🔴 [MKCE_LID_08] Playground Perimeter Rd |  83.0% | CRITICAL
🟢 [MKCE_LID_09] Canteen Road           |     0% | NORMAL
🟢 [MKCE_LID_10] Back Gate Road         |     0% | NORMAL

⏱ 11:45:02 ────────────────────────────────────────
🟡 [MKCE_LID_01] Main Gate Road         |  67.7% | WARNING
🟡 [MKCE_LID_02] Academic Block Road    |  55.6% | WARNING
🟢 [MKCE_LID_03] Central Avenue         |     0% | NORMAL
🟢 [MKCE_LID_04] Library Road           |  11.0% | NORMAL
🔴 [MKCE_LID_05] Workshop Road          |   100% | CRITICAL
🟢 [MKCE_LID_06] Hostel Block Road      |   3.3% | NORMAL
🔴 [MKCE_LID_07] Hostel Ring Road       |   100% | CRITICAL
🔴 [MKCE_LID_08] Playground Perimeter Rd |  87.2% | CRITICAL
🟢 [MKCE_LID_09] Canteen Road           |     0% | NORMAL
🟢 [MKCE_LID_10] Back Gate Road         |     0% | NORMAL

⏱ 11:45:05 ────────────────────────────────────────
🟡 [MKCE_LID_01] Main Gate Road         |  67.6% | WARNING
🟡 [MKCE_LID_02] Academic Block Road    |  57.1% | WARNING
🟢 [MKCE_LID_03] Central Avenue         |     0% | NORMAL
🟢 [MKCE_LID_04] Library Road           |   7.5% | NORMAL
🔴 [MKCE_LID_05] Workshop Road          |   100% | CRITICAL
🟢 [MKCE_LID_06] Hostel Block Road      |   5.9% | NORMAL
🔴 [MKCE_LID_07] Hostel Ring Road       |   100% | CRITICAL
🔴 [MKCE_LID_08] Playground Perimeter Rd |  90.4% | CRITICAL
🟢 [MKCE_LID_09] Canteen Road           |     0% | NORMAL
🟢 [MKCE_LID_10] Back Gate Road         |     0% | NORMAL

⏱ 11:45:08 ────────────────────────────────────────
🟡 [MKCE_LID_01] Main Gate Road         |  67.1% | WARNING
🟡 [MKCE_LID_02] Academic Block Road    |  58.7% | WARNING
🟢 [MKCE_LID_03] Central Avenue         |     0% | NORMAL
🟢 [MKCE_LID_04] Library Road           |   3.2% | NORMAL
🔴 [MKCE_LID_05] Workshop Road          |   100% | CRITICAL
🟢 [MKCE_LID_06] Hostel Block Road      |   8.4% | NORMAL
🔴 [MKCE_LID_07] Hostel Ring Road       |   100% | CRITICAL
🔴 [MKCE_LID_08] Playground Perimeter Rd |  94.6% | CRITICAL
🟢 [MKCE_LID_09] Canteen Road           |     0% | NORMAL
🟢 [MKCE_LID_10] Back Gate Road         |     0% | NORMAL

⏱ 11:45:11 ────────────────────────────────────────
🟡 [MKCE_LID_01] Main Gate Road         |  66.0% | WARNING
🟡 [MKCE_LID_02] Academic Block Road    |  60.9% | WARNING
🟢 [MKCE_LID_03] Central Avenue         |     0% | NORMAL
🟢 [MKCE_LID_04] Library Road           |     0% | NORMAL
🔴 [MKCE_LID_05] Workshop Road          |   100% | CRITICAL
🟢 [MKCE_LID_06] Hostel Block Road      |  10.0% | NORMAL
🔴 [MKCE_LID_07] Hostel Ring Road       |   100% | CRITICAL
🔴 [MKCE_LID_08] Playground Perimeter Rd |   100% | CRITICAL
🟢 [MKCE_LID_09] Canteen Road           |     0% | NORMAL
🟢 [MKCE_LID_10] Back Gate Road         |     0% | NORMAL

⏱ 11:45:14 ────────────────────────────────────────
🟡 [MKCE_LID_01] Main Gate Road         |  65.2% | WARNING
🟡 [MKCE_LID_02] Academic Block Road    |  63.6% | WARNING
🟢 [MKCE_LID_03] Central Avenue         |     0% | NORMAL
🟢 [MKCE_LID_04] Library Road           |     0% | NORMAL
🔴 [MKCE_LID_05] Workshop Road          |   100% | CRITICAL
🟢 [MKCE_LID_06] Hostel Block Road      |  12.2% | NORMAL
🔴 [MKCE_LID_07] Hostel Ring Road       |   100% | CRITICAL
🔴 [MKCE_LID_08] Playground Perimeter Rd |   100% | CRITICAL
🟢 [MKCE_LID_09] Canteen Road           |     0% | NORMAL
🟢 [MKCE_LID_10] Back Gate Road         |     0% | NORMAL

⏱ 11:45:17 ────────────────────────────────────────
🟡 [MKCE_LID_01] Main Gate Road         |  65.1% | WARNING
🟡 [MKCE_LID_02] Academic Block Road    |  66.1% | WARNING
🟢 [MKCE_LID_03] Central Avenue         |     0% | NORMAL
🟢 [MKCE_LID_04] Library Road           |     0% | NORMAL
🔴 [MKCE_LID_05] Workshop Road          |   100% | CRITICAL
🟢 [MKCE_LID_06] Hostel Block Road      |  13.4% | NORMAL
🔴 [MKCE_LID_07] Hostel Ring Road       |   100% | CRITICAL
🔴 [MKCE_LID_08] Playground Perimeter Rd |   100% | CRITICAL
🟢 [MKCE_LID_09] Canteen Road           |     0% | NORMAL
🟢 [MKCE_LID_10] Back Gate Road         |     0% | NORMAL

⏱ 11:45:20 ────────────────────────────────────────
🟡 [MKCE_LID_01] Main Gate Road         |  64.4% | WARNING
🟡 [MKCE_LID_02] Academic Block Road    |  67.9% | WARNING
🟢 [MKCE_LID_03] Central Avenue         |     0% | NORMAL
🟢 [MKCE_LID_04] Library Road           |     0% | NORMAL
🔴 [MKCE_LID_05] Workshop Road          |   100% | CRITICAL
🟢 [MKCE_LID_06] Hostel Block Road      |  14.5% | NORMAL
🔴 [MKCE_LID_07] Hostel Ring Road       |   100% | CRITICAL
🔴 [MKCE_LID_08] Playground Perimeter Rd |   100% | CRITICAL
🟢 [MKCE_LID_09] Canteen Road           |     0% | NORMAL
🟢 [MKCE_LID_10] Back Gate Road         |     0% | NORMAL

⏱ 11:45:23 ────────────────────────────────────────
🟡 [MKCE_LID_01] Main Gate Road         |  64.6% | WARNING
🟡 [MKCE_LID_02] Academic Block Road    |  69.3% | WARNING
🟢 [MKCE_LID_03] Central Avenue         |     0% | NORMAL
🟢 [MKCE_LID_04] Library Road           |     0% | NORMAL
🔴 [MKCE_LID_05] Workshop Road          |   100% | CRITICAL
🟢 [MKCE_LID_06] Hostel Block Road      |  15.8% | NORMAL
🔴 [MKCE_LID_07] Hostel Ring Road       |   100% | CRITICAL
🔴 [MKCE_LID_08] Playground Perimeter Rd |   100% | CRITICAL
🟢 [MKCE_LID_09] Canteen Road           |     0% | NORMAL
🟢 [MKCE_LID_10] Back Gate Road         |     0% | NORMAL

⏱ 11:45:26 ────────────────────────────────────────
🟡 [MKCE_LID_01] Main Gate Road         |  64.4% | WARNING
🔴 [MKCE_LID_02] Academic Block Road    |  70.7% | CRITICAL
🟢 [MKCE_LID_03] Central Avenue         |     0% | NORMAL
🟢 [MKCE_LID_04] Library Road           |     0% | NORMAL
🔴 [MKCE_LID_05] Workshop Road          |   100% | CRITICAL
🟢 [MKCE_LID_06] Hostel Block Road      |  17.4% | NORMAL
🔴 [MKCE_LID_07] Hostel Ring Road       |   100% | CRITICAL
🔴 [MKCE_LID_08] Playground Perimeter Rd |   100% | CRITICAL
🟢 [MKCE_LID_09] Canteen Road           |     0% | NORMAL
🟢 [MKCE_LID_10] Back Gate Road         |     0% | NORMAL

⏱ 11:45:29 ────────────────────────────────────────
🟡 [MKCE_LID_01] Main Gate Road         |  63.7% | WARNING
🔴 [MKCE_LID_02] Academic Block Road    |  72.8% | CRITICAL
🟢 [MKCE_LID_03] Central Avenue         |     0% | NORMAL
🟢 [MKCE_LID_04] Library Road           |     0% | NORMAL
🔴 [MKCE_LID_05] Workshop Road          |   100% | CRITICAL
🟢 [MKCE_LID_06] Hostel Block Road      |  19.9% | NORMAL
🟡 [MKCE_LID_07] Hostel Ring Road       |    70% | WARNING
🔴 [MKCE_LID_08] Playground Perimeter Rd |   100% | CRITICAL
🟢 [MKCE_LID_09] Canteen Road           |     0% | NORMAL
🟢 [MKCE_LID_10] Back Gate Road         |     0% | NORMAL

⏱ 11:45:33 ────────────────────────────────────────
🟡 [MKCE_LID_01] Main Gate Road         |  63.2% | WARNING
🔴 [MKCE_LID_02] Academic Block Road    |  75.7% | CRITICAL
🟢 [MKCE_LID_03] Central Avenue         |     0% | NORMAL
🟢 [MKCE_LID_04] Library Road           |     0% | NORMAL
🔴 [MKCE_LID_05] Workshop Road          |   100% | CRITICAL
🟢 [MKCE_LID_06] Hostel Block Road      |  22.6% | NORMAL
🔴 [MKCE_LID_07] Hostel Ring Road       |  72.3% | CRITICAL
🔴 [MKCE_LID_08] Playground Perimeter Rd |   100% | CRITICAL
🟢 [MKCE_LID_09] Canteen Road           |     0% | NORMAL
🟢 [MKCE_LID_10] Back Gate Road         |     0% | NORMAL

⏱ 11:45:36 ────────────────────────────────────────
🟡 [MKCE_LID_01] Main Gate Road         |  62.1% | WARNING
🔴 [MKCE_LID_02] Academic Block Road    |  78.2% | CRITICAL
🟢 [MKCE_LID_03] Central Avenue         |     0% | NORMAL
🟢 [MKCE_LID_04] Library Road           |     0% | NORMAL
🔴 [MKCE_LID_05] Workshop Road          |   100% | CRITICAL
🟢 [MKCE_LID_06] Hostel Block Road      |  24.8% | NORMAL
🔴 [MKCE_LID_07] Hostel Ring Road       |  74.8% | CRITICAL
🔴 [MKCE_LID_08] Playground Perimeter Rd |   100% | CRITICAL
🟢 [MKCE_LID_09] Canteen Road           |     0% | NORMAL
🟢 [MKCE_LID_10] Back Gate Road         |     0% | NORMAL

⏱ 11:45:39 ────────────────────────────────────────
🔴 [MKCE_LID_01] Main Gate Road         |  91.7% | CRITICAL
🔴 [MKCE_LID_02] Academic Block Road    |  79.8% | CRITICAL
🟢 [MKCE_LID_03] Central Avenue         |     0% | NORMAL
🟢 [MKCE_LID_04] Library Road           |     0% | NORMAL
🔴 [MKCE_LID_05] Workshop Road          |   100% | CRITICAL
🟢 [MKCE_LID_06] Hostel Block Road      |  26.3% | NORMAL
🔴 [MKCE_LID_07] Hostel Ring Road       |  77.3% | CRITICAL
🔴 [MKCE_LID_08] Playground Perimeter Rd |   100% | CRITICAL
🟢 [MKCE_LID_09] Canteen Road           |     0% | NORMAL
🟢 [MKCE_LID_10] Back Gate Road         |     0% | NORMAL

⏱ 11:45:42 ────────────────────────────────────────
🔴 [MKCE_LID_01] Main Gate Road         |  90.3% | CRITICAL
🔴 [MKCE_LID_02] Academic Block Road    |  81.7% | CRITICAL
🟢 [MKCE_LID_03] Central Avenue         |     0% | NORMAL
🟢 [MKCE_LID_04] Library Road           |     0% | NORMAL
🔴 [MKCE_LID_05] Workshop Road          |   100% | CRITICAL
🟢 [MKCE_LID_06] Hostel Block Road      |  27.9% | NORMAL
🔴 [MKCE_LID_07] Hostel Ring Road       |  80.0% | CRITICAL
🔴 [MKCE_LID_08] Playground Perimeter Rd |   100% | CRITICAL
🟢 [MKCE_LID_09] Canteen Road           |     0% | NORMAL
🟢 [MKCE_LID_10] Back Gate Road         |   0.3% | NORMAL

⏱ 11:45:45 ────────────────────────────────────────
🔴 [MKCE_LID_01] Main Gate Road         |   100% | CRITICAL
🔴 [MKCE_LID_02] Academic Block Road    |  84.0% | CRITICAL
🟢 [MKCE_LID_03] Central Avenue         |     0% | NORMAL
🟢 [MKCE_LID_04] Library Road           |     0% | NORMAL
🔴 [MKCE_LID_05] Workshop Road          |   100% | CRITICAL
🟢 [MKCE_LID_06] Hostel Block Road      |  28.9% | NORMAL
🔴 [MKCE_LID_07] Hostel Ring Road       |  82.8% | CRITICAL
🔴 [MKCE_LID_08] Playground Perimeter Rd |   100% | CRITICAL
🟢 [MKCE_LID_09] Canteen Road           |     0% | NORMAL
🟢 [MKCE_LID_10] Back Gate Road         |     0% | NORMAL

⏱ 11:45:48 ────────────────────────────────────────
🔴 [MKCE_LID_01] Main Gate Road         |  97.7% | CRITICAL
🔴 [MKCE_LID_02] Academic Block Road    |  85.4% | CRITICAL
🟢 [MKCE_LID_03] Central Avenue         |     0% | NORMAL
🟢 [MKCE_LID_04] Library Road           |     0% | NORMAL
🔴 [MKCE_LID_05] Workshop Road          |   100% | CRITICAL
🟢 [MKCE_LID_06] Hostel Block Road      |  30.0% | NORMAL
🔴 [MKCE_LID_07] Hostel Ring Road       |  85.1% | CRITICAL
🔴 [MKCE_LID_08] Playground Perimeter Rd |   100% | CRITICAL
🟢 [MKCE_LID_09] Canteen Road           |     0% | NORMAL
🟢 [MKCE_LID_10] Back Gate Road         |     0% | NORMAL

⏱ 11:45:51 ────────────────────────────────────────
🔴 [MKCE_LID_01] Main Gate Road         |  94.8% | CRITICAL
🔴 [MKCE_LID_02] Academic Block Road    |  87.1% | CRITICAL
🟢 [MKCE_LID_03] Central Avenue         |     0% | NORMAL
🟢 [MKCE_LID_04] Library Road           |     0% | NORMAL
🔴 [MKCE_LID_05] Workshop Road          |   100% | CRITICAL
🟢 [MKCE_LID_06] Hostel Block Road      |  31.1% | NORMAL
🔴 [MKCE_LID_07] Hostel Ring Road       |  86.8% | CRITICAL
🔴 [MKCE_LID_08] Playground Perimeter Rd |   100% | CRITICAL
🟢 [MKCE_LID_09] Canteen Road           |   0.4% | NORMAL
🟢 [MKCE_LID_10] Back Gate Road         |     0% | NORMAL

⏱ 11:45:54 ────────────────────────────────────────
🔴 [MKCE_LID_01] Main Gate Road         |  91.4% | CRITICAL
🔴 [MKCE_LID_02] Academic Block Road    |  89.3% | CRITICAL
🟢 [MKCE_LID_03] Central Avenue         |     0% | NORMAL
🟢 [MKCE_LID_04] Library Road           |     0% | NORMAL
🔴 [MKCE_LID_05] Workshop Road          |   100% | CRITICAL
🟢 [MKCE_LID_06] Hostel Block Road      |  31.2% | NORMAL
🔴 [MKCE_LID_07] Hostel Ring Road       |  88.2% | CRITICAL
🔴 [MKCE_LID_08] Playground Perimeter Rd |   100% | CRITICAL
🟢 [MKCE_LID_09] Canteen Road           |   0.1% | NORMAL
🟢 [MKCE_LID_10] Back Gate Road         |     0% | NORMAL

⏱ 11:45:57 ────────────────────────────────────────
🔴 [MKCE_LID_01] Main Gate Road         |  87.7% | CRITICAL
🔴 [MKCE_LID_02] Academic Block Road    |  90.9% | CRITICAL
🟢 [MKCE_LID_03] Central Avenue         |     0% | NORMAL
🟢 [MKCE_LID_04] Library Road           |     0% | NORMAL
🔴 [MKCE_LID_05] Workshop Road          |   100% | CRITICAL
🟢 [MKCE_LID_06] Hostel Block Road      |  31.5% | NORMAL
🔴 [MKCE_LID_07] Hostel Ring Road       |  89.4% | CRITICAL
🔴 [MKCE_LID_08] Playground Perimeter Rd |   100% | CRITICAL
🟢 [MKCE_LID_09] Canteen Road           |     0% | NORMAL
🟢 [MKCE_LID_10] Back Gate Road         |     0% | NORMAL

⏱ 11:46:00 ────────────────────────────────────────
🔴 [MKCE_LID_01] Main Gate Road         |  83.5% | CRITICAL
🔴 [MKCE_LID_02] Academic Block Road    |  92.5% | CRITICAL
🟢 [MKCE_LID_03] Central Avenue         |     0% | NORMAL
🟢 [MKCE_LID_04] Library Road           |     0% | NORMAL
🔴 [MKCE_LID_05] Workshop Road          |   100% | CRITICAL
🟢 [MKCE_LID_06] Hostel Block Road      |  30.8% | NORMAL
🔴 [MKCE_LID_07] Hostel Ring Road       |  91.5% | CRITICAL
🔴 [MKCE_LID_08] Playground Perimeter Rd |   100% | CRITICAL
🟢 [MKCE_LID_09] Canteen Road           |     0% | NORMAL
🟢 [MKCE_LID_10] Back Gate Road         |     0% | NORMAL

⏱ 11:46:03 ────────────────────────────────────────
🔴 [MKCE_LID_01] Main Gate Road         |  80.3% | CRITICAL
🔴 [MKCE_LID_02] Academic Block Road    |  94.0% | CRITICAL
🟢 [MKCE_LID_03] Central Avenue         |     0% | NORMAL
🟢 [MKCE_LID_04] Library Road           |     0% | NORMAL
🔴 [MKCE_LID_05] Workshop Road          |   100% | CRITICAL
🟢 [MKCE_LID_06] Hostel Block Road      |  29.8% | NORMAL
🔴 [MKCE_LID_07] Hostel Ring Road       |  93.0% | CRITICAL
🔴 [MKCE_LID_08] Playground Perimeter Rd |   100% | CRITICAL
🟢 [MKCE_LID_09] Canteen Road           |     0% | NORMAL
🟢 [MKCE_LID_10] Back Gate Road         |     0% | NORMAL

⏱ 11:46:06 ────────────────────────────────────────
🔴 [MKCE_LID_01] Main Gate Road         |  76.6% | CRITICAL
🔴 [MKCE_LID_02] Academic Block Road    |  95.7% | CRITICAL
🟢 [MKCE_LID_03] Central Avenue         |     0% | NORMAL
🟢 [MKCE_LID_04] Library Road           |     0% | NORMAL
🔴 [MKCE_LID_05] Workshop Road          |   100% | CRITICAL
🟢 [MKCE_LID_06] Hostel Block Road      |  29.2% | NORMAL
🔴 [MKCE_LID_07] Hostel Ring Road       |  94.8% | CRITICAL
🔴 [MKCE_LID_08] Playground Perimeter Rd |   100% | CRITICAL
🟢 [MKCE_LID_09] Canteen Road           |     0% | NORMAL
🟢 [MKCE_LID_10] Back Gate Road         |     0% | NORMAL

⏱ 11:46:09 ────────────────────────────────────────
🔴 [MKCE_LID_01] Main Gate Road         |  72.3% | CRITICAL
🔴 [MKCE_LID_02] Academic Block Road    |  98.0% | CRITICAL
🟢 [MKCE_LID_03] Central Avenue         |     0% | NORMAL
🟢 [MKCE_LID_04] Library Road           |     0% | NORMAL
🔴 [MKCE_LID_05] Workshop Road          |   100% | CRITICAL
🟢 [MKCE_LID_06] Hostel Block Road      |  28.5% | NORMAL
🔴 [MKCE_LID_07] Hostel Ring Road       |  96.4% | CRITICAL
🔴 [MKCE_LID_08] Playground Perimeter Rd |   100% | CRITICAL
🟢 [MKCE_LID_09] Canteen Road           |     0% | NORMAL
🟢 [MKCE_LID_10] Back Gate Road         |     0% | NORMAL

⏱ 11:46:12 ────────────────────────────────────────
🟡 [MKCE_LID_01] Main Gate Road         |  68.5% | WARNING
🔴 [MKCE_LID_02] Academic Block Road    |  99.8% | CRITICAL
🟢 [MKCE_LID_03] Central Avenue         |     0% | NORMAL
🟢 [MKCE_LID_04] Library Road           |   0.0% | NORMAL
🔴 [MKCE_LID_05] Workshop Road          |   100% | CRITICAL
🟢 [MKCE_LID_06] Hostel Block Road      |  27.5% | NORMAL
🔴 [MKCE_LID_07] Hostel Ring Road       |  98.2% | CRITICAL
🔴 [MKCE_LID_08] Playground Perimeter Rd | 100.0% | CRITICAL
🟢 [MKCE_LID_09] Canteen Road           |     0% | NORMAL
🟢 [MKCE_LID_10] Back Gate Road         |     0% | NORMAL

⏱ 11:46:15 ────────────────────────────────────────
🟡 [MKCE_LID_01] Main Gate Road         |  64.5% | WARNING
🔴 [MKCE_LID_02] Academic Block Road    |   100% | CRITICAL
🟢 [MKCE_LID_03] Central Avenue         |     0% | NORMAL
🟢 [MKCE_LID_04] Library Road           |   0.6% | NORMAL
🔴 [MKCE_LID_05] Workshop Road          |   100% | CRITICAL
🟢 [MKCE_LID_06] Hostel Block Road      |  26.5% | NORMAL
🔴 [MKCE_LID_07] Hostel Ring Road       |   100% | CRITICAL
🔴 [MKCE_LID_08] Playground Perimeter Rd |  99.6% | CRITICAL
🟢 [MKCE_LID_09] Canteen Road           |     0% | NORMAL
🟢 [MKCE_LID_10] Back Gate Road         |     0% | NORMAL

⏱ 11:46:18 ────────────────────────────────────────
🟡 [MKCE_LID_01] Main Gate Road         |  61.0% | WARNING
🔴 [MKCE_LID_02] Academic Block Road    |   100% | CRITICAL
🟢 [MKCE_LID_03] Central Avenue         |     0% | NORMAL
🟢 [MKCE_LID_04] Library Road           |   0.7% | NORMAL
🔴 [MKCE_LID_05] Workshop Road          |   100% | CRITICAL
🟢 [MKCE_LID_06] Hostel Block Road      |  26.0% | NORMAL
🔴 [MKCE_LID_07] Hostel Ring Road       |   100% | CRITICAL
🔴 [MKCE_LID_08] Playground Perimeter Rd |  98.3% | CRITICAL
🟢 [MKCE_LID_09] Canteen Road           |     0% | NORMAL
🟢 [MKCE_LID_10] Back Gate Road         |     0% | NORMAL

⏱ 11:46:21 ────────────────────────────────────────
🟡 [MKCE_LID_01] Main Gate Road         |  58.1% | WARNING
🔴 [MKCE_LID_02] Academic Block Road    |   100% | CRITICAL
🟢 [MKCE_LID_03] Central Avenue         |     0% | NORMAL
🟢 [MKCE_LID_04] Library Road           |   0.0% | NORMAL
🔴 [MKCE_LID_05] Workshop Road          |   100% | CRITICAL
🟢 [MKCE_LID_06] Hostel Block Road      |  25.1% | NORMAL
🔴 [MKCE_LID_07] Hostel Ring Road       |   100% | CRITICAL
🔴 [MKCE_LID_08] Playground Perimeter Rd |  97.8% | CRITICAL
🟢 [MKCE_LID_09] Canteen Road           |     0% | NORMAL
🟢 [MKCE_LID_10] Back Gate Road         |     0% | NORMAL

⏱ 11:46:24 ────────────────────────────────────────
🟡 [MKCE_LID_01] Main Gate Road         |  56.1% | WARNING
🔴 [MKCE_LID_02] Academic Block Road    |   100% | CRITICAL
🟢 [MKCE_LID_03] Central Avenue         |     0% | NORMAL
🟢 [MKCE_LID_04] Library Road           |     0% | NORMAL
🔴 [MKCE_LID_05] Workshop Road          |   100% | CRITICAL
🟢 [MKCE_LID_06] Hostel Block Road      |  23.7% | NORMAL
🔴 [MKCE_LID_07] Hostel Ring Road       |   100% | CRITICAL
🔴 [MKCE_LID_08] Playground Perimeter Rd |  97.9% | CRITICAL
🟢 [MKCE_LID_09] Canteen Road           |     0% | NORMAL
🟢 [MKCE_LID_10] Back Gate Road         |     0% | NORMAL

⏱ 11:46:27 ────────────────────────────────────────
🟡 [MKCE_LID_01] Main Gate Road         |  54.5% | WARNING
🔴 [MKCE_LID_02] Academic Block Road    |   100% | CRITICAL
🟢 [MKCE_LID_03] Central Avenue         |     0% | NORMAL
🟢 [MKCE_LID_04] Library Road           |     0% | NORMAL
🔴 [MKCE_LID_05] Workshop Road          |   100% | CRITICAL
🟢 [MKCE_LID_06] Hostel Block Road      |  23.2% | NORMAL
🔴 [MKCE_LID_07] Hostel Ring Road       |   100% | CRITICAL
🔴 [MKCE_LID_08] Playground Perimeter Rd |  96.9% | CRITICAL
🟢 [MKCE_LID_09] Canteen Road           |     0% | NORMAL
🟢 [MKCE_LID_10] Back Gate Road         |     0% | NORMAL

⏱ 11:46:30 ────────────────────────────────────────
🟡 [MKCE_LID_01] Main Gate Road         |  53.5% | WARNING
🔴 [MKCE_LID_02] Academic Block Road    |   100% | CRITICAL
🟢 [MKCE_LID_03] Central Avenue         |     0% | NORMAL
🟢 [MKCE_LID_04] Library Road           |     0% | NORMAL
🔴 [MKCE_LID_05] Workshop Road          |   100% | CRITICAL
🟢 [MKCE_LID_06] Hostel Block Road      |  21.9% | NORMAL
🔴 [MKCE_LID_07] Hostel Ring Road       |   100% | CRITICAL
🔴 [MKCE_LID_08] Playground Perimeter Rd |  96.8% | CRITICAL
🟢 [MKCE_LID_09] Canteen Road           |     0% | NORMAL
🟢 [MKCE_LID_10] Back Gate Road         |     0% | NORMAL

⏱ 11:46:33 ────────────────────────────────────────
🟡 [MKCE_LID_01] Main Gate Road         |  53.1% | WARNING
🟡 [MKCE_LID_02] Academic Block Road    |    70% | WARNING
🟢 [MKCE_LID_03] Central Avenue         |     0% | NORMAL
🟢 [MKCE_LID_04] Library Road           |     0% | NORMAL
🔴 [MKCE_LID_05] Workshop Road          |   100% | CRITICAL
🟢 [MKCE_LID_06] Hostel Block Road      |  19.7% | NORMAL
🔴 [MKCE_LID_07] Hostel Ring Road       |   100% | CRITICAL
🔴 [MKCE_LID_08] Playground Perimeter Rd |  95.9% | CRITICAL
🟢 [MKCE_LID_09] Canteen Road           |     0% | NORMAL
🟢 [MKCE_LID_10] Back Gate Road         |     0% | NORMAL

⏱ 11:46:36 ────────────────────────────────────────
🟡 [MKCE_LID_01] Main Gate Road         |  52.9% | WARNING
🔴 [MKCE_LID_02] Academic Block Road    |  74.3% | CRITICAL
🟢 [MKCE_LID_03] Central Avenue         |     0% | NORMAL
🟢 [MKCE_LID_04] Library Road           |     0% | NORMAL
🔴 [MKCE_LID_05] Workshop Road          |   100% | CRITICAL
🟢 [MKCE_LID_06] Hostel Block Road      |  16.7% | NORMAL
🔴 [MKCE_LID_07] Hostel Ring Road       |   100% | CRITICAL
🟡 [MKCE_LID_08] Playground Perimeter Rd |  65.0% | WARNING
🟢 [MKCE_LID_09] Canteen Road           |     0% | NORMAL
🟢 [MKCE_LID_10] Back Gate Road         |     0% | NORMAL

⏱ 11:46:39 ────────────────────────────────────────
🟡 [MKCE_LID_01] Main Gate Road         |  53.4% | WARNING
🔴 [MKCE_LID_02] Academic Block Road    |  78.3% | CRITICAL
🟢 [MKCE_LID_03] Central Avenue         |     0% | NORMAL
🟢 [MKCE_LID_04] Library Road           |     0% | NORMAL
🔴 [MKCE_LID_05] Workshop Road          |   100% | CRITICAL
🟢 [MKCE_LID_06] Hostel Block Road      |  13.9% | NORMAL
🔴 [MKCE_LID_07] Hostel Ring Road       |   100% | CRITICAL
🟡 [MKCE_LID_08] Playground Perimeter Rd |  64.4% | WARNING
🟢 [MKCE_LID_09] Canteen Road           |     0% | NORMAL
🟢 [MKCE_LID_10] Back Gate Road         |     0% | NORMAL

⏱ 11:46:43 ────────────────────────────────────────
🟡 [MKCE_LID_01] Main Gate Road         |  53.0% | WARNING
🔴 [MKCE_LID_02] Academic Block Road    |  82.0% | CRITICAL
🟢 [MKCE_LID_03] Central Avenue         |     0% | NORMAL
🟢 [MKCE_LID_04] Library Road           |     0% | NORMAL
🔴 [MKCE_LID_05] Workshop Road          |   100% | CRITICAL
🟢 [MKCE_LID_06] Hostel Block Road      |  10.3% | NORMAL
🔴 [MKCE_LID_07] Hostel Ring Road       |   100% | CRITICAL
🟡 [MKCE_LID_08] Playground Perimeter Rd |  64.4% | WARNING
🟢 [MKCE_LID_09] Canteen Road           |    30% | NORMAL
🟢 [MKCE_LID_10] Back Gate Road         |     0% | NORMAL

⏱ 11:46:46 ────────────────────────────────────────
🟡 [MKCE_LID_01] Main Gate Road         |  52.6% | WARNING
🔴 [MKCE_LID_02] Academic Block Road    |  86.5% | CRITICAL
🟢 [MKCE_LID_03] Central Avenue         |     0% | NORMAL
🟢 [MKCE_LID_04] Library Road           |   0.3% | NORMAL
🔴 [MKCE_LID_05] Workshop Road          |   100% | CRITICAL
🟢 [MKCE_LID_06] Hostel Block Road      |   6.4% | NORMAL
🔴 [MKCE_LID_07] Hostel Ring Road       |   100% | CRITICAL
🟡 [MKCE_LID_08] Playground Perimeter Rd |  65.0% | WARNING
🟢 [MKCE_LID_09] Canteen Road           |  26.2% | NORMAL
🟢 [MKCE_LID_10] Back Gate Road         |     0% | NORMAL

⏱ 11:46:49 ────────────────────────────────────────
🟡 [MKCE_LID_01] Main Gate Road         |  51.4% | WARNING
🔴 [MKCE_LID_02] Academic Block Road    |  91.5% | CRITICAL
🟢 [MKCE_LID_03] Central Avenue         |     0% | NORMAL
🟢 [MKCE_LID_04] Library Road           |   0.7% | NORMAL
🔴 [MKCE_LID_05] Workshop Road          |   100% | CRITICAL
🟢 [MKCE_LID_06] Hostel Block Road      |   3.2% | NORMAL
🔴 [MKCE_LID_07] Hostel Ring Road       |   100% | CRITICAL
🟡 [MKCE_LID_08] Playground Perimeter Rd |  64.9% | WARNING
🟡 [MKCE_LID_09] Canteen Road           |  53.3% | WARNING
🟢 [MKCE_LID_10] Back Gate Road         |     0% | NORMAL

⏱ 11:46:52 ────────────────────────────────────────
🟡 [MKCE_LID_01] Main Gate Road         |  51.0% | WARNING
🔴 [MKCE_LID_02] Academic Block Road    |  95.7% | CRITICAL
🟢 [MKCE_LID_03] Central Avenue         |     0% | NORMAL
🟢 [MKCE_LID_04] Library Road           |   0.7% | NORMAL
🔴 [MKCE_LID_05] Workshop Road          |   100% | CRITICAL
🟢 [MKCE_LID_06] Hostel Block Road      |   0.3% | NORMAL
🔴 [MKCE_LID_07] Hostel Ring Road       |   100% | CRITICAL
🟡 [MKCE_LID_08] Playground Perimeter Rd |  65.6% | WARNING
🟡 [MKCE_LID_09] Canteen Road           |  51.0% | WARNING
🟢 [MKCE_LID_10] Back Gate Road         |     0% | NORMAL

⏱ 11:46:55 ────────────────────────────────────────
🟡 [MKCE_LID_01] Main Gate Road         |  50.5% | WARNING
🔴 [MKCE_LID_02] Academic Block Road    |  99.0% | CRITICAL
🟢 [MKCE_LID_03] Central Avenue         |     0% | NORMAL
🟢 [MKCE_LID_04] Library Road           |   1.0% | NORMAL
🔴 [MKCE_LID_05] Workshop Road          |   100% | CRITICAL
🟢 [MKCE_LID_06] Hostel Block Road      |     0% | NORMAL
🔴 [MKCE_LID_07] Hostel Ring Road       |  99.6% | CRITICAL
🟡 [MKCE_LID_08] Playground Perimeter Rd |  66.0% | WARNING
🟡 [MKCE_LID_09] Canteen Road           |  48.3% | WARNING
🟢 [MKCE_LID_10] Back Gate Road         |     0% | NORMAL

⏱ 11:46:58 ────────────────────────────────────────
🟡 [MKCE_LID_01] Main Gate Road         |  49.7% | WARNING
🔴 [MKCE_LID_02] Academic Block Road    |   100% | CRITICAL
🟢 [MKCE_LID_03] Central Avenue         |     0% | NORMAL
🟢 [MKCE_LID_04] Library Road           |   0.7% | NORMAL
🔴 [MKCE_LID_05] Workshop Road          |   100% | CRITICAL
🟢 [MKCE_LID_06] Hostel Block Road      |     0% | NORMAL
🔴 [MKCE_LID_07] Hostel Ring Road       |  98.2% | CRITICAL
🟡 [MKCE_LID_08] Playground Perimeter Rd |  67.2% | WARNING
🟡 [MKCE_LID_09] Canteen Road           |  45.1% | WARNING
🟢 [MKCE_LID_10] Back Gate Road         |     0% | NORMAL

⏱ 11:47:01 ────────────────────────────────────────
🟡 [MKCE_LID_01] Main Gate Road         |  49.0% | WARNING
🔴 [MKCE_LID_02] Academic Block Road    |   100% | CRITICAL
🟢 [MKCE_LID_03] Central Avenue         |     0% | NORMAL
🟢 [MKCE_LID_04] Library Road           |   0.7% | NORMAL
🔴 [MKCE_LID_05] Workshop Road          |   100% | CRITICAL
🟢 [MKCE_LID_06] Hostel Block Road      |     0% | NORMAL
🔴 [MKCE_LID_07] Hostel Ring Road       |  97.7% | CRITICAL
🟡 [MKCE_LID_08] Playground Perimeter Rd |  68.5% | WARNING
🟡 [MKCE_LID_09] Canteen Road           |  41.2% | WARNING
🟢 [MKCE_LID_10] Back Gate Road         |     0% | NORMAL

⏱ 11:47:04 ────────────────────────────────────────
🟡 [MKCE_LID_01] Main Gate Road         |  49.2% | WARNING
🔴 [MKCE_LID_02] Academic Block Road    |   100% | CRITICAL
🟢 [MKCE_LID_03] Central Avenue         |     0% | NORMAL
🟢 [MKCE_LID_04] Library Road           |   0.5% | NORMAL
🔴 [MKCE_LID_05] Workshop Road          |   100% | CRITICAL
🟢 [MKCE_LID_06] Hostel Block Road      |     0% | NORMAL
🔴 [MKCE_LID_07] Hostel Ring Road       |  98.0% | CRITICAL
🟡 [MKCE_LID_08] Playground Perimeter Rd |  70.0% | WARNING
🟢 [MKCE_LID_09] Canteen Road           |  38.3% | NORMAL
🟢 [MKCE_LID_10] Back Gate Road         |     0% | NORMAL

⏱ 11:47:07 ────────────────────────────────────────
🟡 [MKCE_LID_01] Main Gate Road         |  50.0% | WARNING
🔴 [MKCE_LID_02] Academic Block Road    |   100% | CRITICAL
🟢 [MKCE_LID_03] Central Avenue         |     0% | NORMAL
🟢 [MKCE_LID_04] Library Road           |   0.1% | NORMAL
🔴 [MKCE_LID_05] Workshop Road          |   100% | CRITICAL
🟢 [MKCE_LID_06] Hostel Block Road      |     0% | NORMAL
🔴 [MKCE_LID_07] Hostel Ring Road       |  98.5% | CRITICAL
🔴 [MKCE_LID_08] Playground Perimeter Rd |  71.6% | CRITICAL
🟢 [MKCE_LID_09] Canteen Road           |  34.9% | NORMAL
🟢 [MKCE_LID_10] Back Gate Road         |     0% | NORMAL

⏱ 11:47:10 ────────────────────────────────────────
🟡 [MKCE_LID_01] Main Gate Road         |  51.6% | WARNING
🔴 [MKCE_LID_02] Academic Block Road    |   100% | CRITICAL
🟢 [MKCE_LID_03] Central Avenue         |     0% | NORMAL
🟢 [MKCE_LID_04] Library Road           |     0% | NORMAL
🔴 [MKCE_LID_05] Workshop Road          |   100% | CRITICAL
🟢 [MKCE_LID_06] Hostel Block Road      |     0% | NORMAL
🔴 [MKCE_LID_07] Hostel Ring Road       |  99.1% | CRITICAL
🔴 [MKCE_LID_08] Playground Perimeter Rd |  73.3% | CRITICAL
🟢 [MKCE_LID_09] Canteen Road           |  31.3% | NORMAL
🟢 [MKCE_LID_10] Back Gate Road         |     0% | NORMAL

⏱ 11:47:13 ────────────────────────────────────────
🟡 [MKCE_LID_01] Main Gate Road         |  52.5% | WARNING
🔴 [MKCE_LID_02] Academic Block Road    |   100% | CRITICAL
🟢 [MKCE_LID_03] Central Avenue         |     0% | NORMAL
🟢 [MKCE_LID_04] Library Road           |     0% | NORMAL
🔴 [MKCE_LID_05] Workshop Road          |   100% | CRITICAL
🟢 [MKCE_LID_06] Hostel Block Road      |    30% | NORMAL
🔴 [MKCE_LID_07] Hostel Ring Road       |  99.4% | CRITICAL
🔴 [MKCE_LID_08] Playground Perimeter Rd |  74.7% | CRITICAL
🟢 [MKCE_LID_09] Canteen Road           |  27.4% | NORMAL
🟢 [MKCE_LID_10] Back Gate Road         |     0% | NORMAL

⏱ 11:47:16 ────────────────────────────────────────
🟡 [MKCE_LID_01] Main Gate Road         |  53.0% | WARNING
🔴 [MKCE_LID_02] Academic Block Road    |   100% | CRITICAL
🟢 [MKCE_LID_03] Central Avenue         |     0% | NORMAL
🟢 [MKCE_LID_04] Library Road           |     0% | NORMAL
🔴 [MKCE_LID_05] Workshop Road          |   100% | CRITICAL
🟢 [MKCE_LID_06] Hostel Block Road      |  27.2% | NORMAL
🔴 [MKCE_LID_07] Hostel Ring Road       |   100% | CRITICAL
🔴 [MKCE_LID_08] Playground Perimeter Rd |  75.8% | CRITICAL
🟢 [MKCE_LID_09] Canteen Road           |  23.9% | NORMAL
🟢 [MKCE_LID_10] Back Gate Road         |     0% | NORMAL

⏱ 11:47:19 ────────────────────────────────────────
🟡 [MKCE_LID_01] Main Gate Road         |  53.4% | WARNING
🔴 [MKCE_LID_02] Academic Block Road    |   100% | CRITICAL
🟢 [MKCE_LID_03] Central Avenue         |     0% | NORMAL
🟢 [MKCE_LID_04] Library Road           |     0% | NORMAL
🔴 [MKCE_LID_05] Workshop Road          |   100% | CRITICAL
🟢 [MKCE_LID_06] Hostel Block Road      |  24.2% | NORMAL
🔴 [MKCE_LID_07] Hostel Ring Road       |   100% | CRITICAL
🔴 [MKCE_LID_08] Playground Perimeter Rd |  76.2% | CRITICAL
🟢 [MKCE_LID_09] Canteen Road           |  19.8% | NORMAL
🟢 [MKCE_LID_10] Back Gate Road         |     0% | NORMAL

⏱ 11:47:22 ────────────────────────────────────────
🟡 [MKCE_LID_01] Main Gate Road         |  52.9% | WARNING
🔴 [MKCE_LID_02] Academic Block Road    |   100% | CRITICAL
🟢 [MKCE_LID_03] Central Avenue         |     0% | NORMAL
🟢 [MKCE_LID_04] Library Road           |     0% | NORMAL
🔴 [MKCE_LID_05] Workshop Road          |   100% | CRITICAL
🟢 [MKCE_LID_06] Hostel Block Road      |  20.1% | NORMAL
🔴 [MKCE_LID_07] Hostel Ring Road       |   100% | CRITICAL
🔴 [MKCE_LID_08] Playground Perimeter Rd |  76.2% | CRITICAL
🟢 [MKCE_LID_09] Canteen Road           |  16.3% | NORMAL
🟢 [MKCE_LID_10] Back Gate Road         |     0% | NORMAL

⏱ 11:47:25 ────────────────────────────────────────
🟡 [MKCE_LID_01] Main Gate Road         |  53.2% | WARNING
🔴 [MKCE_LID_02] Academic Block Road    |   100% | CRITICAL
🟢 [MKCE_LID_03] Central Avenue         |     0% | NORMAL
🟢 [MKCE_LID_04] Library Road           |   0.2% | NORMAL
🔴 [MKCE_LID_05] Workshop Road          |   100% | CRITICAL
🟢 [MKCE_LID_06] Hostel Block Road      |  15.8% | NORMAL
🔴 [MKCE_LID_07] Hostel Ring Road       |   100% | CRITICAL
🔴 [MKCE_LID_08] Playground Perimeter Rd |  77.2% | CRITICAL
🟢 [MKCE_LID_09] Canteen Road           |  12.8% | NORMAL
🟢 [MKCE_LID_10] Back Gate Road         |     0% | NORMAL

⏱ 11:47:28 ────────────────────────────────────────
🟡 [MKCE_LID_01] Main Gate Road         |  53.1% | WARNING
🔴 [MKCE_LID_02] Academic Block Road    |   100% | CRITICAL
🟢 [MKCE_LID_03] Central Avenue         |     0% | NORMAL
🟢 [MKCE_LID_04] Library Road           |   0.9% | NORMAL
🔴 [MKCE_LID_05] Workshop Road          |   100% | CRITICAL
🟢 [MKCE_LID_06] Hostel Block Road      |  11.6% | NORMAL
🔴 [MKCE_LID_07] Hostel Ring Road       |   100% | CRITICAL
🔴 [MKCE_LID_08] Playground Perimeter Rd |  77.5% | CRITICAL
🟢 [MKCE_LID_09] Canteen Road           |   9.9% | NORMAL
🟢 [MKCE_LID_10] Back Gate Road         |     0% | NORMAL

⏱ 11:47:31 ────────────────────────────────────────
🟡 [MKCE_LID_01] Main Gate Road         |  53.6% | WARNING
🔴 [MKCE_LID_02] Academic Block Road    |   100% | CRITICAL
🟢 [MKCE_LID_03] Central Avenue         |     0% | NORMAL
🟢 [MKCE_LID_04] Library Road           |   2.1% | NORMAL
🔴 [MKCE_LID_05] Workshop Road          |   100% | CRITICAL
🟢 [MKCE_LID_06] Hostel Block Road      |   6.6% | NORMAL
🔴 [MKCE_LID_07] Hostel Ring Road       |   100% | CRITICAL
🔴 [MKCE_LID_08] Playground Perimeter Rd |  78.2% | CRITICAL
🟢 [MKCE_LID_09] Canteen Road           |   7.2% | NORMAL
🟢 [MKCE_LID_10] Back Gate Road         |     0% | NORMAL

⏱ 11:47:34 ────────────────────────────────────────
🔴 [MKCE_LID_01] Main Gate Road         |  83.1% | CRITICAL
🔴 [MKCE_LID_02] Academic Block Road    |   100% | CRITICAL
🟢 [MKCE_LID_03] Central Avenue         |   0.0% | NORMAL
🟢 [MKCE_LID_04] Library Road           |   2.4% | NORMAL
🔴 [MKCE_LID_05] Workshop Road          |   100% | CRITICAL
🟢 [MKCE_LID_06] Hostel Block Road      |   1.6% | NORMAL
🔴 [MKCE_LID_07] Hostel Ring Road       |   100% | CRITICAL
🔴 [MKCE_LID_08] Playground Perimeter Rd |  79.8% | CRITICAL
🟢 [MKCE_LID_09] Canteen Road           |   5.0% | NORMAL
🟢 [MKCE_LID_10] Back Gate Road         |     0% | NORMAL

⏱ 11:47:37 ────────────────────────────────────────
🔴 [MKCE_LID_01] Main Gate Road         |  82.8% | CRITICAL
🔴 [MKCE_LID_02] Academic Block Road    |   100% | CRITICAL
🟢 [MKCE_LID_03] Central Avenue         |   0.1% | NORMAL
🟢 [MKCE_LID_04] Library Road           |   3.5% | NORMAL
🔴 [MKCE_LID_05] Workshop Road          |   100% | CRITICAL
🟢 [MKCE_LID_06] Hostel Block Road      |     0% | NORMAL
🔴 [MKCE_LID_07] Hostel Ring Road       |   100% | CRITICAL
🔴 [MKCE_LID_08] Playground Perimeter Rd |  80.6% | CRITICAL
🟢 [MKCE_LID_09] Canteen Road           |   2.0% | NORMAL
🟢 [MKCE_LID_10] Back Gate Road         |     0% | NORMAL

⏱ 11:47:40 ────────────────────────────────────────
🔴 [MKCE_LID_01] Main Gate Road         |  83.0% | CRITICAL
🔴 [MKCE_LID_02] Academic Block Road    |   100% | CRITICAL
🟢 [MKCE_LID_03] Central Avenue         |   0.9% | NORMAL
🟢 [MKCE_LID_04] Library Road           |   5.4% | NORMAL
🔴 [MKCE_LID_05] Workshop Road          |   100% | CRITICAL
🟢 [MKCE_LID_06] Hostel Block Road      |     0% | NORMAL
🔴 [MKCE_LID_07] Hostel Ring Road       |   100% | CRITICAL
🔴 [MKCE_LID_08] Playground Perimeter Rd |  82.2% | CRITICAL
🟢 [MKCE_LID_09] Canteen Road           |     0% | NORMAL
🟢 [MKCE_LID_10] Back Gate Road         |     0% | NORMAL

⏱ 11:47:43 ────────────────────────────────────────
🔴 [MKCE_LID_01] Main Gate Road         |  83.2% | CRITICAL
🔴 [MKCE_LID_02] Academic Block Road    |   100% | CRITICAL
🟢 [MKCE_LID_03] Central Avenue         |   2.3% | NORMAL
🟢 [MKCE_LID_04] Library Road           |   7.4% | NORMAL
🔴 [MKCE_LID_05] Workshop Road          |   100% | CRITICAL
🟢 [MKCE_LID_06] Hostel Block Road      |     0% | NORMAL
🔴 [MKCE_LID_07] Hostel Ring Road       |   100% | CRITICAL
🔴 [MKCE_LID_08] Playground Perimeter Rd |  84.0% | CRITICAL
🟢 [MKCE_LID_09] Canteen Road           |     0% | NORMAL
🟢 [MKCE_LID_10] Back Gate Road         |     0% | NORMAL

⏱ 11:47:46 ────────────────────────────────────────
🔴 [MKCE_LID_01] Main Gate Road         |  83.1% | CRITICAL
🔴 [MKCE_LID_02] Academic Block Road    |   100% | CRITICAL
🟢 [MKCE_LID_03] Central Avenue         |   3.7% | NORMAL
🟢 [MKCE_LID_04] Library Road           |   8.6% | NORMAL
🔴 [MKCE_LID_05] Workshop Road          |   100% | CRITICAL
🟢 [MKCE_LID_06] Hostel Block Road      |     0% | NORMAL
🔴 [MKCE_LID_07] Hostel Ring Road       |   100% | CRITICAL
🔴 [MKCE_LID_08] Playground Perimeter Rd |  86.6% | CRITICAL
🟢 [MKCE_LID_09] Canteen Road           |     0% | NORMAL
🟢 [MKCE_LID_10] Back Gate Road         |     0% | NORMAL

⏱ 11:47:50 ────────────────────────────────────────
🔴 [MKCE_LID_01] Main Gate Road         |  83.1% | CRITICAL
🔴 [MKCE_LID_02] Academic Block Road    |   100% | CRITICAL
🟢 [MKCE_LID_03] Central Avenue         |   4.0% | NORMAL
🟢 [MKCE_LID_04] Library Road           |  10.1% | NORMAL
🔴 [MKCE_LID_05] Workshop Road          |   100% | CRITICAL
🟢 [MKCE_LID_06] Hostel Block Road      |     0% | NORMAL
🔴 [MKCE_LID_07] Hostel Ring Road       |   100% | CRITICAL
🔴 [MKCE_LID_08] Playground Perimeter Rd |   100% | CRITICAL
🟢 [MKCE_LID_09] Canteen Road           |     0% | NORMAL
🟢 [MKCE_LID_10] Back Gate Road         |     0% | NORMAL

⏱ 11:47:53 ────────────────────────────────────────
🔴 [MKCE_LID_01] Main Gate Road         |  83.5% | CRITICAL
🔴 [MKCE_LID_02] Academic Block Road    |   100% | CRITICAL
🟢 [MKCE_LID_03] Central Avenue         |   4.1% | NORMAL
🟢 [MKCE_LID_04] Library Road           |  11.6% | NORMAL
🔴 [MKCE_LID_05] Workshop Road          |   100% | CRITICAL
🟢 [MKCE_LID_06] Hostel Block Road      |     0% | NORMAL
🔴 [MKCE_LID_07] Hostel Ring Road       |   100% | CRITICAL
🔴 [MKCE_LID_08] Playground Perimeter Rd |   100% | CRITICAL
🟢 [MKCE_LID_09] Canteen Road           |     0% | NORMAL
🟢 [MKCE_LID_10] Back Gate Road         |     0% | NORMAL

⏱ 11:47:56 ────────────────────────────────────────
🔴 [MKCE_LID_01] Main Gate Road         |  84.6% | CRITICAL
🔴 [MKCE_LID_02] Academic Block Road    |   100% | CRITICAL
🟢 [MKCE_LID_03] Central Avenue         |   5.0% | NORMAL
🟢 [MKCE_LID_04] Library Road           |  12.6% | NORMAL
🔴 [MKCE_LID_05] Workshop Road          |   100% | CRITICAL
🟢 [MKCE_LID_06] Hostel Block Road      |     0% | NORMAL
🔴 [MKCE_LID_07] Hostel Ring Road       |   100% | CRITICAL
🔴 [MKCE_LID_08] Playground Perimeter Rd |   100% | CRITICAL
🟢 [MKCE_LID_09] Canteen Road           |     0% | NORMAL
🟢 [MKCE_LID_10] Back Gate Road         |     0% | NORMAL

⏱ 11:47:59 ────────────────────────────────────────
🔴 [MKCE_LID_01] Main Gate Road         |  86.7% | CRITICAL
🔴 [MKCE_LID_02] Academic Block Road    |   100% | CRITICAL
🟢 [MKCE_LID_03] Central Avenue         |   5.3% | NORMAL
🟢 [MKCE_LID_04] Library Road           |  13.0% | NORMAL
🔴 [MKCE_LID_05] Workshop Road          |   100% | CRITICAL
🟢 [MKCE_LID_06] Hostel Block Road      |     0% | NORMAL
🔴 [MKCE_LID_07] Hostel Ring Road       |   100% | CRITICAL
🔴 [MKCE_LID_08] Playground Perimeter Rd |  99.1% | CRITICAL
🟢 [MKCE_LID_09] Canteen Road           |     0% | NORMAL
🟢 [MKCE_LID_10] Back Gate Road         |     0% | NORMAL

⏱ 11:48:02 ────────────────────────────────────────
🟡 [MKCE_LID_01] Main Gate Road         |  58.6% | WARNING
🔴 [MKCE_LID_02] Academic Block Road    |   100% | CRITICAL
🟢 [MKCE_LID_03] Central Avenue         |   5.2% | NORMAL
🟢 [MKCE_LID_04] Library Road           |  13.8% | NORMAL
🔴 [MKCE_LID_05] Workshop Road          |   100% | CRITICAL
🟢 [MKCE_LID_06] Hostel Block Road      |    30% | NORMAL
🔴 [MKCE_LID_07] Hostel Ring Road       |   100% | CRITICAL
🔴 [MKCE_LID_08] Playground Perimeter Rd |  98.6% | CRITICAL
🟢 [MKCE_LID_09] Canteen Road           |     0% | NORMAL
🟢 [MKCE_LID_10] Back Gate Road         |    30% | NORMAL

⏱ 11:48:05 ────────────────────────────────────────
🟡 [MKCE_LID_01] Main Gate Road         |  60.5% | WARNING
🔴 [MKCE_LID_02] Academic Block Road    |   100% | CRITICAL
🟢 [MKCE_LID_03] Central Avenue         |   5.6% | NORMAL
🟢 [MKCE_LID_04] Library Road           |  15.3% | NORMAL
🔴 [MKCE_LID_05] Workshop Road          |   100% | CRITICAL
🟢 [MKCE_LID_06] Hostel Block Road      |  25.3% | NORMAL
🔴 [MKCE_LID_07] Hostel Ring Road       |   100% | CRITICAL
🔴 [MKCE_LID_08] Playground Perimeter Rd |  98.2% | CRITICAL
🟢 [MKCE_LID_09] Canteen Road           |     0% | NORMAL
🟢 [MKCE_LID_10] Back Gate Road         |  25.2% | NORMAL

⏱ 11:48:08 ────────────────────────────────────────
🟡 [MKCE_LID_01] Main Gate Road         |  63.3% | WARNING
🔴 [MKCE_LID_02] Academic Block Road    |   100% | CRITICAL
🟢 [MKCE_LID_03] Central Avenue         |   6.4% | NORMAL
🟢 [MKCE_LID_04] Library Road           |  17.6% | NORMAL
🔴 [MKCE_LID_05] Workshop Road          |   100% | CRITICAL
🟢 [MKCE_LID_06] Hostel Block Road      |  20.3% | NORMAL
🔴 [MKCE_LID_07] Hostel Ring Road       |   100% | CRITICAL
🔴 [MKCE_LID_08] Playground Perimeter Rd |  97.4% | CRITICAL
🟢 [MKCE_LID_09] Canteen Road           |     0% | NORMAL
🟢 [MKCE_LID_10] Back Gate Road         |  20.6% | NORMAL

⏱ 11:48:11 ────────────────────────────────────────
🟡 [MKCE_LID_01] Main Gate Road         |  66.8% | WARNING
🔴 [MKCE_LID_02] Academic Block Road    |   100% | CRITICAL
🟢 [MKCE_LID_03] Central Avenue         |   7.5% | NORMAL
🟢 [MKCE_LID_04] Library Road           |  19.5% | NORMAL
🔴 [MKCE_LID_05] Workshop Road          |   100% | CRITICAL
🟢 [MKCE_LID_06] Hostel Block Road      |  15.3% | NORMAL
🔴 [MKCE_LID_07] Hostel Ring Road       |   100% | CRITICAL
🔴 [MKCE_LID_08] Playground Perimeter Rd |   100% | CRITICAL
🟢 [MKCE_LID_09] Canteen Road           |     0% | NORMAL
🟢 [MKCE_LID_10] Back Gate Road         |  15.8% | NORMAL

⏱ 11:48:14 ────────────────────────────────────────
🟡 [MKCE_LID_01] Main Gate Road         |  69.5% | WARNING
🔴 [MKCE_LID_02] Academic Block Road    |   100% | CRITICAL
🟢 [MKCE_LID_03] Central Avenue         |  39.4% | NORMAL
🟢 [MKCE_LID_04] Library Road           |  20.8% | NORMAL
🔴 [MKCE_LID_05] Workshop Road          |   100% | CRITICAL
🟢 [MKCE_LID_06] Hostel Block Road      |  11.1% | NORMAL
🔴 [MKCE_LID_07] Hostel Ring Road       |   100% | CRITICAL
🔴 [MKCE_LID_08] Playground Perimeter Rd |  98.9% | CRITICAL
🟢 [MKCE_LID_09] Canteen Road           |     0% | NORMAL
🟢 [MKCE_LID_10] Back Gate Road         |  10.8% | NORMAL

⏱ 11:48:17 ────────────────────────────────────────
🔴 [MKCE_LID_01] Main Gate Road         |  71.8% | CRITICAL
🔴 [MKCE_LID_02] Academic Block Road    |   100% | CRITICAL
🟡 [MKCE_LID_03] Central Avenue         |  40.5% | WARNING
🟢 [MKCE_LID_04] Library Road           |  22.7% | NORMAL
🔴 [MKCE_LID_05] Workshop Road          |   100% | CRITICAL
🟢 [MKCE_LID_06] Hostel Block Road      |   7.0% | NORMAL
🔴 [MKCE_LID_07] Hostel Ring Road       |   100% | CRITICAL
🔴 [MKCE_LID_08] Playground Perimeter Rd |  98.6% | CRITICAL
🟢 [MKCE_LID_09] Canteen Road           |     0% | NORMAL
🟢 [MKCE_LID_10] Back Gate Road         |   6.3% | NORMAL

⏱ 11:48:20 ────────────────────────────────────────
🔴 [MKCE_LID_01] Main Gate Road         |  73.5% | CRITICAL
🔴 [MKCE_LID_02] Academic Block Road    |   100% | CRITICAL
🟡 [MKCE_LID_03] Central Avenue         |  40.9% | WARNING
🟢 [MKCE_LID_04] Library Road           |  24.8% | NORMAL
🔴 [MKCE_LID_05] Workshop Road          |   100% | CRITICAL
🟢 [MKCE_LID_06] Hostel Block Road      |   3.5% | NORMAL
🔴 [MKCE_LID_07] Hostel Ring Road       |   100% | CRITICAL
🔴 [MKCE_LID_08] Playground Perimeter Rd |  99.1% | CRITICAL
🟢 [MKCE_LID_09] Canteen Road           |     0% | NORMAL
🟢 [MKCE_LID_10] Back Gate Road         |   1.5% | NORMAL

⏱ 11:48:23 ────────────────────────────────────────
🔴 [MKCE_LID_01] Main Gate Road         |  74.5% | CRITICAL
🔴 [MKCE_LID_02] Academic Block Road    |   100% | CRITICAL
🟡 [MKCE_LID_03] Central Avenue         |  40.6% | WARNING
🟢 [MKCE_LID_04] Library Road           |  27.4% | NORMAL
🔴 [MKCE_LID_05] Workshop Road          |   100% | CRITICAL
🟢 [MKCE_LID_06] Hostel Block Road      |     0% | NORMAL
🔴 [MKCE_LID_07] Hostel Ring Road       |   100% | CRITICAL
🔴 [MKCE_LID_08] Playground Perimeter Rd | 100.0% | CRITICAL
🟢 [MKCE_LID_09] Canteen Road           |     0% | NORMAL
🟢 [MKCE_LID_10] Back Gate Road         |     0% | NORMAL

⏱ 11:48:26 ────────────────────────────────────────
🔴 [MKCE_LID_01] Main Gate Road         |  76.0% | CRITICAL
🔴 [MKCE_LID_02] Academic Block Road    |   100% | CRITICAL
🟢 [MKCE_LID_03] Central Avenue         |  39.8% | NORMAL
🟢 [MKCE_LID_04] Library Road           |  29.9% | NORMAL
🔴 [MKCE_LID_05] Workshop Road          |   100% | CRITICAL
🟢 [MKCE_LID_06] Hostel Block Road      |     0% | NORMAL
🔴 [MKCE_LID_07] Hostel Ring Road       |   100% | CRITICAL
🔴 [MKCE_LID_08] Playground Perimeter Rd |   100% | CRITICAL
🟢 [MKCE_LID_09] Canteen Road           |    30% | NORMAL
🟢 [MKCE_LID_10] Back Gate Road         |     0% | NORMAL

⏱ 11:48:29 ────────────────────────────────────────
🔴 [MKCE_LID_01] Main Gate Road         |  77.2% | CRITICAL
🔴 [MKCE_LID_02] Academic Block Road    |   100% | CRITICAL
🟢 [MKCE_LID_03] Central Avenue         |  38.2% | NORMAL
🟢 [MKCE_LID_04] Library Road           |  31.5% | NORMAL
🔴 [MKCE_LID_05] Workshop Road          |   100% | CRITICAL
🟢 [MKCE_LID_06] Hostel Block Road      |     0% | NORMAL
🔴 [MKCE_LID_07] Hostel Ring Road       |   100% | CRITICAL
🔴 [MKCE_LID_08] Playground Perimeter Rd |   100% | CRITICAL
🟢 [MKCE_LID_09] Canteen Road           |  28.1% | NORMAL
🟢 [MKCE_LID_10] Back Gate Road         |     0% | NORMAL

⏱ 11:48:32 ────────────────────────────────────────
🔴 [MKCE_LID_01] Main Gate Road         |  77.4% | CRITICAL
🔴 [MKCE_LID_02] Academic Block Road    |   100% | CRITICAL
🟢 [MKCE_LID_03] Central Avenue         |  36.3% | NORMAL
🟢 [MKCE_LID_04] Library Road           |  32.5% | NORMAL
🔴 [MKCE_LID_05] Workshop Road          |   100% | CRITICAL
🟢 [MKCE_LID_06] Hostel Block Road      |     0% | NORMAL
🔴 [MKCE_LID_07] Hostel Ring Road       |   100% | CRITICAL
🔴 [MKCE_LID_08] Playground Perimeter Rd |   100% | CRITICAL
🟢 [MKCE_LID_09] Canteen Road           |  26.0% | NORMAL
🟢 [MKCE_LID_10] Back Gate Road         |     0% | NORMAL

⏱ 11:48:35 ────────────────────────────────────────
🔴 [MKCE_LID_01] Main Gate Road         |   100% | CRITICAL
🔴 [MKCE_LID_02] Academic Block Road    |   100% | CRITICAL
🟢 [MKCE_LID_03] Central Avenue         |  34.3% | NORMAL
🟢 [MKCE_LID_04] Library Road           |  33.8% | NORMAL
🔴 [MKCE_LID_05] Workshop Road          |   100% | CRITICAL
🟢 [MKCE_LID_06] Hostel Block Road      |    30% | NORMAL
🔴 [MKCE_LID_07] Hostel Ring Road       |   100% | CRITICAL
🔴 [MKCE_LID_08] Playground Perimeter Rd |   100% | CRITICAL
🟢 [MKCE_LID_09] Canteen Road           |  22.9% | NORMAL
🟢 [MKCE_LID_10] Back Gate Road         |     0% | NORMAL

⏱ 11:48:38 ────────────────────────────────────────
🔴 [MKCE_LID_01] Main Gate Road         |   100% | CRITICAL
🔴 [MKCE_LID_02] Academic Block Road    |   100% | CRITICAL
🟢 [MKCE_LID_03] Central Avenue         |  33.1% | NORMAL
🟢 [MKCE_LID_04] Library Road           |  34.7% | NORMAL
🔴 [MKCE_LID_05] Workshop Road          |   100% | CRITICAL
🟢 [MKCE_LID_06] Hostel Block Road      |    25% | NORMAL
🔴 [MKCE_LID_07] Hostel Ring Road       |   100% | CRITICAL
🔴 [MKCE_LID_08] Playground Perimeter Rd |   100% | CRITICAL
🟢 [MKCE_LID_09] Canteen Road           |  19.6% | NORMAL
🟢 [MKCE_LID_10] Back Gate Road         |     0% | NORMAL

⏱ 11:48:41 ────────────────────────────────────────
🔴 [MKCE_LID_01] Main Gate Road         |   100% | CRITICAL
🔴 [MKCE_LID_02] Academic Block Road    |   100% | CRITICAL
🟢 [MKCE_LID_03] Central Avenue         |  32.2% | NORMAL
🟢 [MKCE_LID_04] Library Road           |  35.8% | NORMAL
🔴 [MKCE_LID_05] Workshop Road          |   100% | CRITICAL
🟢 [MKCE_LID_06] Hostel Block Road      |    20% | NORMAL
🔴 [MKCE_LID_07] Hostel Ring Road       |   100% | CRITICAL
🔴 [MKCE_LID_08] Playground Perimeter Rd |   100% | CRITICAL
🟢 [MKCE_LID_09] Canteen Road           |  15.3% | NORMAL
🟢 [MKCE_LID_10] Back Gate Road         |     0% | NORMAL

⏱ 11:48:44 ────────────────────────────────────────
🔴 [MKCE_LID_01] Main Gate Road         |   100% | CRITICAL
🔴 [MKCE_LID_02] Academic Block Road    |   100% | CRITICAL
🟢 [MKCE_LID_03] Central Avenue         |  31.2% | NORMAL
🟢 [MKCE_LID_04] Library Road           |  37.8% | NORMAL
🔴 [MKCE_LID_05] Workshop Road          |   100% | CRITICAL
🟢 [MKCE_LID_06] Hostel Block Road      |  15.2% | NORMAL
🔴 [MKCE_LID_07] Hostel Ring Road       |   100% | CRITICAL
🔴 [MKCE_LID_08] Playground Perimeter Rd |   100% | CRITICAL
🟢 [MKCE_LID_09] Canteen Road           |  10.6% | NORMAL
🟢 [MKCE_LID_10] Back Gate Road         |     0% | NORMAL

⏱ 11:48:47 ────────────────────────────────────────
🔴 [MKCE_LID_01] Main Gate Road         |   100% | CRITICAL
🔴 [MKCE_LID_02] Academic Block Road    |   100% | CRITICAL
🟢 [MKCE_LID_03] Central Avenue         |  29.9% | NORMAL
🟢 [MKCE_LID_04] Library Road           |  39.1% | NORMAL
🔴 [MKCE_LID_05] Workshop Road          |   100% | CRITICAL
🟢 [MKCE_LID_06] Hostel Block Road      |  10.8% | NORMAL
🔴 [MKCE_LID_07] Hostel Ring Road       |   100% | CRITICAL
🔴 [MKCE_LID_08] Playground Perimeter Rd |   100% | CRITICAL
🟢 [MKCE_LID_09] Canteen Road           |   5.6% | NORMAL
🟢 [MKCE_LID_10] Back Gate Road         |     0% | NORMAL

⏱ 11:48:50 ────────────────────────────────────────
🔴 [MKCE_LID_01] Main Gate Road         |  99.4% | CRITICAL
🔴 [MKCE_LID_02] Academic Block Road    |   100% | CRITICAL
🟢 [MKCE_LID_03] Central Avenue         |  28.5% | NORMAL
🟡 [MKCE_LID_04] Library Road           |  41.4% | WARNING
🔴 [MKCE_LID_05] Workshop Road          |   100% | CRITICAL
🟢 [MKCE_LID_06] Hostel Block Road      |   5.8% | NORMAL
🔴 [MKCE_LID_07] Hostel Ring Road       |   100% | CRITICAL
🔴 [MKCE_LID_08] Playground Perimeter Rd |   100% | CRITICAL
🟢 [MKCE_LID_09] Canteen Road           |   0.6% | NORMAL
🟢 [MKCE_LID_10] Back Gate Road         |     0% | NORMAL

⏱ 11:48:53 ────────────────────────────────────────
🔴 [MKCE_LID_01] Main Gate Road         |  99.3% | CRITICAL
🔴 [MKCE_LID_02] Academic Block Road    |   100% | CRITICAL
🟢 [MKCE_LID_03] Central Avenue         |  26.4% | NORMAL
🟡 [MKCE_LID_04] Library Road           |  43.6% | WARNING
🔴 [MKCE_LID_05] Workshop Road          |   100% | CRITICAL
🟢 [MKCE_LID_06] Hostel Block Road      |   1.3% | NORMAL
🔴 [MKCE_LID_07] Hostel Ring Road       |   100% | CRITICAL
🔴 [MKCE_LID_08] Playground Perimeter Rd |   100% | CRITICAL
🟢 [MKCE_LID_09] Canteen Road           |     0% | NORMAL
🟢 [MKCE_LID_10] Back Gate Road         |     0% | NORMAL

⏱ 11:48:57 ────────────────────────────────────────
🔴 [MKCE_LID_01] Main Gate Road         |  98.4% | CRITICAL
🔴 [MKCE_LID_02] Academic Block Road    |   100% | CRITICAL
🟢 [MKCE_LID_03] Central Avenue         |  23.6% | NORMAL
🟡 [MKCE_LID_04] Library Road           |  46.6% | WARNING
🟡 [MKCE_LID_05] Workshop Road          |    70% | WARNING
🟢 [MKCE_LID_06] Hostel Block Road      |     0% | NORMAL
🔴 [MKCE_LID_07] Hostel Ring Road       |   100% | CRITICAL
🔴 [MKCE_LID_08] Playground Perimeter Rd |   100% | CRITICAL
🟢 [MKCE_LID_09] Canteen Road           |     0% | NORMAL
🟢 [MKCE_LID_10] Back Gate Road         |     0% | NORMAL

⏱ 11:49:00 ────────────────────────────────────────
🔴 [MKCE_LID_01] Main Gate Road         |  98.0% | CRITICAL
🔴 [MKCE_LID_02] Academic Block Road    |   100% | CRITICAL
🟢 [MKCE_LID_03] Central Avenue         |  20.5% | NORMAL
🟡 [MKCE_LID_04] Library Road           |  49.7% | WARNING
🔴 [MKCE_LID_05] Workshop Road          |  70.3% | CRITICAL
🟢 [MKCE_LID_06] Hostel Block Road      |     0% | NORMAL
🔴 [MKCE_LID_07] Hostel Ring Road       |   100% | CRITICAL
🔴 [MKCE_LID_08] Playground Perimeter Rd |   100% | CRITICAL
🟢 [MKCE_LID_09] Canteen Road           |     0% | NORMAL
🟢 [MKCE_LID_10] Back Gate Road         |     0% | NORMAL

⏱ 11:49:03 ────────────────────────────────────────
🔴 [MKCE_LID_01] Main Gate Road         |  98.4% | CRITICAL
🔴 [MKCE_LID_02] Academic Block Road    |   100% | CRITICAL
🟢 [MKCE_LID_03] Central Avenue         |  16.6% | NORMAL
🟡 [MKCE_LID_04] Library Road           |  52.6% | WARNING
🔴 [MKCE_LID_05] Workshop Road          |  70.9% | CRITICAL
🟢 [MKCE_LID_06] Hostel Block Road      |     0% | NORMAL
🔴 [MKCE_LID_07] Hostel Ring Road       |   100% | CRITICAL
🔴 [MKCE_LID_08] Playground Perimeter Rd |   100% | CRITICAL
🟢 [MKCE_LID_09] Canteen Road           |     0% | NORMAL
🟢 [MKCE_LID_10] Back Gate Road         |     0% | NORMAL

⏱ 11:49:06 ────────────────────────────────────────
🔴 [MKCE_LID_01] Main Gate Road         |  99.2% | CRITICAL
🔴 [MKCE_LID_02] Academic Block Road    |   100% | CRITICAL
🟡 [MKCE_LID_03] Central Avenue         |  43.4% | WARNING
🔴 [MKCE_LID_04] Library Road           |  86.1% | CRITICAL
🔴 [MKCE_LID_05] Workshop Road          |  70.7% | CRITICAL
🟢 [MKCE_LID_06] Hostel Block Road      |     0% | NORMAL
🔴 [MKCE_LID_07] Hostel Ring Road       |   100% | CRITICAL
🔴 [MKCE_LID_08] Playground Perimeter Rd |   100% | CRITICAL
🟢 [MKCE_LID_09] Canteen Road           |     0% | NORMAL
🟢 [MKCE_LID_10] Back Gate Road         |     0% | NORMAL

⏱ 11:49:09 ────────────────────────────────────────
🟡 [MKCE_LID_01] Main Gate Road         |  69.5% | WARNING
🔴 [MKCE_LID_02] Academic Block Road    |   100% | CRITICAL
🟡 [MKCE_LID_03] Central Avenue         |  41.0% | WARNING
🔴 [MKCE_LID_04] Library Road           |  90.2% | CRITICAL
🔴 [MKCE_LID_05] Workshop Road          |  71.1% | CRITICAL
🟢 [MKCE_LID_06] Hostel Block Road      |     0% | NORMAL
🔴 [MKCE_LID_07] Hostel Ring Road       |   100% | CRITICAL
🔴 [MKCE_LID_08] Playground Perimeter Rd |   100% | CRITICAL
🟢 [MKCE_LID_09] Canteen Road           |     0% | NORMAL
🟢 [MKCE_LID_10] Back Gate Road         |     0% | NORMAL

⏱ 11:49:12 ────────────────────────────────────────
🟡 [MKCE_LID_01] Main Gate Road         |  69.8% | WARNING
🔴 [MKCE_LID_02] Academic Block Road    |   100% | CRITICAL
🟢 [MKCE_LID_03] Central Avenue         |  38.6% | NORMAL
🔴 [MKCE_LID_04] Library Road           |  94.8% | CRITICAL
🔴 [MKCE_LID_05] Workshop Road          |  71.7% | CRITICAL
🟢 [MKCE_LID_06] Hostel Block Road      |     0% | NORMAL
🔴 [MKCE_LID_07] Hostel Ring Road       |   100% | CRITICAL
🔴 [MKCE_LID_08] Playground Perimeter Rd |   100% | CRITICAL
🟢 [MKCE_LID_09] Canteen Road           |     0% | NORMAL
🟢 [MKCE_LID_10] Back Gate Road         |     0% | NORMAL

⏱ 11:49:15 ────────────────────────────────────────
🟡 [MKCE_LID_01] Main Gate Road         |  69.6% | WARNING
🔴 [MKCE_LID_02] Academic Block Road    |   100% | CRITICAL
🟢 [MKCE_LID_03] Central Avenue         |   6.9% | NORMAL
🔴 [MKCE_LID_04] Library Road           |  99.3% | CRITICAL
🔴 [MKCE_LID_05] Workshop Road          |  71.4% | CRITICAL
🟢 [MKCE_LID_06] Hostel Block Road      |    30% | NORMAL
🔴 [MKCE_LID_07] Hostel Ring Road       |   100% | CRITICAL
🔴 [MKCE_LID_08] Playground Perimeter Rd |   100% | CRITICAL
🟢 [MKCE_LID_09] Canteen Road           |     0% | NORMAL
🟢 [MKCE_LID_10] Back Gate Road         |     0% | NORMAL

⏱ 11:49:18 ────────────────────────────────────────
🔴 [MKCE_LID_01] Main Gate Road         |  70.3% | CRITICAL
🔴 [MKCE_LID_02] Academic Block Road    |   100% | CRITICAL
🟢 [MKCE_LID_03] Central Avenue         |   4.2% | NORMAL
🔴 [MKCE_LID_04] Library Road           |   100% | CRITICAL
🔴 [MKCE_LID_05] Workshop Road          |  70.4% | CRITICAL
🟢 [MKCE_LID_06] Hostel Block Road      |  26.4% | NORMAL
🟡 [MKCE_LID_07] Hostel Ring Road       |    70% | WARNING
🔴 [MKCE_LID_08] Playground Perimeter Rd |   100% | CRITICAL
🟢 [MKCE_LID_09] Canteen Road           |     0% | NORMAL
🟢 [MKCE_LID_10] Back Gate Road         |     0% | NORMAL

⏱ 11:49:21 ────────────────────────────────────────
🔴 [MKCE_LID_01] Main Gate Road         |  70.5% | CRITICAL
🔴 [MKCE_LID_02] Academic Block Road    |   100% | CRITICAL
🟢 [MKCE_LID_03] Central Avenue         |   1.0% | NORMAL
🔴 [MKCE_LID_04] Library Road           |   100% | CRITICAL
🟡 [MKCE_LID_05] Workshop Road          |  69.1% | WARNING
🟢 [MKCE_LID_06] Hostel Block Road      |  22.0% | NORMAL
🔴 [MKCE_LID_07] Hostel Ring Road       |  74.3% | CRITICAL
🔴 [MKCE_LID_08] Playground Perimeter Rd |   100% | CRITICAL
🟢 [MKCE_LID_09] Canteen Road           |     0% | NORMAL
🟢 [MKCE_LID_10] Back Gate Road         |   0.3% | NORMAL

⏱ 11:49:24 ────────────────────────────────────────
🔴 [MKCE_LID_01] Main Gate Road         |  71.7% | CRITICAL
🔴 [MKCE_LID_02] Academic Block Road    |   100% | CRITICAL
🟢 [MKCE_LID_03] Central Avenue         |     0% | NORMAL
🔴 [MKCE_LID_04] Library Road           |   100% | CRITICAL
🟡 [MKCE_LID_05] Workshop Road          |  68.1% | WARNING
🟢 [MKCE_LID_06] Hostel Block Road      |  17.9% | NORMAL
🟡 [MKCE_LID_07] Hostel Ring Road       |  49.3% | WARNING
🔴 [MKCE_LID_08] Playground Perimeter Rd |   100% | CRITICAL
🟢 [MKCE_LID_09] Canteen Road           |     0% | NORMAL
🟢 [MKCE_LID_10] Back Gate Road         |   1.3% | NORMAL

⏱ 11:49:27 ────────────────────────────────────────
🔴 [MKCE_LID_01] Main Gate Road         |  73.4% | CRITICAL
🔴 [MKCE_LID_02] Academic Block Road    |   100% | CRITICAL
🟢 [MKCE_LID_03] Central Avenue         |     0% | NORMAL
🔴 [MKCE_LID_04] Library Road           |   100% | CRITICAL
🟡 [MKCE_LID_05] Workshop Road          |  67.4% | WARNING
🟢 [MKCE_LID_06] Hostel Block Road      |  14.0% | NORMAL
🟡 [MKCE_LID_07] Hostel Ring Road       |  53.9% | WARNING
🔴 [MKCE_LID_08] Playground Perimeter Rd |   100% | CRITICAL
🟢 [MKCE_LID_09] Canteen Road           |     0% | NORMAL
🟢 [MKCE_LID_10] Back Gate Road         |   2.9% | NORMAL

⏱ 11:49:30 ────────────────────────────────────────
🟡 [MKCE_LID_01] Main Gate Road         |  46.0% | WARNING
🔴 [MKCE_LID_02] Academic Block Road    |   100% | CRITICAL
🟢 [MKCE_LID_03] Central Avenue         |     0% | NORMAL
🔴 [MKCE_LID_04] Library Road           |   100% | CRITICAL
🟡 [MKCE_LID_05] Workshop Road          |  67.0% | WARNING
🟢 [MKCE_LID_06] Hostel Block Road      |   9.4% | NORMAL
🟡 [MKCE_LID_07] Hostel Ring Road       |  58.0% | WARNING
🔴 [MKCE_LID_08] Playground Perimeter Rd |   100% | CRITICAL
🟢 [MKCE_LID_09] Canteen Road           |     0% | NORMAL
🟢 [MKCE_LID_10] Back Gate Road         |   4.4% | NORMAL

⏱ 11:49:33 ────────────────────────────────────────
🟡 [MKCE_LID_01] Main Gate Road         |  48.6% | WARNING
🔴 [MKCE_LID_02] Academic Block Road    |   100% | CRITICAL
🟢 [MKCE_LID_03] Central Avenue         |     0% | NORMAL
🔴 [MKCE_LID_04] Library Road           |   100% | CRITICAL
🟡 [MKCE_LID_05] Workshop Road          |  67.3% | WARNING
🟢 [MKCE_LID_06] Hostel Block Road      |   4.8% | NORMAL
🟡 [MKCE_LID_07] Hostel Ring Road       |  61.7% | WARNING
🔴 [MKCE_LID_08] Playground Perimeter Rd |   100% | CRITICAL
🟢 [MKCE_LID_09] Canteen Road           |     0% | NORMAL
🟢 [MKCE_LID_10] Back Gate Road         |   6.7% | NORMAL

⏱ 11:49:36 ────────────────────────────────────────
🟡 [MKCE_LID_01] Main Gate Road         |  50.6% | WARNING
🔴 [MKCE_LID_02] Academic Block Road    |   100% | CRITICAL
🟢 [MKCE_LID_03] Central Avenue         |     0% | NORMAL
🔴 [MKCE_LID_04] Library Road           |   100% | CRITICAL
🟡 [MKCE_LID_05] Workshop Road          |  68.0% | WARNING
🟢 [MKCE_LID_06] Hostel Block Road      |   1.0% | NORMAL
🟡 [MKCE_LID_07] Hostel Ring Road       |  64.9% | WARNING
🔴 [MKCE_LID_08] Playground Perimeter Rd |   100% | CRITICAL
🟢 [MKCE_LID_09] Canteen Road           |    30% | NORMAL
🟢 [MKCE_LID_10] Back Gate Road         |   8.8% | NORMAL

⏱ 11:49:39 ────────────────────────────────────────
🟡 [MKCE_LID_01] Main Gate Road         |  52.0% | WARNING
🔴 [MKCE_LID_02] Academic Block Road    |   100% | CRITICAL
🟢 [MKCE_LID_03] Central Avenue         |     0% | NORMAL
🔴 [MKCE_LID_04] Library Road           |   100% | CRITICAL
🟡 [MKCE_LID_05] Workshop Road          |  68.8% | WARNING
🟢 [MKCE_LID_06] Hostel Block Road      |     0% | NORMAL
🟡 [MKCE_LID_07] Hostel Ring Road       |  68.3% | WARNING
🔴 [MKCE_LID_08] Playground Perimeter Rd |   100% | CRITICAL
🟢 [MKCE_LID_09] Canteen Road           |  26.1% | NORMAL
🟢 [MKCE_LID_10] Back Gate Road         |     0% | NORMAL

⏱ 11:49:42 ────────────────────────────────────────
🟡 [MKCE_LID_01] Main Gate Road         |  53.4% | WARNING
🔴 [MKCE_LID_02] Academic Block Road    |   100% | CRITICAL
🟢 [MKCE_LID_03] Central Avenue         |     0% | NORMAL
🔴 [MKCE_LID_04] Library Road           |   100% | CRITICAL
🔴 [MKCE_LID_05] Workshop Road          |  70.3% | CRITICAL
🟢 [MKCE_LID_06] Hostel Block Road      |     0% | NORMAL
🔴 [MKCE_LID_07] Hostel Ring Road       |  71.5% | CRITICAL
🔴 [MKCE_LID_08] Playground Perimeter Rd |   100% | CRITICAL
🟢 [MKCE_LID_09] Canteen Road           |  23.1% | NORMAL
🟢 [MKCE_LID_10] Back Gate Road         |   0.6% | NORMAL

⏱ 11:49:45 ────────────────────────────────────────
🟡 [MKCE_LID_01] Main Gate Road         |  55.8% | WARNING
🔴 [MKCE_LID_02] Academic Block Road    |   100% | CRITICAL
🟢 [MKCE_LID_03] Central Avenue         |     0% | NORMAL
🔴 [MKCE_LID_04] Library Road           |   100% | CRITICAL
🔴 [MKCE_LID_05] Workshop Road          |  71.9% | CRITICAL
🟢 [MKCE_LID_06] Hostel Block Road      |     0% | NORMAL
🔴 [MKCE_LID_07] Hostel Ring Road       |  74.5% | CRITICAL
🔴 [MKCE_LID_08] Playground Perimeter Rd |   100% | CRITICAL
🟢 [MKCE_LID_09] Canteen Road           |     0% | NORMAL
🟢 [MKCE_LID_10] Back Gate Road         |   1.6% | NORMAL

⏱ 11:49:48 ────────────────────────────────────────
🟡 [MKCE_LID_01] Main Gate Road         |  57.2% | WARNING
🔴 [MKCE_LID_02] Academic Block Road    |   100% | CRITICAL
🟢 [MKCE_LID_03] Central Avenue         |     0% | NORMAL
🔴 [MKCE_LID_04] Library Road           |   100% | CRITICAL
🔴 [MKCE_LID_05] Workshop Road          |  72.6% | CRITICAL
🟢 [MKCE_LID_06] Hostel Block Road      |     0% | NORMAL
🔴 [MKCE_LID_07] Hostel Ring Road       |  77.1% | CRITICAL
🔴 [MKCE_LID_08] Playground Perimeter Rd |   100% | CRITICAL
🟢 [MKCE_LID_09] Canteen Road           |     0% | NORMAL
🟢 [MKCE_LID_10] Back Gate Road         |     0% | NORMAL

⏱ 11:49:51 ────────────────────────────────────────
🟡 [MKCE_LID_01] Main Gate Road         |  58.8% | WARNING
🔴 [MKCE_LID_02] Academic Block Road    |   100% | CRITICAL
🟢 [MKCE_LID_03] Central Avenue         |     0% | NORMAL
🔴 [MKCE_LID_04] Library Road           |   100% | CRITICAL
🔴 [MKCE_LID_05] Workshop Road          |  73.6% | CRITICAL
🟢 [MKCE_LID_06] Hostel Block Road      |     0% | NORMAL
🔴 [MKCE_LID_07] Hostel Ring Road       |  79.2% | CRITICAL
🔴 [MKCE_LID_08] Playground Perimeter Rd |   100% | CRITICAL
🟢 [MKCE_LID_09] Canteen Road           |     0% | NORMAL
🟢 [MKCE_LID_10] Back Gate Road         |   0.2% | NORMAL

⏱ 11:49:54 ────────────────────────────────────────
🟡 [MKCE_LID_01] Main Gate Road         |  60.8% | WARNING
🔴 [MKCE_LID_02] Academic Block Road    |   100% | CRITICAL
🟢 [MKCE_LID_03] Central Avenue         |     0% | NORMAL
🔴 [MKCE_LID_04] Library Road           |   100% | CRITICAL
🔴 [MKCE_LID_05] Workshop Road          |  75.3% | CRITICAL
🟢 [MKCE_LID_06] Hostel Block Road      |     0% | NORMAL
🔴 [MKCE_LID_07] Hostel Ring Road       |   100% | CRITICAL
🔴 [MKCE_LID_08] Playground Perimeter Rd |   100% | CRITICAL
🟢 [MKCE_LID_09] Canteen Road           |     0% | NORMAL
🟢 [MKCE_LID_10] Back Gate Road         |   0.1% | NORMAL

⏱ 11:49:57 ────────────────────────────────────────
🟡 [MKCE_LID_01] Main Gate Road         |  62.1% | WARNING
🔴 [MKCE_LID_02] Academic Block Road    |   100% | CRITICAL
🟢 [MKCE_LID_03] Central Avenue         |     0% | NORMAL
🔴 [MKCE_LID_04] Library Road           |   100% | CRITICAL
🔴 [MKCE_LID_05] Workshop Road          |  76.2% | CRITICAL
🟢 [MKCE_LID_06] Hostel Block Road      |     0% | NORMAL
🔴 [MKCE_LID_07] Hostel Ring Road       |   100% | CRITICAL
🔴 [MKCE_LID_08] Playground Perimeter Rd |   100% | CRITICAL
🟢 [MKCE_LID_09] Canteen Road           |     0% | NORMAL
🟢 [MKCE_LID_10] Back Gate Road         |     0% | NORMAL

⏱ 11:50:00 ────────────────────────────────────────
🟡 [MKCE_LID_01] Main Gate Road         |  63.6% | WARNING
🟡 [MKCE_LID_02] Academic Block Road    |    70% | WARNING
🟢 [MKCE_LID_03] Central Avenue         |     0% | NORMAL
🔴 [MKCE_LID_04] Library Road           |   100% | CRITICAL
🔴 [MKCE_LID_05] Workshop Road          |  76.1% | CRITICAL
🟢 [MKCE_LID_06] Hostel Block Road      |     0% | NORMAL
🔴 [MKCE_LID_07] Hostel Ring Road       |   100% | CRITICAL
🔴 [MKCE_LID_08] Playground Perimeter Rd |   100% | CRITICAL
🟢 [MKCE_LID_09] Canteen Road           |     0% | NORMAL
🟢 [MKCE_LID_10] Back Gate Road         |     0% | NORMAL

⏱ 11:50:03 ────────────────────────────────────────
🟡 [MKCE_LID_01] Main Gate Road         |  65.9% | WARNING
🔴 [MKCE_LID_02] Academic Block Road    |  72.6% | CRITICAL
🟢 [MKCE_LID_03] Central Avenue         |     0% | NORMAL
🔴 [MKCE_LID_04] Library Road           |   100% | CRITICAL
🔴 [MKCE_LID_05] Workshop Road          |  76.9% | CRITICAL
🟢 [MKCE_LID_06] Hostel Block Road      |     0% | NORMAL
🔴 [MKCE_LID_07] Hostel Ring Road       |   100% | CRITICAL
🔴 [MKCE_LID_08] Playground Perimeter Rd |   100% | CRITICAL
🟢 [MKCE_LID_09] Canteen Road           |     0% | NORMAL
🟢 [MKCE_LID_10] Back Gate Road         |     0% | NORMAL

⏱ 11:50:06 ────────────────────────────────────────
🟡 [MKCE_LID_01] Main Gate Road         |  68.3% | WARNING
🔴 [MKCE_LID_02] Academic Block Road    |  75.3% | CRITICAL
🟢 [MKCE_LID_03] Central Avenue         |     0% | NORMAL
🔴 [MKCE_LID_04] Library Road           |   100% | CRITICAL
🔴 [MKCE_LID_05] Workshop Road          |  77.9% | CRITICAL
🟢 [MKCE_LID_06] Hostel Block Road      |     0% | NORMAL
🔴 [MKCE_LID_07] Hostel Ring Road       |   100% | CRITICAL
🔴 [MKCE_LID_08] Playground Perimeter Rd |   100% | CRITICAL
🟢 [MKCE_LID_09] Canteen Road           |     0% | NORMAL
🟢 [MKCE_LID_10] Back Gate Road         |    30% | NORMAL

⏱ 11:50:10 ────────────────────────────────────────
🟡 [MKCE_LID_01] Main Gate Road         |  69.8% | WARNING
🔴 [MKCE_LID_02] Academic Block Road    |  78.2% | CRITICAL
🟢 [MKCE_LID_03] Central Avenue         |     0% | NORMAL
🔴 [MKCE_LID_04] Library Road           |   100% | CRITICAL
🔴 [MKCE_LID_05] Workshop Road          |  79.1% | CRITICAL
🟢 [MKCE_LID_06] Hostel Block Road      |     0% | NORMAL
🔴 [MKCE_LID_07] Hostel Ring Road       |   100% | CRITICAL
🔴 [MKCE_LID_08] Playground Perimeter Rd |   100% | CRITICAL
🟢 [MKCE_LID_09] Canteen Road           |     0% | NORMAL
🟢 [MKCE_LID_10] Back Gate Road         |  29.3% | NORMAL

⏱ 11:50:13 ────────────────────────────────────────
🔴 [MKCE_LID_01] Main Gate Road         |  71.3% | CRITICAL
🔴 [MKCE_LID_02] Academic Block Road    |  81.1% | CRITICAL
🟢 [MKCE_LID_03] Central Avenue         |     0% | NORMAL
🔴 [MKCE_LID_04] Library Road           |   100% | CRITICAL
🔴 [MKCE_LID_05] Workshop Road          |  79.8% | CRITICAL
🟢 [MKCE_LID_06] Hostel Block Road      |     0% | NORMAL
🔴 [MKCE_LID_07] Hostel Ring Road       |   100% | CRITICAL
🔴 [MKCE_LID_08] Playground Perimeter Rd |   100% | CRITICAL
🟢 [MKCE_LID_09] Canteen Road           |     0% | NORMAL
🟢 [MKCE_LID_10] Back Gate Road         |  28.5% | NORMAL

⏱ 11:50:16 ────────────────────────────────────────
🔴 [MKCE_LID_01] Main Gate Road         |  72.2% | CRITICAL
🔴 [MKCE_LID_02] Academic Block Road    |  84.5% | CRITICAL
🟢 [MKCE_LID_03] Central Avenue         |     0% | NORMAL
🔴 [MKCE_LID_04] Library Road           |   100% | CRITICAL
🔴 [MKCE_LID_05] Workshop Road          |  80.9% | CRITICAL
🟢 [MKCE_LID_06] Hostel Block Road      |     0% | NORMAL
🔴 [MKCE_LID_07] Hostel Ring Road       |   100% | CRITICAL
🔴 [MKCE_LID_08] Playground Perimeter Rd |   100% | CRITICAL
🟢 [MKCE_LID_09] Canteen Road           |     0% | NORMAL
🟢 [MKCE_LID_10] Back Gate Road         |  26.7% | NORMAL

⏱ 11:50:19 ────────────────────────────────────────
🔴 [MKCE_LID_01] Main Gate Road         |  73.1% | CRITICAL
🔴 [MKCE_LID_02] Academic Block Road    |  87.4% | CRITICAL
🟢 [MKCE_LID_03] Central Avenue         |     0% | NORMAL
🔴 [MKCE_LID_04] Library Road           |   100% | CRITICAL
🔴 [MKCE_LID_05] Workshop Road          |  81.4% | CRITICAL
🟢 [MKCE_LID_06] Hostel Block Road      |     0% | NORMAL
🔴 [MKCE_LID_07] Hostel Ring Road       |   100% | CRITICAL
🔴 [MKCE_LID_08] Playground Perimeter Rd |   100% | CRITICAL
🟢 [MKCE_LID_09] Canteen Road           |     0% | NORMAL
🟢 [MKCE_LID_10] Back Gate Road         |  25.0% | NORMAL

⏱ 11:50:22 ────────────────────────────────────────
🔴 [MKCE_LID_01] Main Gate Road         |  73.3% | CRITICAL
🔴 [MKCE_LID_02] Academic Block Road    |   100% | CRITICAL
🟢 [MKCE_LID_03] Central Avenue         |     0% | NORMAL
🔴 [MKCE_LID_04] Library Road           |   100% | CRITICAL
🔴 [MKCE_LID_05] Workshop Road          |  81.3% | CRITICAL
🟢 [MKCE_LID_06] Hostel Block Road      |     0% | NORMAL
🔴 [MKCE_LID_07] Hostel Ring Road       |   100% | CRITICAL
🔴 [MKCE_LID_08] Playground Perimeter Rd |   100% | CRITICAL
🟢 [MKCE_LID_09] Canteen Road           |     0% | NORMAL
🟢 [MKCE_LID_10] Back Gate Road         |  23.3% | NORMAL

⏱ 11:50:25 ────────────────────────────────────────
🔴 [MKCE_LID_01] Main Gate Road         |  74.1% | CRITICAL
🔴 [MKCE_LID_02] Academic Block Road    |   100% | CRITICAL
🟢 [MKCE_LID_03] Central Avenue         |     0% | NORMAL
🔴 [MKCE_LID_04] Library Road           |   100% | CRITICAL
🔴 [MKCE_LID_05] Workshop Road          |  80.3% | CRITICAL
🟢 [MKCE_LID_06] Hostel Block Road      |     0% | NORMAL
🔴 [MKCE_LID_07] Hostel Ring Road       |   100% | CRITICAL
🔴 [MKCE_LID_08] Playground Perimeter Rd |   100% | CRITICAL
🟢 [MKCE_LID_09] Canteen Road           |     0% | NORMAL
🟢 [MKCE_LID_10] Back Gate Road         |  22.1% | NORMAL

⏱ 11:50:28 ────────────────────────────────────────
🔴 [MKCE_LID_01] Main Gate Road         |  74.7% | CRITICAL
🔴 [MKCE_LID_02] Academic Block Road    |   100% | CRITICAL
🟢 [MKCE_LID_03] Central Avenue         |     0% | NORMAL
🔴 [MKCE_LID_04] Library Road           |   100% | CRITICAL
🔴 [MKCE_LID_05] Workshop Road          |  79.7% | CRITICAL
🟢 [MKCE_LID_06] Hostel Block Road      |     0% | NORMAL
🔴 [MKCE_LID_07] Hostel Ring Road       |   100% | CRITICAL
🔴 [MKCE_LID_08] Playground Perimeter Rd |   100% | CRITICAL
🟢 [MKCE_LID_09] Canteen Road           |     0% | NORMAL
🟢 [MKCE_LID_10] Back Gate Road         |  21.6% | NORMAL

⏱ 11:50:31 ────────────────────────────────────────
🔴 [MKCE_LID_01] Main Gate Road         |  75.8% | CRITICAL
🔴 [MKCE_LID_02] Academic Block Road    |   100% | CRITICAL
🟢 [MKCE_LID_03] Central Avenue         |     0% | NORMAL
🔴 [MKCE_LID_04] Library Road           |   100% | CRITICAL
🔴 [MKCE_LID_05] Workshop Road          |  78.3% | CRITICAL
🟢 [MKCE_LID_06] Hostel Block Road      |     0% | NORMAL
🔴 [MKCE_LID_07] Hostel Ring Road       |   100% | CRITICAL
🔴 [MKCE_LID_08] Playground Perimeter Rd |   100% | CRITICAL
🟢 [MKCE_LID_09] Canteen Road           |     0% | NORMAL
🟢 [MKCE_LID_10] Back Gate Road         |  20.7% | NORMAL

⏱ 11:50:34 ────────────────────────────────────────
🔴 [MKCE_LID_01] Main Gate Road         |  77.3% | CRITICAL
🔴 [MKCE_LID_02] Academic Block Road    |   100% | CRITICAL
🟢 [MKCE_LID_03] Central Avenue         |     0% | NORMAL
🔴 [MKCE_LID_04] Library Road           |   100% | CRITICAL
🔴 [MKCE_LID_05] Workshop Road          |  77.6% | CRITICAL
🟢 [MKCE_LID_06] Hostel Block Road      |     0% | NORMAL
🔴 [MKCE_LID_07] Hostel Ring Road       |   100% | CRITICAL
🔴 [MKCE_LID_08] Playground Perimeter Rd |   100% | CRITICAL
🟢 [MKCE_LID_09] Canteen Road           |     0% | NORMAL
🟢 [MKCE_LID_10] Back Gate Road         |  20.2% | NORMAL

⏱ 11:50:37 ────────────────────────────────────────
🔴 [MKCE_LID_01] Main Gate Road         |  78.3% | CRITICAL
🔴 [MKCE_LID_02] Academic Block Road    |   100% | CRITICAL
🟢 [MKCE_LID_03] Central Avenue         |     0% | NORMAL
🔴 [MKCE_LID_04] Library Road           |   100% | CRITICAL
🔴 [MKCE_LID_05] Workshop Road          |  77.1% | CRITICAL
🟢 [MKCE_LID_06] Hostel Block Road      |     0% | NORMAL
🔴 [MKCE_LID_07] Hostel Ring Road       |   100% | CRITICAL
🔴 [MKCE_LID_08] Playground Perimeter Rd |   100% | CRITICAL
🟢 [MKCE_LID_09] Canteen Road           |     0% | NORMAL
🟢 [MKCE_LID_10] Back Gate Road         |  19.9% | NORMAL

⏱ 11:50:40 ────────────────────────────────────────
🔴 [MKCE_LID_01] Main Gate Road         |  79.3% | CRITICAL
🔴 [MKCE_LID_02] Academic Block Road    |   100% | CRITICAL
🟢 [MKCE_LID_03] Central Avenue         |     0% | NORMAL
🔴 [MKCE_LID_04] Library Road           |   100% | CRITICAL
🔴 [MKCE_LID_05] Workshop Road          |  76.0% | CRITICAL
🟢 [MKCE_LID_06] Hostel Block Road      |     0% | NORMAL
🔴 [MKCE_LID_07] Hostel Ring Road       |   100% | CRITICAL
🔴 [MKCE_LID_08] Playground Perimeter Rd |   100% | CRITICAL
🟢 [MKCE_LID_09] Canteen Road           |     0% | NORMAL
🟢 [MKCE_LID_10] Back Gate Road         |  19.8% | NORMAL

⏱ 11:50:43 ────────────────────────────────────────
🔴 [MKCE_LID_01] Main Gate Road         |  79.7% | CRITICAL
🔴 [MKCE_LID_02] Academic Block Road    |   100% | CRITICAL
🟢 [MKCE_LID_03] Central Avenue         |     0% | NORMAL
🟡 [MKCE_LID_04] Library Road           |    70% | WARNING
🟡 [MKCE_LID_05] Workshop Road          |  44.7% | WARNING
🟢 [MKCE_LID_06] Hostel Block Road      |     0% | NORMAL
🔴 [MKCE_LID_07] Hostel Ring Road       |   100% | CRITICAL
🔴 [MKCE_LID_08] Playground Perimeter Rd |   100% | CRITICAL
🟢 [MKCE_LID_09] Canteen Road           |     0% | NORMAL
🟢 [MKCE_LID_10] Back Gate Road         |  19.3% | NORMAL

⏱ 11:50:46 ────────────────────────────────────────
🔴 [MKCE_LID_01] Main Gate Road         |  79.9% | CRITICAL
🔴 [MKCE_LID_02] Academic Block Road    |   100% | CRITICAL
🟢 [MKCE_LID_03] Central Avenue         |     0% | NORMAL
🔴 [MKCE_LID_04] Library Road           |  73.3% | CRITICAL
🟡 [MKCE_LID_05] Workshop Road          |  44.2% | WARNING
🟢 [MKCE_LID_06] Hostel Block Road      |     0% | NORMAL
🔴 [MKCE_LID_07] Hostel Ring Road       |   100% | CRITICAL
🔴 [MKCE_LID_08] Playground Perimeter Rd |   100% | CRITICAL
🟢 [MKCE_LID_09] Canteen Road           |     0% | NORMAL
🟢 [MKCE_LID_10] Back Gate Road         |  17.8% | NORMAL

⏱ 11:50:49 ────────────────────────────────────────
🔴 [MKCE_LID_01] Main Gate Road         |  79.1% | CRITICAL
🔴 [MKCE_LID_02] Academic Block Road    |   100% | CRITICAL
🟢 [MKCE_LID_03] Central Avenue         |     0% | NORMAL
🔴 [MKCE_LID_04] Library Road           |  75.7% | CRITICAL
🟡 [MKCE_LID_05] Workshop Road          |  42.8% | WARNING
🟢 [MKCE_LID_06] Hostel Block Road      |     0% | NORMAL
🔴 [MKCE_LID_07] Hostel Ring Road       |   100% | CRITICAL
🟡 [MKCE_LID_08] Playground Perimeter Rd |    70% | WARNING
🟢 [MKCE_LID_09] Canteen Road           |     0% | NORMAL
🟡 [MKCE_LID_10] Back Gate Road         |  45.5% | WARNING

⏱ 11:50:52 ────────────────────────────────────────
🔴 [MKCE_LID_01] Main Gate Road         |  78.9% | CRITICAL
🔴 [MKCE_LID_02] Academic Block Road    |   100% | CRITICAL
🟢 [MKCE_LID_03] Central Avenue         |     0% | NORMAL
🔴 [MKCE_LID_04] Library Road           |  78.2% | CRITICAL
🟡 [MKCE_LID_05] Workshop Road          |  41.2% | WARNING
🟢 [MKCE_LID_06] Hostel Block Road      |     0% | NORMAL
🔴 [MKCE_LID_07] Hostel Ring Road       |   100% | CRITICAL
🔴 [MKCE_LID_08] Playground Perimeter Rd |  71.0% | CRITICAL
🟢 [MKCE_LID_09] Canteen Road           |     0% | NORMAL
🟡 [MKCE_LID_10] Back Gate Road         |  42.3% | WARNING

⏱ 11:50:55 ────────────────────────────────────────
🔴 [MKCE_LID_01] Main Gate Road         |  78.2% | CRITICAL
🔴 [MKCE_LID_02] Academic Block Road    |   100% | CRITICAL
🟢 [MKCE_LID_03] Central Avenue         |     0% | NORMAL
🔴 [MKCE_LID_04] Library Road           |  81.3% | CRITICAL
🟡 [MKCE_LID_05] Workshop Road          |  40.1% | WARNING
🟢 [MKCE_LID_06] Hostel Block Road      |     0% | NORMAL
🔴 [MKCE_LID_07] Hostel Ring Road       |   100% | CRITICAL
🔴 [MKCE_LID_08] Playground Perimeter Rd |  71.7% | CRITICAL
🟢 [MKCE_LID_09] Canteen Road           |     0% | NORMAL
🟢 [MKCE_LID_10] Back Gate Road         |  38.4% | NORMAL

⏱ 11:50:58 ────────────────────────────────────────
🔴 [MKCE_LID_01] Main Gate Road         |  77.0% | CRITICAL
🔴 [MKCE_LID_02] Academic Block Road    |   100% | CRITICAL
🟢 [MKCE_LID_03] Central Avenue         |     0% | NORMAL
🔴 [MKCE_LID_04] Library Road           |  85.1% | CRITICAL
🟢 [MKCE_LID_05] Workshop Road          |  38.9% | NORMAL
🟢 [MKCE_LID_06] Hostel Block Road      |     0% | NORMAL
🔴 [MKCE_LID_07] Hostel Ring Road       |   100% | CRITICAL
🔴 [MKCE_LID_08] Playground Perimeter Rd |  71.4% | CRITICAL
🟢 [MKCE_LID_09] Canteen Road           |     0% | NORMAL
🟢 [MKCE_LID_10] Back Gate Road         |  34.2% | NORMAL

⏱ 11:51:01 ────────────────────────────────────────
🔴 [MKCE_LID_01] Main Gate Road         |  76.4% | CRITICAL
🔴 [MKCE_LID_02] Academic Block Road    |   100% | CRITICAL
🟢 [MKCE_LID_03] Central Avenue         |     0% | NORMAL
🔴 [MKCE_LID_04] Library Road           |  89.7% | CRITICAL
🟢 [MKCE_LID_05] Workshop Road          |  37.7% | NORMAL
🟢 [MKCE_LID_06] Hostel Block Road      |     0% | NORMAL
🔴 [MKCE_LID_07] Hostel Ring Road       |   100% | CRITICAL
🔴 [MKCE_LID_08] Playground Perimeter Rd |  71.8% | CRITICAL
🟢 [MKCE_LID_09] Canteen Road           |     0% | NORMAL
🟢 [MKCE_LID_10] Back Gate Road         |  29.3% | NORMAL

⏱ 11:51:04 ────────────────────────────────────────
🔴 [MKCE_LID_01] Main Gate Road         |  74.9% | CRITICAL
🔴 [MKCE_LID_02] Academic Block Road    |   100% | CRITICAL
🟢 [MKCE_LID_03] Central Avenue         |     0% | NORMAL
🔴 [MKCE_LID_04] Library Road           |  93.9% | CRITICAL
🟢 [MKCE_LID_05] Workshop Road          |  36.9% | NORMAL
🟢 [MKCE_LID_06] Hostel Block Road      |     0% | NORMAL
🔴 [MKCE_LID_07] Hostel Ring Road       |   100% | CRITICAL
🟡 [MKCE_LID_08] Playground Perimeter Rd |  42.8% | WARNING
🟢 [MKCE_LID_09] Canteen Road           |     0% | NORMAL
🟢 [MKCE_LID_10] Back Gate Road         |  24.6% | NORMAL

⏱ 11:51:07 ────────────────────────────────────────
🔴 [MKCE_LID_01] Main Gate Road         |  73.5% | CRITICAL
🔴 [MKCE_LID_02] Academic Block Road    |   100% | CRITICAL
🟢 [MKCE_LID_03] Central Avenue         |     0% | NORMAL
🔴 [MKCE_LID_04] Library Road           |  98.5% | CRITICAL
🟢 [MKCE_LID_05] Workshop Road          |  35.4% | NORMAL
🟢 [MKCE_LID_06] Hostel Block Road      |     0% | NORMAL
🔴 [MKCE_LID_07] Hostel Ring Road       |   100% | CRITICAL
🟡 [MKCE_LID_08] Playground Perimeter Rd |  44.7% | WARNING
🟢 [MKCE_LID_09] Canteen Road           |     0% | NORMAL
🟢 [MKCE_LID_10] Back Gate Road         |  19.6% | NORMAL

⏱ 11:51:10 ────────────────────────────────────────
🔴 [MKCE_LID_01] Main Gate Road         |  71.7% | CRITICAL
🔴 [MKCE_LID_02] Academic Block Road    |   100% | CRITICAL
🟢 [MKCE_LID_03] Central Avenue         |     0% | NORMAL
🔴 [MKCE_LID_04] Library Road           |   100% | CRITICAL
🟢 [MKCE_LID_05] Workshop Road          |  34.6% | NORMAL
🟢 [MKCE_LID_06] Hostel Block Road      |     0% | NORMAL
🔴 [MKCE_LID_07] Hostel Ring Road       |   100% | CRITICAL
🟡 [MKCE_LID_08] Playground Perimeter Rd |  46.0% | WARNING
🟢 [MKCE_LID_09] Canteen Road           |     0% | NORMAL
🟢 [MKCE_LID_10] Back Gate Road         |  14.6% | NORMAL

⏱ 11:51:13 ────────────────────────────────────────
🔴 [MKCE_LID_01] Main Gate Road         |  70.8% | CRITICAL
🔴 [MKCE_LID_02] Academic Block Road    |   100% | CRITICAL
🟢 [MKCE_LID_03] Central Avenue         |     0% | NORMAL
🔴 [MKCE_LID_04] Library Road           |   100% | CRITICAL
🟢 [MKCE_LID_05] Workshop Road          |  34.4% | NORMAL
🟢 [MKCE_LID_06] Hostel Block Road      |     0% | NORMAL
🔴 [MKCE_LID_07] Hostel Ring Road       |   100% | CRITICAL
🟡 [MKCE_LID_08] Playground Perimeter Rd |  48.2% | WARNING
🟢 [MKCE_LID_09] Canteen Road           |     0% | NORMAL
🟢 [MKCE_LID_10] Back Gate Road         |  10.3% | NORMAL

⏱ 11:51:16 ────────────────────────────────────────
🟡 [MKCE_LID_01] Main Gate Road         |  69.7% | WARNING
🔴 [MKCE_LID_02] Academic Block Road    |   100% | CRITICAL
🟢 [MKCE_LID_03] Central Avenue         |     0% | NORMAL
🔴 [MKCE_LID_04] Library Road           |   100% | CRITICAL
🟢 [MKCE_LID_05] Workshop Road          |  33.9% | NORMAL
🟢 [MKCE_LID_06] Hostel Block Road      |     0% | NORMAL
🔴 [MKCE_LID_07] Hostel Ring Road       |   100% | CRITICAL
🟡 [MKCE_LID_08] Playground Perimeter Rd |  50.7% | WARNING
🟢 [MKCE_LID_09] Canteen Road           |     0% | NORMAL
🟢 [MKCE_LID_10] Back Gate Road         |   5.4% | NORMAL

⏱ 11:51:20 ────────────────────────────────────────
🟡 [MKCE_LID_01] Main Gate Road         |  68.4% | WARNING
🔴 [MKCE_LID_02] Academic Block Road    |   100% | CRITICAL
🟢 [MKCE_LID_03] Central Avenue         |     0% | NORMAL
🔴 [MKCE_LID_04] Library Road           |   100% | CRITICAL
🟢 [MKCE_LID_05] Workshop Road          |  32.6% | NORMAL
🟢 [MKCE_LID_06] Hostel Block Road      |     0% | NORMAL
🔴 [MKCE_LID_07] Hostel Ring Road       |   100% | CRITICAL
🟡 [MKCE_LID_08] Playground Perimeter Rd |  53.3% | WARNING
🟢 [MKCE_LID_09] Canteen Road           |     0% | NORMAL
🟢 [MKCE_LID_10] Back Gate Road         |   0.6% | NORMAL

⏱ 11:51:23 ────────────────────────────────────────
🟡 [MKCE_LID_01] Main Gate Road         |  66.3% | WARNING
🟡 [MKCE_LID_02] Academic Block Road    |    70% | WARNING
🟢 [MKCE_LID_03] Central Avenue         |     0% | NORMAL
🔴 [MKCE_LID_04] Library Road           |   100% | CRITICAL
🟡 [MKCE_LID_05] Workshop Road          |  61.5% | WARNING
🟢 [MKCE_LID_06] Hostel Block Road      |     0% | NORMAL
🔴 [MKCE_LID_07] Hostel Ring Road       |   100% | CRITICAL
🟢 [MKCE_LID_08] Playground Perimeter Rd |  25.7% | NORMAL
🟢 [MKCE_LID_09] Canteen Road           |     0% | NORMAL
🟢 [MKCE_LID_10] Back Gate Road         |     0% | NORMAL

⏱ 11:51:26 ────────────────────────────────────────
🟡 [MKCE_LID_01] Main Gate Road         |  63.6% | WARNING
🔴 [MKCE_LID_02] Academic Block Road    |  73.7% | CRITICAL
🟢 [MKCE_LID_03] Central Avenue         |     0% | NORMAL
🟡 [MKCE_LID_04] Library Road           |    70% | WARNING
🟡 [MKCE_LID_05] Workshop Road          |  60.3% | WARNING
🟢 [MKCE_LID_06] Hostel Block Road      |     0% | NORMAL
🔴 [MKCE_LID_07] Hostel Ring Road       |   100% | CRITICAL
🟢 [MKCE_LID_08] Playground Perimeter Rd |  27.0% | NORMAL
🟢 [MKCE_LID_09] Canteen Road           |     0% | NORMAL
🟢 [MKCE_LID_10] Back Gate Road         |     0% | NORMAL

⏱ 11:51:29 ────────────────────────────────────────
🟡 [MKCE_LID_01] Main Gate Road         |  60.8% | WARNING
🔴 [MKCE_LID_02] Academic Block Road    |  78.1% | CRITICAL
🟢 [MKCE_LID_03] Central Avenue         |     0% | NORMAL
🔴 [MKCE_LID_04] Library Road           |    75% | CRITICAL
🟡 [MKCE_LID_05] Workshop Road          |  59.3% | WARNING
🟢 [MKCE_LID_06] Hostel Block Road      |     0% | NORMAL
🔴 [MKCE_LID_07] Hostel Ring Road       |   100% | CRITICAL
🟢 [MKCE_LID_08] Playground Perimeter Rd |  29.2% | NORMAL
🟢 [MKCE_LID_09] Canteen Road           |     0% | NORMAL
🟢 [MKCE_LID_10] Back Gate Road         |     0% | NORMAL

⏱ 11:51:32 ────────────────────────────────────────
🟡 [MKCE_LID_01] Main Gate Road         |  58.3% | WARNING
🔴 [MKCE_LID_02] Academic Block Road    |  82.2% | CRITICAL
🟢 [MKCE_LID_03] Central Avenue         |     0% | NORMAL
🔴 [MKCE_LID_04] Library Road           |  79.7% | CRITICAL
🟡 [MKCE_LID_05] Workshop Road          |  57.6% | WARNING
🟢 [MKCE_LID_06] Hostel Block Road      |     0% | NORMAL
🔴 [MKCE_LID_07] Hostel Ring Road       |   100% | CRITICAL
🟢 [MKCE_LID_08] Playground Perimeter Rd |  31.9% | NORMAL
🟢 [MKCE_LID_09] Canteen Road           |     0% | NORMAL
🟢 [MKCE_LID_10] Back Gate Road         |     0% | NORMAL

⏱ 11:51:35 ────────────────────────────────────────
🟡 [MKCE_LID_01] Main Gate Road         |  55.0% | WARNING
🟡 [MKCE_LID_02] Academic Block Road    |  56.0% | WARNING
🟢 [MKCE_LID_03] Central Avenue         |     0% | NORMAL
🔴 [MKCE_LID_04] Library Road           |  84.7% | CRITICAL
🟡 [MKCE_LID_05] Workshop Road          |  56.4% | WARNING
🟢 [MKCE_LID_06] Hostel Block Road      |     0% | NORMAL
🔴 [MKCE_LID_07] Hostel Ring Road       |   100% | CRITICAL
🟢 [MKCE_LID_08] Playground Perimeter Rd |  35.2% | NORMAL
🟢 [MKCE_LID_09] Canteen Road           |     0% | NORMAL
🟢 [MKCE_LID_10] Back Gate Road         |     0% | NORMAL

⏱ 11:51:38 ────────────────────────────────────────
🟡 [MKCE_LID_01] Main Gate Road         |  51.9% | WARNING
🟡 [MKCE_LID_02] Academic Block Road    |  60.4% | WARNING
🟢 [MKCE_LID_03] Central Avenue         |     0% | NORMAL
🔴 [MKCE_LID_04] Library Road           |  89.7% | CRITICAL
🟡 [MKCE_LID_05] Workshop Road          |  55.5% | WARNING
🟢 [MKCE_LID_06] Hostel Block Road      |     0% | NORMAL
🔴 [MKCE_LID_07] Hostel Ring Road       |   100% | CRITICAL
🟢 [MKCE_LID_08] Playground Perimeter Rd |  39.0% | NORMAL
🟢 [MKCE_LID_09] Canteen Road           |     0% | NORMAL
🟢 [MKCE_LID_10] Back Gate Road         |     0% | NORMAL

⏱ 11:51:41 ────────────────────────────────────────
🟡 [MKCE_LID_01] Main Gate Road         |  48.5% | WARNING
🟡 [MKCE_LID_02] Academic Block Road    |  65.2% | WARNING
🟢 [MKCE_LID_03] Central Avenue         |     0% | NORMAL
🔴 [MKCE_LID_04] Library Road           |  94.2% | CRITICAL
🟡 [MKCE_LID_05] Workshop Road          |  54.0% | WARNING
🟢 [MKCE_LID_06] Hostel Block Road      |     0% | NORMAL
🔴 [MKCE_LID_07] Hostel Ring Road       |   100% | CRITICAL
🟡 [MKCE_LID_08] Playground Perimeter Rd |  42.2% | WARNING
🟢 [MKCE_LID_09] Canteen Road           |     0% | NORMAL
🟢 [MKCE_LID_10] Back Gate Road         |     0% | NORMAL

⏱ 11:51:44 ────────────────────────────────────────
🟡 [MKCE_LID_01] Main Gate Road         |  45.3% | WARNING
🔴 [MKCE_LID_02] Academic Block Road    |   100% | CRITICAL
🟢 [MKCE_LID_03] Central Avenue         |     0% | NORMAL
🔴 [MKCE_LID_04] Library Road           |  99.2% | CRITICAL
🟡 [MKCE_LID_05] Workshop Road          |  51.5% | WARNING
🟢 [MKCE_LID_06] Hostel Block Road      |     0% | NORMAL
🔴 [MKCE_LID_07] Hostel Ring Road       |   100% | CRITICAL
🟡 [MKCE_LID_08] Playground Perimeter Rd |  45.2% | WARNING
🟢 [MKCE_LID_09] Canteen Road           |     0% | NORMAL
🟢 [MKCE_LID_10] Back Gate Road         |     0% | NORMAL

⏱ 11:51:47 ────────────────────────────────────────
🟡 [MKCE_LID_01] Main Gate Road         |  42.3% | WARNING
🔴 [MKCE_LID_02] Academic Block Road    |   100% | CRITICAL
🟢 [MKCE_LID_03] Central Avenue         |     0% | NORMAL
🔴 [MKCE_LID_04] Library Road           |   100% | CRITICAL
🟡 [MKCE_LID_05] Workshop Road          |  49.1% | WARNING
🟢 [MKCE_LID_06] Hostel Block Road      |     0% | NORMAL
🟡 [MKCE_LID_07] Hostel Ring Road       |    70% | WARNING
🟡 [MKCE_LID_08] Playground Perimeter Rd |  48.2% | WARNING
🟢 [MKCE_LID_09] Canteen Road           |     0% | NORMAL
🟢 [MKCE_LID_10] Back Gate Road         |     0% | NORMAL

⏱ 11:51:50 ────────────────────────────────────────
🟡 [MKCE_LID_01] Main Gate Road         |  40.1% | WARNING
🔴 [MKCE_LID_02] Academic Block Road    |   100% | CRITICAL
🟢 [MKCE_LID_03] Central Avenue         |     0% | NORMAL
🔴 [MKCE_LID_04] Library Road           |   100% | CRITICAL
🟡 [MKCE_LID_05] Workshop Road          |  46.0% | WARNING
🟢 [MKCE_LID_06] Hostel Block Road      |     0% | NORMAL
🔴 [MKCE_LID_07] Hostel Ring Road       |  74.3% | CRITICAL
🟡 [MKCE_LID_08] Playground Perimeter Rd |  51.2% | WARNING
🟢 [MKCE_LID_09] Canteen Road           |     0% | NORMAL
🟢 [MKCE_LID_10] Back Gate Road         |     0% | NORMAL

⏱ 11:51:53 ────────────────────────────────────────
🟢 [MKCE_LID_01] Main Gate Road         |  37.6% | NORMAL
🔴 [MKCE_LID_02] Academic Block Road    |   100% | CRITICAL
🟢 [MKCE_LID_03] Central Avenue         |     0% | NORMAL
🔴 [MKCE_LID_04] Library Road           |   100% | CRITICAL
🟡 [MKCE_LID_05] Workshop Road          |  43.6% | WARNING
🟢 [MKCE_LID_06] Hostel Block Road      |     0% | NORMAL
🔴 [MKCE_LID_07] Hostel Ring Road       |  78.6% | CRITICAL
🟡 [MKCE_LID_08] Playground Perimeter Rd |  54.9% | WARNING
🟢 [MKCE_LID_09] Canteen Road           |     0% | NORMAL
🟢 [MKCE_LID_10] Back Gate Road         |     0% | NORMAL

⏱ 11:51:56 ────────────────────────────────────────
🟢 [MKCE_LID_01] Main Gate Road         |  35.0% | NORMAL
🔴 [MKCE_LID_02] Academic Block Road    |   100% | CRITICAL
🟢 [MKCE_LID_03] Central Avenue         |    30% | NORMAL
🔴 [MKCE_LID_04] Library Road           |   100% | CRITICAL
🟡 [MKCE_LID_05] Workshop Road          |  41.9% | WARNING
🟢 [MKCE_LID_06] Hostel Block Road      |     0% | NORMAL
🔴 [MKCE_LID_07] Hostel Ring Road       |  82.7% | CRITICAL
🟡 [MKCE_LID_08] Playground Perimeter Rd |  59.4% | WARNING
🟢 [MKCE_LID_09] Canteen Road           |     0% | NORMAL
🟢 [MKCE_LID_10] Back Gate Road         |     0% | NORMAL

⏱ 11:51:59 ────────────────────────────────────────
🟢 [MKCE_LID_01] Main Gate Road         |  33.1% | NORMAL
🔴 [MKCE_LID_02] Academic Block Road    |   100% | CRITICAL
🟢 [MKCE_LID_03] Central Avenue         |  26.2% | NORMAL
🔴 [MKCE_LID_04] Library Road           |   100% | CRITICAL
🟢 [MKCE_LID_05] Workshop Road          |  39.9% | NORMAL
🟢 [MKCE_LID_06] Hostel Block Road      |     0% | NORMAL
🔴 [MKCE_LID_07] Hostel Ring Road       |  87.0% | CRITICAL
🟡 [MKCE_LID_08] Playground Perimeter Rd |  63.8% | WARNING
🟢 [MKCE_LID_09] Canteen Road           |     0% | NORMAL
🟢 [MKCE_LID_10] Back Gate Road         |     0% | NORMAL

⏱ 11:52:02 ────────────────────────────────────────
🟢 [MKCE_LID_01] Main Gate Road         |  31.4% | NORMAL
🔴 [MKCE_LID_02] Academic Block Road    |   100% | CRITICAL
🟢 [MKCE_LID_03] Central Avenue         |  23.0% | NORMAL
🔴 [MKCE_LID_04] Library Road           |   100% | CRITICAL
🟢 [MKCE_LID_05] Workshop Road          |  37.6% | NORMAL
🟢 [MKCE_LID_06] Hostel Block Road      |     0% | NORMAL
🔴 [MKCE_LID_07] Hostel Ring Road       |  91.8% | CRITICAL
🟢 [MKCE_LID_08] Playground Perimeter Rd |  37.7% | NORMAL
🟢 [MKCE_LID_09] Canteen Road           |     0% | NORMAL
🟢 [MKCE_LID_10] Back Gate Road         |     0% | NORMAL

⏱ 11:52:05 ────────────────────────────────────────
🟢 [MKCE_LID_01] Main Gate Road         |  29.1% | NORMAL
🔴 [MKCE_LID_02] Academic Block Road    |   100% | CRITICAL
🟢 [MKCE_LID_03] Central Avenue         |  19.6% | NORMAL
🔴 [MKCE_LID_04] Library Road           |   100% | CRITICAL
🟢 [MKCE_LID_05] Workshop Road          |  35.2% | NORMAL
🟢 [MKCE_LID_06] Hostel Block Road      |     0% | NORMAL
🔴 [MKCE_LID_07] Hostel Ring Road       |  96.8% | CRITICAL
🟡 [MKCE_LID_08] Playground Perimeter Rd |  41.9% | WARNING
🟢 [MKCE_LID_09] Canteen Road           |     0% | NORMAL
🟢 [MKCE_LID_10] Back Gate Road         |     0% | NORMAL

⏱ 11:52:08 ────────────────────────────────────────
🟢 [MKCE_LID_01] Main Gate Road         |  26.2% | NORMAL
🔴 [MKCE_LID_02] Academic Block Road    |   100% | CRITICAL
🟢 [MKCE_LID_03] Central Avenue         |  15.9% | NORMAL
🔴 [MKCE_LID_04] Library Road           |   100% | CRITICAL
🟢 [MKCE_LID_05] Workshop Road          |  33.4% | NORMAL
🟢 [MKCE_LID_06] Hostel Block Road      |     0% | NORMAL
🔴 [MKCE_LID_07] Hostel Ring Road       |   100% | CRITICAL
🟡 [MKCE_LID_08] Playground Perimeter Rd |  45.4% | WARNING
🟢 [MKCE_LID_09] Canteen Road           |     0% | NORMAL
🟢 [MKCE_LID_10] Back Gate Road         |     0% | NORMAL

⏱ 11:52:11 ────────────────────────────────────────
🟢 [MKCE_LID_01] Main Gate Road         |  24.2% | NORMAL
🔴 [MKCE_LID_02] Academic Block Road    |   100% | CRITICAL
🟢 [MKCE_LID_03] Central Avenue         |     0% | NORMAL
🔴 [MKCE_LID_04] Library Road           |   100% | CRITICAL
🟢 [MKCE_LID_05] Workshop Road          |  31.2% | NORMAL
🟢 [MKCE_LID_06] Hostel Block Road      |     0% | NORMAL
🔴 [MKCE_LID_07] Hostel Ring Road       |   100% | CRITICAL
🟡 [MKCE_LID_08] Playground Perimeter Rd |  49.4% | WARNING
🟢 [MKCE_LID_09] Canteen Road           |     0% | NORMAL
🟢 [MKCE_LID_10] Back Gate Road         |    30% | NORMAL

⏱ 11:52:14 ────────────────────────────────────────
🟢 [MKCE_LID_01] Main Gate Road         |  21.3% | NORMAL
🔴 [MKCE_LID_02] Academic Block Road    |   100% | CRITICAL
🟢 [MKCE_LID_03] Central Avenue         |     0% | NORMAL
🔴 [MKCE_LID_04] Library Road           |   100% | CRITICAL
🟢 [MKCE_LID_05] Workshop Road          |  29.9% | NORMAL
🟢 [MKCE_LID_06] Hostel Block Road      |     0% | NORMAL
🔴 [MKCE_LID_07] Hostel Ring Road       |   100% | CRITICAL
🟡 [MKCE_LID_08] Playground Perimeter Rd |  53.3% | WARNING
🟢 [MKCE_LID_09] Canteen Road           |     0% | NORMAL
🟢 [MKCE_LID_10] Back Gate Road         |  28.9% | NORMAL

⏱ 11:52:17 ────────────────────────────────────────
🟢 [MKCE_LID_01] Main Gate Road         |  18.0% | NORMAL
🔴 [MKCE_LID_02] Academic Block Road    |   100% | CRITICAL
🟢 [MKCE_LID_03] Central Avenue         |     0% | NORMAL
🔴 [MKCE_LID_04] Library Road           |   100% | CRITICAL
🟢 [MKCE_LID_05] Workshop Road          |  28.9% | NORMAL
🟢 [MKCE_LID_06] Hostel Block Road      |     0% | NORMAL
🔴 [MKCE_LID_07] Hostel Ring Road       |   100% | CRITICAL
🟡 [MKCE_LID_08] Playground Perimeter Rd |  57.0% | WARNING
🟢 [MKCE_LID_09] Canteen Road           |     0% | NORMAL
🟢 [MKCE_LID_10] Back Gate Road         |  28.4% | NORMAL

⏱ 11:52:20 ────────────────────────────────────────
🟢 [MKCE_LID_01] Main Gate Road         |  13.8% | NORMAL
🔴 [MKCE_LID_02] Academic Block Road    |   100% | CRITICAL
🟢 [MKCE_LID_03] Central Avenue         |     0% | NORMAL
🟡 [MKCE_LID_04] Library Road           |    70% | WARNING
🟢 [MKCE_LID_05] Workshop Road          |  28.2% | NORMAL
🟢 [MKCE_LID_06] Hostel Block Road      |     0% | NORMAL
🔴 [MKCE_LID_07] Hostel Ring Road       |   100% | CRITICAL
🟡 [MKCE_LID_08] Playground Perimeter Rd |  60.4% | WARNING
🟢 [MKCE_LID_09] Canteen Road           |     0% | NORMAL
🟢 [MKCE_LID_10] Back Gate Road         |  27.6% | NORMAL

⏱ 11:52:23 ────────────────────────────────────────
🟢 [MKCE_LID_01] Main Gate Road         |  10.2% | NORMAL
🔴 [MKCE_LID_02] Academic Block Road    |   100% | CRITICAL
🟢 [MKCE_LID_03] Central Avenue         |     0% | NORMAL
🔴 [MKCE_LID_04] Library Road           |    75% | CRITICAL
🟢 [MKCE_LID_05] Workshop Road          |  27.1% | NORMAL
🟢 [MKCE_LID_06] Hostel Block Road      |     0% | NORMAL
🔴 [MKCE_LID_07] Hostel Ring Road       |   100% | CRITICAL
🟡 [MKCE_LID_08] Playground Perimeter Rd |  64.3% | WARNING
🟢 [MKCE_LID_09] Canteen Road           |     0% | NORMAL
🟢 [MKCE_LID_10] Back Gate Road         |  26.7% | NORMAL

⏱ 11:52:26 ────────────────────────────────────────
🟢 [MKCE_LID_01] Main Gate Road         |   6.5% | NORMAL
🔴 [MKCE_LID_02] Academic Block Road    |   100% | CRITICAL
🟢 [MKCE_LID_03] Central Avenue         |     0% | NORMAL
🔴 [MKCE_LID_04] Library Road           |  79.0% | CRITICAL
🟢 [MKCE_LID_05] Workshop Road          |  27.0% | NORMAL
🟢 [MKCE_LID_06] Hostel Block Road      |     0% | NORMAL
🔴 [MKCE_LID_07] Hostel Ring Road       |   100% | CRITICAL
🟡 [MKCE_LID_08] Playground Perimeter Rd |  69.1% | WARNING
🟢 [MKCE_LID_09] Canteen Road           |     0% | NORMAL
🟢 [MKCE_LID_10] Back Gate Road         |  25.1% | NORMAL

⏱ 11:52:30 ────────────────────────────────────────
🟢 [MKCE_LID_01] Main Gate Road         |   3.1% | NORMAL
🔴 [MKCE_LID_02] Academic Block Road    |   100% | CRITICAL
🟢 [MKCE_LID_03] Central Avenue         |     0% | NORMAL
🔴 [MKCE_LID_04] Library Road           |  83.5% | CRITICAL
🟢 [MKCE_LID_05] Workshop Road          |  27.1% | NORMAL
🟢 [MKCE_LID_06] Hostel Block Road      |     0% | NORMAL
🔴 [MKCE_LID_07] Hostel Ring Road       |   100% | CRITICAL
🔴 [MKCE_LID_08] Playground Perimeter Rd |  73.5% | CRITICAL
🟢 [MKCE_LID_09] Canteen Road           |     0% | NORMAL
🟢 [MKCE_LID_10] Back Gate Road         |  22.6% | NORMAL

⏱ 11:52:33 ────────────────────────────────────────
🟢 [MKCE_LID_01] Main Gate Road         |     0% | NORMAL
🔴 [MKCE_LID_02] Academic Block Road    |   100% | CRITICAL
🟢 [MKCE_LID_03] Central Avenue         |     0% | NORMAL
🔴 [MKCE_LID_04] Library Road           |  88.5% | CRITICAL
🟡 [MKCE_LID_05] Workshop Road          |  56.8% | WARNING
🟢 [MKCE_LID_06] Hostel Block Road      |     0% | NORMAL
🔴 [MKCE_LID_07] Hostel Ring Road       |   100% | CRITICAL
🔴 [MKCE_LID_08] Playground Perimeter Rd |  78.5% | CRITICAL
🟢 [MKCE_LID_09] Canteen Road           |     0% | NORMAL
🟢 [MKCE_LID_10] Back Gate Road         |  20.0% | NORMAL

⏱ 11:52:36 ────────────────────────────────────────
🟢 [MKCE_LID_01] Main Gate Road         |    30% | NORMAL
🔴 [MKCE_LID_02] Academic Block Road    |   100% | CRITICAL
🟢 [MKCE_LID_03] Central Avenue         |     0% | NORMAL
🔴 [MKCE_LID_04] Library Road           |  93.4% | CRITICAL
🟡 [MKCE_LID_05] Workshop Road          |  57.2% | WARNING
🟢 [MKCE_LID_06] Hostel Block Road      |     0% | NORMAL
🔴 [MKCE_LID_07] Hostel Ring Road       |   100% | CRITICAL
🔴 [MKCE_LID_08] Playground Perimeter Rd |   100% | CRITICAL
🟢 [MKCE_LID_09] Canteen Road           |    30% | NORMAL
🟢 [MKCE_LID_10] Back Gate Road         |  18.3% | NORMAL

⏱ 11:52:39 ────────────────────────────────────────
🟢 [MKCE_LID_01] Main Gate Road         |  26.3% | NORMAL
🔴 [MKCE_LID_02] Academic Block Road    |   100% | CRITICAL
🟢 [MKCE_LID_03] Central Avenue         |    30% | NORMAL
🔴 [MKCE_LID_04] Library Road           |  98.4% | CRITICAL
🟡 [MKCE_LID_05] Workshop Road          |  57.4% | WARNING
🟢 [MKCE_LID_06] Hostel Block Road      |     0% | NORMAL
🔴 [MKCE_LID_07] Hostel Ring Road       |   100% | CRITICAL
🔴 [MKCE_LID_08] Playground Perimeter Rd |   100% | CRITICAL
🟢 [MKCE_LID_09] Canteen Road           |  26.2% | NORMAL
🟢 [MKCE_LID_10] Back Gate Road         |  16.7% | NORMAL

⏱ 11:52:42 ────────────────────────────────────────
🟢 [MKCE_LID_01] Main Gate Road         |  23.3% | NORMAL
🔴 [MKCE_LID_02] Academic Block Road    |   100% | CRITICAL
🟢 [MKCE_LID_03] Central Avenue         |  27.1% | NORMAL
🔴 [MKCE_LID_04] Library Road           |   100% | CRITICAL
🟡 [MKCE_LID_05] Workshop Road          |  57.1% | WARNING
🟢 [MKCE_LID_06] Hostel Block Road      |     0% | NORMAL
🔴 [MKCE_LID_07] Hostel Ring Road       |   100% | CRITICAL
🔴 [MKCE_LID_08] Playground Perimeter Rd |   100% | CRITICAL
🟢 [MKCE_LID_09] Canteen Road           |  22.3% | NORMAL
🟢 [MKCE_LID_10] Back Gate Road         |  15.8% | NORMAL

⏱ 11:52:45 ────────────────────────────────────────
🟢 [MKCE_LID_01] Main Gate Road         |  20.3% | NORMAL
🔴 [MKCE_LID_02] Academic Block Road    |   100% | CRITICAL
🟢 [MKCE_LID_03] Central Avenue         |  23.9% | NORMAL
🔴 [MKCE_LID_04] Library Road           |   100% | CRITICAL
🟡 [MKCE_LID_05] Workshop Road          |  57.1% | WARNING
🟢 [MKCE_LID_06] Hostel Block Road      |     0% | NORMAL
🔴 [MKCE_LID_07] Hostel Ring Road       |   100% | CRITICAL
🔴 [MKCE_LID_08] Playground Perimeter Rd |   100% | CRITICAL
🟢 [MKCE_LID_09] Canteen Road           |  17.8% | NORMAL
🟢 [MKCE_LID_10] Back Gate Road         |  14.3% | NORMAL

⏱ 11:52:48 ────────────────────────────────────────
🟢 [MKCE_LID_01] Main Gate Road         |  17.2% | NORMAL
🔴 [MKCE_LID_02] Academic Block Road    |   100% | CRITICAL
🟢 [MKCE_LID_03] Central Avenue         |  21.2% | NORMAL
🔴 [MKCE_LID_04] Library Road           |   100% | CRITICAL
🟡 [MKCE_LID_05] Workshop Road          |  56.9% | WARNING
🟢 [MKCE_LID_06] Hostel Block Road      |     0% | NORMAL
🔴 [MKCE_LID_07] Hostel Ring Road       |   100% | CRITICAL
🔴 [MKCE_LID_08] Playground Perimeter Rd |   100% | CRITICAL
🟢 [MKCE_LID_09] Canteen Road           |  13.9% | NORMAL
🟢 [MKCE_LID_10] Back Gate Road         |  12.7% | NORMAL

⏱ 11:52:51 ────────────────────────────────────────
🟢 [MKCE_LID_01] Main Gate Road         |  14.4% | NORMAL
🔴 [MKCE_LID_02] Academic Block Road    |   100% | CRITICAL
🟢 [MKCE_LID_03] Central Avenue         |  18.3% | NORMAL
🔴 [MKCE_LID_04] Library Road           |   100% | CRITICAL
🟡 [MKCE_LID_05] Workshop Road          |  56.4% | WARNING
🟢 [MKCE_LID_06] Hostel Block Road      |     0% | NORMAL
🔴 [MKCE_LID_07] Hostel Ring Road       |   100% | CRITICAL
🔴 [MKCE_LID_08] Playground Perimeter Rd |   100% | CRITICAL
🟡 [MKCE_LID_09] Canteen Road           |  40.0% | WARNING
🟢 [MKCE_LID_10] Back Gate Road         |  10.5% | NORMAL

⏱ 11:52:54 ────────────────────────────────────────
🟢 [MKCE_LID_01] Main Gate Road         |  12.1% | NORMAL
🔴 [MKCE_LID_02] Academic Block Road    |   100% | CRITICAL
🟢 [MKCE_LID_03] Central Avenue         |  15.6% | NORMAL
🔴 [MKCE_LID_04] Library Road           |   100% | CRITICAL
🟡 [MKCE_LID_05] Workshop Road          |  55.8% | WARNING
🟢 [MKCE_LID_06] Hostel Block Road      |     0% | NORMAL
🔴 [MKCE_LID_07] Hostel Ring Road       |   100% | CRITICAL
🔴 [MKCE_LID_08] Playground Perimeter Rd |   100% | CRITICAL
🟢 [MKCE_LID_09] Canteen Road           |  36.0% | NORMAL
🟢 [MKCE_LID_10] Back Gate Road         |   8.7% | NORMAL

⏱ 11:52:57 ────────────────────────────────────────
🟢 [MKCE_LID_01] Main Gate Road         |  10.7% | NORMAL
🔴 [MKCE_LID_02] Academic Block Road    |   100% | CRITICAL
🟢 [MKCE_LID_03] Central Avenue         |  13.1% | NORMAL
🔴 [MKCE_LID_04] Library Road           |   100% | CRITICAL
🟡 [MKCE_LID_05] Workshop Road          |  55.8% | WARNING
🟢 [MKCE_LID_06] Hostel Block Road      |     0% | NORMAL
🔴 [MKCE_LID_07] Hostel Ring Road       |   100% | CRITICAL
🔴 [MKCE_LID_08] Playground Perimeter Rd |   100% | CRITICAL
🟢 [MKCE_LID_09] Canteen Road           |  31.5% | NORMAL
🟢 [MKCE_LID_10] Back Gate Road         |   7.9% | NORMAL

⏱ 11:53:00 ────────────────────────────────────────
🟢 [MKCE_LID_01] Main Gate Road         |     0% | NORMAL
🟡 [MKCE_LID_02] Academic Block Road    |    70% | WARNING
🟢 [MKCE_LID_03] Central Avenue         |  10.6% | NORMAL
🔴 [MKCE_LID_04] Library Road           |   100% | CRITICAL
🟡 [MKCE_LID_05] Workshop Road          |  55.5% | WARNING
🟢 [MKCE_LID_06] Hostel Block Road      |     0% | NORMAL
🔴 [MKCE_LID_07] Hostel Ring Road       |   100% | CRITICAL
🔴 [MKCE_LID_08] Playground Perimeter Rd |   100% | CRITICAL
🟢 [MKCE_LID_09] Canteen Road           |  27.2% | NORMAL
🟢 [MKCE_LID_10] Back Gate Road         |   6.5% | NORMAL

⏱ 11:53:03 ────────────────────────────────────────
🟢 [MKCE_LID_01] Main Gate Road         |     0% | NORMAL
🔴 [MKCE_LID_02] Academic Block Road    |  71.3% | CRITICAL
🟢 [MKCE_LID_03] Central Avenue         |   8.0% | NORMAL
🔴 [MKCE_LID_04] Library Road           |   100% | CRITICAL
🟢 [MKCE_LID_05] Workshop Road          |  24.4% | NORMAL
🟢 [MKCE_LID_06] Hostel Block Road      |     0% | NORMAL
🔴 [MKCE_LID_07] Hostel Ring Road       |   100% | CRITICAL
🔴 [MKCE_LID_08] Playground Perimeter Rd |   100% | CRITICAL
🟡 [MKCE_LID_09] Canteen Road           |  52.7% | WARNING
🟢 [MKCE_LID_10] Back Gate Road         |   5.1% | NORMAL

⏱ 11:53:06 ────────────────────────────────────────
🟢 [MKCE_LID_01] Main Gate Road         |     0% | NORMAL
🔴 [MKCE_LID_02] Academic Block Road    |  71.8% | CRITICAL
🟢 [MKCE_LID_03] Central Avenue         |   6.1% | NORMAL
🔴 [MKCE_LID_04] Library Road           |   100% | CRITICAL
🟢 [MKCE_LID_05] Workshop Road          |  23.0% | NORMAL
🟢 [MKCE_LID_06] Hostel Block Road      |     0% | NORMAL
🔴 [MKCE_LID_07] Hostel Ring Road       |   100% | CRITICAL
🔴 [MKCE_LID_08] Playground Perimeter Rd |   100% | CRITICAL
🟡 [MKCE_LID_09] Canteen Road           |  47.9% | WARNING
🟢 [MKCE_LID_10] Back Gate Road         |   3.8% | NORMAL

⏱ 11:53:09 ────────────────────────────────────────
🟢 [MKCE_LID_01] Main Gate Road         |     0% | NORMAL
🔴 [MKCE_LID_02] Academic Block Road    |  71.5% | CRITICAL
🟢 [MKCE_LID_03] Central Avenue         |   3.5% | NORMAL
🔴 [MKCE_LID_04] Library Road           |   100% | CRITICAL
🟢 [MKCE_LID_05] Workshop Road          |  22.0% | NORMAL
🟢 [MKCE_LID_06] Hostel Block Road      |     0% | NORMAL
🔴 [MKCE_LID_07] Hostel Ring Road       |   100% | CRITICAL
🔴 [MKCE_LID_08] Playground Perimeter Rd |   100% | CRITICAL
🟡 [MKCE_LID_09] Canteen Road           |  43.0% | WARNING
🟢 [MKCE_LID_10] Back Gate Road         |   3.1% | NORMAL

⏱ 11:53:12 ────────────────────────────────────────
🟢 [MKCE_LID_01] Main Gate Road         |     0% | NORMAL
🔴 [MKCE_LID_02] Academic Block Road    |  72.0% | CRITICAL
🟢 [MKCE_LID_03] Central Avenue         |   0.4% | NORMAL
🔴 [MKCE_LID_04] Library Road           |   100% | CRITICAL
🟢 [MKCE_LID_05] Workshop Road          |  21.1% | NORMAL
🟢 [MKCE_LID_06] Hostel Block Road      |     0% | NORMAL
🔴 [MKCE_LID_07] Hostel Ring Road       |   100% | CRITICAL
🔴 [MKCE_LID_08] Playground Perimeter Rd |   100% | CRITICAL
🟢 [MKCE_LID_09] Canteen Road           |  38.2% | NORMAL
🟢 [MKCE_LID_10] Back Gate Road         |   2.2% | NORMAL

⏱ 11:53:15 ────────────────────────────────────────
🟢 [MKCE_LID_01] Main Gate Road         |     0% | NORMAL
🔴 [MKCE_LID_02] Academic Block Road    |  72.1% | CRITICAL
🟢 [MKCE_LID_03] Central Avenue         |     0% | NORMAL
🔴 [MKCE_LID_04] Library Road           |   100% | CRITICAL
🟡 [MKCE_LID_05] Workshop Road          |  51.2% | WARNING
🟢 [MKCE_LID_06] Hostel Block Road      |     0% | NORMAL
🔴 [MKCE_LID_07] Hostel Ring Road       |   100% | CRITICAL
🔴 [MKCE_LID_08] Playground Perimeter Rd |   100% | CRITICAL
🟢 [MKCE_LID_09] Canteen Road           |  34.0% | NORMAL
🟢 [MKCE_LID_10] Back Gate Road         |   1.4% | NORMAL

⏱ 11:53:18 ────────────────────────────────────────
🟢 [MKCE_LID_01] Main Gate Road         |     0% | NORMAL
🔴 [MKCE_LID_02] Academic Block Road    |  71.3% | CRITICAL
🟢 [MKCE_LID_03] Central Avenue         |     0% | NORMAL
🔴 [MKCE_LID_04] Library Road           |   100% | CRITICAL
🟡 [MKCE_LID_05] Workshop Road          |  52.2% | WARNING
🟢 [MKCE_LID_06] Hostel Block Road      |     0% | NORMAL
🔴 [MKCE_LID_07] Hostel Ring Road       |   100% | CRITICAL
🔴 [MKCE_LID_08] Playground Perimeter Rd |   100% | CRITICAL
🟢 [MKCE_LID_09] Canteen Road           |  29.6% | NORMAL
🟢 [MKCE_LID_10] Back Gate Road         |   1.3% | NORMAL

⏱ 11:53:21 ────────────────────────────────────────
🟢 [MKCE_LID_01] Main Gate Road         |     0% | NORMAL
🟡 [MKCE_LID_02] Academic Block Road    |  70.0% | WARNING
🟢 [MKCE_LID_03] Central Avenue         |     0% | NORMAL
🔴 [MKCE_LID_04] Library Road           |   100% | CRITICAL
🟡 [MKCE_LID_05] Workshop Road          |  53.1% | WARNING
🟢 [MKCE_LID_06] Hostel Block Road      |     0% | NORMAL
🔴 [MKCE_LID_07] Hostel Ring Road       |   100% | CRITICAL
🔴 [MKCE_LID_08] Playground Perimeter Rd |   100% | CRITICAL
🟢 [MKCE_LID_09] Canteen Road           |  25.5% | NORMAL
🟢 [MKCE_LID_10] Back Gate Road         |   1.5% | NORMAL

⏱ 11:53:24 ────────────────────────────────────────
🟢 [MKCE_LID_01] Main Gate Road         |     0% | NORMAL
🟡 [MKCE_LID_02] Academic Block Road    |  68.8% | WARNING
🟢 [MKCE_LID_03] Central Avenue         |     0% | NORMAL
🔴 [MKCE_LID_04] Library Road           |   100% | CRITICAL
🟡 [MKCE_LID_05] Workshop Road          |  54.6% | WARNING
🟢 [MKCE_LID_06] Hostel Block Road      |     0% | NORMAL
🔴 [MKCE_LID_07] Hostel Ring Road       |   100% | CRITICAL
🔴 [MKCE_LID_08] Playground Perimeter Rd |   100% | CRITICAL
🟢 [MKCE_LID_09] Canteen Road           |  21.7% | NORMAL
🟢 [MKCE_LID_10] Back Gate Road         |   1.8% | NORMAL

⏱ 11:53:27 ────────────────────────────────────────
🟢 [MKCE_LID_01] Main Gate Road         |     0% | NORMAL
🟡 [MKCE_LID_02] Academic Block Road    |  68.5% | WARNING
🟢 [MKCE_LID_03] Central Avenue         |     0% | NORMAL
🔴 [MKCE_LID_04] Library Road           |   100% | CRITICAL
🟡 [MKCE_LID_05] Workshop Road          |  56.6% | WARNING
🟢 [MKCE_LID_06] Hostel Block Road      |     0% | NORMAL
🔴 [MKCE_LID_07] Hostel Ring Road       |   100% | CRITICAL
🔴 [MKCE_LID_08] Playground Perimeter Rd |   100% | CRITICAL
🟢 [MKCE_LID_09] Canteen Road           |  18.0% | NORMAL
🟢 [MKCE_LID_10] Back Gate Road         |   2.5% | NORMAL

⏱ 11:53:30 ────────────────────────────────────────
🟢 [MKCE_LID_01] Main Gate Road         |     0% | NORMAL
🟡 [MKCE_LID_02] Academic Block Road    |  68.2% | WARNING
🟢 [MKCE_LID_03] Central Avenue         |     0% | NORMAL
🔴 [MKCE_LID_04] Library Road           |   100% | CRITICAL
🟡 [MKCE_LID_05] Workshop Road          |  58.4% | WARNING
🟢 [MKCE_LID_06] Hostel Block Road      |     0% | NORMAL
🔴 [MKCE_LID_07] Hostel Ring Road       |   100% | CRITICAL
🔴 [MKCE_LID_08] Playground Perimeter Rd |   100% | CRITICAL
🟢 [MKCE_LID_09] Canteen Road           |  14.5% | NORMAL
🟢 [MKCE_LID_10] Back Gate Road         |   4.2% | NORMAL

⏱ 11:53:33 ────────────────────────────────────────
🟢 [MKCE_LID_01] Main Gate Road         |     0% | NORMAL
🟡 [MKCE_LID_02] Academic Block Road    |  68.4% | WARNING
🟢 [MKCE_LID_03] Central Avenue         |     0% | NORMAL
🟡 [MKCE_LID_04] Library Road           |    70% | WARNING
🟡 [MKCE_LID_05] Workshop Road          |  59.9% | WARNING
🟢 [MKCE_LID_06] Hostel Block Road      |     0% | NORMAL
🔴 [MKCE_LID_07] Hostel Ring Road       |   100% | CRITICAL
🔴 [MKCE_LID_08] Playground Perimeter Rd |   100% | CRITICAL
🟢 [MKCE_LID_09] Canteen Road           |  10.0% | NORMAL
🟢 [MKCE_LID_10] Back Gate Road         |   6.0% | NORMAL

⏱ 11:53:37 ────────────────────────────────────────
🟢 [MKCE_LID_01] Main Gate Road         |     0% | NORMAL
🟡 [MKCE_LID_02] Academic Block Road    |  68.9% | WARNING
🟢 [MKCE_LID_03] Central Avenue         |    30% | NORMAL
🔴 [MKCE_LID_04] Library Road           |  73.7% | CRITICAL
🟡 [MKCE_LID_05] Workshop Road          |  60.8% | WARNING
🟢 [MKCE_LID_06] Hostel Block Road      |     0% | NORMAL
🔴 [MKCE_LID_07] Hostel Ring Road       |   100% | CRITICAL
🔴 [MKCE_LID_08] Playground Perimeter Rd |   100% | CRITICAL
🟢 [MKCE_LID_09] Canteen Road           |   5.5% | NORMAL
🟢 [MKCE_LID_10] Back Gate Road         |   7.3% | NORMAL

⏱ 11:53:40 ────────────────────────────────────────
🟢 [MKCE_LID_01] Main Gate Road         |     0% | NORMAL
🟡 [MKCE_LID_02] Academic Block Road    |  69.9% | WARNING
🟢 [MKCE_LID_03] Central Avenue         |  27.9% | NORMAL
🔴 [MKCE_LID_04] Library Road           |  78.1% | CRITICAL
🟡 [MKCE_LID_05] Workshop Road          |  62.0% | WARNING
🟢 [MKCE_LID_06] Hostel Block Road      |     0% | NORMAL
🔴 [MKCE_LID_07] Hostel Ring Road       |   100% | CRITICAL
🔴 [MKCE_LID_08] Playground Perimeter Rd |   100% | CRITICAL
🟢 [MKCE_LID_09] Canteen Road           |   1.9% | NORMAL
🟢 [MKCE_LID_10] Back Gate Road         |   9.6% | NORMAL

⏱ 11:53:43 ────────────────────────────────────────
🟢 [MKCE_LID_01] Main Gate Road         |     0% | NORMAL
🔴 [MKCE_LID_02] Academic Block Road    |  70.5% | CRITICAL
🟢 [MKCE_LID_03] Central Avenue         |  25.6% | NORMAL
🔴 [MKCE_LID_04] Library Road           |  82.5% | CRITICAL
🟡 [MKCE_LID_05] Workshop Road          |  62.9% | WARNING
🟢 [MKCE_LID_06] Hostel Block Road      |     0% | NORMAL
🔴 [MKCE_LID_07] Hostel Ring Road       |   100% | CRITICAL
🔴 [MKCE_LID_08] Playground Perimeter Rd |   100% | CRITICAL
🟢 [MKCE_LID_09] Canteen Road           |     0% | NORMAL
🟢 [MKCE_LID_10] Back Gate Road         |  11.6% | NORMAL

⏱ 11:53:46 ────────────────────────────────────────
🟢 [MKCE_LID_01] Main Gate Road         |     0% | NORMAL
🔴 [MKCE_LID_02] Academic Block Road    |  71.5% | CRITICAL
🟢 [MKCE_LID_03] Central Avenue         |  23.7% | NORMAL
🔴 [MKCE_LID_04] Library Road           |  86.4% | CRITICAL
🟡 [MKCE_LID_05] Workshop Road          |  63.1% | WARNING
🟢 [MKCE_LID_06] Hostel Block Road      |     0% | NORMAL
🔴 [MKCE_LID_07] Hostel Ring Road       |   100% | CRITICAL
🔴 [MKCE_LID_08] Playground Perimeter Rd |   100% | CRITICAL
🟢 [MKCE_LID_09] Canteen Road           |     0% | NORMAL
🟢 [MKCE_LID_10] Back Gate Road         |  12.9% | NORMAL

⏱ 11:53:49 ────────────────────────────────────────
🟢 [MKCE_LID_01] Main Gate Road         |     0% | NORMAL
🔴 [MKCE_LID_02] Academic Block Road    |  71.7% | CRITICAL
🟢 [MKCE_LID_03] Central Avenue         |  21.0% | NORMAL
🔴 [MKCE_LID_04] Library Road           |  89.7% | CRITICAL
🟡 [MKCE_LID_05] Workshop Road          |  62.4% | WARNING
🟢 [MKCE_LID_06] Hostel Block Road      |     0% | NORMAL
🔴 [MKCE_LID_07] Hostel Ring Road       |   100% | CRITICAL
🔴 [MKCE_LID_08] Playground Perimeter Rd |   100% | CRITICAL
🟢 [MKCE_LID_09] Canteen Road           |     0% | NORMAL
🟢 [MKCE_LID_10] Back Gate Road         |  14.6% | NORMAL

⏱ 11:53:52 ────────────────────────────────────────
🟢 [MKCE_LID_01] Main Gate Road         |     0% | NORMAL
🔴 [MKCE_LID_02] Academic Block Road    |  71.5% | CRITICAL
🟢 [MKCE_LID_03] Central Avenue         |  18.7% | NORMAL
🔴 [MKCE_LID_04] Library Road           |  93.3% | CRITICAL
🟡 [MKCE_LID_05] Workshop Road          |  62.1% | WARNING
🟢 [MKCE_LID_06] Hostel Block Road      |     0% | NORMAL
🔴 [MKCE_LID_07] Hostel Ring Road       |   100% | CRITICAL
🔴 [MKCE_LID_08] Playground Perimeter Rd |   100% | CRITICAL
🟢 [MKCE_LID_09] Canteen Road           |     0% | NORMAL
🟡 [MKCE_LID_10] Back Gate Road         |  45.8% | WARNING

⏱ 11:53:55 ────────────────────────────────────────
🟢 [MKCE_LID_01] Main Gate Road         |     0% | NORMAL
🔴 [MKCE_LID_02] Academic Block Road    |  72.3% | CRITICAL
🟢 [MKCE_LID_03] Central Avenue         |  16.0% | NORMAL
🔴 [MKCE_LID_04] Library Road           |  96.3% | CRITICAL
🟡 [MKCE_LID_05] Workshop Road          |  62.4% | WARNING
🟢 [MKCE_LID_06] Hostel Block Road      |     0% | NORMAL
🔴 [MKCE_LID_07] Hostel Ring Road       |   100% | CRITICAL
🔴 [MKCE_LID_08] Playground Perimeter Rd |   100% | CRITICAL
🟢 [MKCE_LID_09] Canteen Road           |     0% | NORMAL
🟡 [MKCE_LID_10] Back Gate Road         |  47.2% | WARNING

⏱ 11:53:58 ────────────────────────────────────────
🟢 [MKCE_LID_01] Main Gate Road         |     0% | NORMAL
🔴 [MKCE_LID_02] Academic Block Road    |  73.2% | CRITICAL
🟢 [MKCE_LID_03] Central Avenue         |  13.5% | NORMAL
🔴 [MKCE_LID_04] Library Road           |  98.9% | CRITICAL
🟡 [MKCE_LID_05] Workshop Road          |  63.4% | WARNING
🟢 [MKCE_LID_06] Hostel Block Road      |     0% | NORMAL
🔴 [MKCE_LID_07] Hostel Ring Road       |   100% | CRITICAL
🔴 [MKCE_LID_08] Playground Perimeter Rd |   100% | CRITICAL
🟢 [MKCE_LID_09] Canteen Road           |     0% | NORMAL
🟡 [MKCE_LID_10] Back Gate Road         |  49.2% | WARNING

⏱ 11:54:01 ────────────────────────────────────────
🟢 [MKCE_LID_01] Main Gate Road         |     0% | NORMAL
🔴 [MKCE_LID_02] Academic Block Road    |  73.4% | CRITICAL
🟢 [MKCE_LID_03] Central Avenue         |  10.3% | NORMAL
🔴 [MKCE_LID_04] Library Road           |   100% | CRITICAL
🟡 [MKCE_LID_05] Workshop Road          |  65.1% | WARNING
🟢 [MKCE_LID_06] Hostel Block Road      |     0% | NORMAL
🔴 [MKCE_LID_07] Hostel Ring Road       |   100% | CRITICAL
🔴 [MKCE_LID_08] Playground Perimeter Rd |   100% | CRITICAL
🟢 [MKCE_LID_09] Canteen Road           |     0% | NORMAL
🟡 [MKCE_LID_10] Back Gate Road         |  50.4% | WARNING

⏱ 11:54:04 ────────────────────────────────────────
🟢 [MKCE_LID_01] Main Gate Road         |     0% | NORMAL
🔴 [MKCE_LID_02] Academic Block Road    |  73.8% | CRITICAL
🟢 [MKCE_LID_03] Central Avenue         |   8.0% | NORMAL
🔴 [MKCE_LID_04] Library Road           |   100% | CRITICAL
🟡 [MKCE_LID_05] Workshop Road          |  66.3% | WARNING
🟢 [MKCE_LID_06] Hostel Block Road      |     0% | NORMAL
🔴 [MKCE_LID_07] Hostel Ring Road       |   100% | CRITICAL
🔴 [MKCE_LID_08] Playground Perimeter Rd |   100% | CRITICAL
🟢 [MKCE_LID_09] Canteen Road           |     0% | NORMAL
🟡 [MKCE_LID_10] Back Gate Road         |  51.8% | WARNING

⏱ 11:54:07 ────────────────────────────────────────
🟢 [MKCE_LID_01] Main Gate Road         |     0% | NORMAL
🔴 [MKCE_LID_02] Academic Block Road    |  74.5% | CRITICAL
🟢 [MKCE_LID_03] Central Avenue         |  35.7% | NORMAL
🔴 [MKCE_LID_04] Library Road           |   100% | CRITICAL
🟡 [MKCE_LID_05] Workshop Road          |  67.8% | WARNING
🟢 [MKCE_LID_06] Hostel Block Road      |     0% | NORMAL
🔴 [MKCE_LID_07] Hostel Ring Road       |   100% | CRITICAL
🔴 [MKCE_LID_08] Playground Perimeter Rd |   100% | CRITICAL
🟢 [MKCE_LID_09] Canteen Road           |     0% | NORMAL
🟡 [MKCE_LID_10] Back Gate Road         |  53.9% | WARNING

⏱ 11:54:10 ────────────────────────────────────────
🟢 [MKCE_LID_01] Main Gate Road         |   0.1% | NORMAL
🔴 [MKCE_LID_02] Academic Block Road    |  75.1% | CRITICAL
🟢 [MKCE_LID_03] Central Avenue         |  33.8% | NORMAL
🔴 [MKCE_LID_04] Library Road           |   100% | CRITICAL
🟡 [MKCE_LID_05] Workshop Road          |  69.8% | WARNING
🟢 [MKCE_LID_06] Hostel Block Road      |     0% | NORMAL
🔴 [MKCE_LID_07] Hostel Ring Road       |   100% | CRITICAL
🔴 [MKCE_LID_08] Playground Perimeter Rd |   100% | CRITICAL
🟢 [MKCE_LID_09] Canteen Road           |     0% | NORMAL
🟡 [MKCE_LID_10] Back Gate Road         |  56.9% | WARNING

⏱ 11:54:13 ────────────────────────────────────────
🟢 [MKCE_LID_01] Main Gate Road         |     0% | NORMAL
🔴 [MKCE_LID_02] Academic Block Road    |  75.3% | CRITICAL
🟢 [MKCE_LID_03] Central Avenue         |  31.1% | NORMAL
🔴 [MKCE_LID_04] Library Road           |   100% | CRITICAL
🔴 [MKCE_LID_05] Workshop Road          |  72.1% | CRITICAL
🟢 [MKCE_LID_06] Hostel Block Road      |     0% | NORMAL
🔴 [MKCE_LID_07] Hostel Ring Road       |   100% | CRITICAL
🔴 [MKCE_LID_08] Playground Perimeter Rd |   100% | CRITICAL
🟢 [MKCE_LID_09] Canteen Road           |    30% | NORMAL
🟡 [MKCE_LID_10] Back Gate Road         |  60.8% | WARNING

⏱ 11:54:16 ────────────────────────────────────────
🟢 [MKCE_LID_01] Main Gate Road         |     0% | NORMAL
🟡 [MKCE_LID_02] Academic Block Road    |  45.2% | WARNING
🟢 [MKCE_LID_03] Central Avenue         |  27.8% | NORMAL
🔴 [MKCE_LID_04] Library Road           |   100% | CRITICAL
🔴 [MKCE_LID_05] Workshop Road          |  74.6% | CRITICAL
🟢 [MKCE_LID_06] Hostel Block Road      |     0% | NORMAL
🔴 [MKCE_LID_07] Hostel Ring Road       |   100% | CRITICAL
🔴 [MKCE_LID_08] Playground Perimeter Rd |   100% | CRITICAL
🟢 [MKCE_LID_09] Canteen Road           |  28.8% | NORMAL
🟡 [MKCE_LID_10] Back Gate Road         |  65.0% | WARNING

⏱ 11:54:19 ────────────────────────────────────────
🟢 [MKCE_LID_01] Main Gate Road         |   0.2% | NORMAL
🟡 [MKCE_LID_02] Academic Block Road    |  44.3% | WARNING
🟢 [MKCE_LID_03] Central Avenue         |  25.0% | NORMAL
🔴 [MKCE_LID_04] Library Road           |   100% | CRITICAL
🔴 [MKCE_LID_05] Workshop Road          |   100% | CRITICAL
🟢 [MKCE_LID_06] Hostel Block Road      |     0% | NORMAL
🟡 [MKCE_LID_07] Hostel Ring Road       |    70% | WARNING
🔴 [MKCE_LID_08] Playground Perimeter Rd |   100% | CRITICAL
🟢 [MKCE_LID_09] Canteen Road           |  27.6% | NORMAL
🟡 [MKCE_LID_10] Back Gate Road         |  68.5% | WARNING

⏱ 11:54:25 ────────────────────────────────────────
🟢 [MKCE_LID_01] Main Gate Road         |  31.2% | NORMAL
🟡 [MKCE_LID_02] Academic Block Road    |  42.9% | WARNING
🟢 [MKCE_LID_03] Central Avenue         |  21.7% | NORMAL
🔴 [MKCE_LID_04] Library Road           |   100% | CRITICAL
🔴 [MKCE_LID_05] Workshop Road          |   100% | CRITICAL
🟢 [MKCE_LID_06] Hostel Block Road      |     0% | NORMAL
🔴 [MKCE_LID_07] Hostel Ring Road       |  74.4% | CRITICAL
🔴 [MKCE_LID_08] Playground Perimeter Rd |   100% | CRITICAL
🟢 [MKCE_LID_09] Canteen Road           |  25.6% | NORMAL
🔴 [MKCE_LID_10] Back Gate Road         |  72.3% | CRITICAL

⏱ 11:54:30 ────────────────────────────────────────
🟢 [MKCE_LID_01] Main Gate Road         |  31.9% | NORMAL
🟡 [MKCE_LID_02] Academic Block Road    |  42.5% | WARNING
🟢 [MKCE_LID_03] Central Avenue         |  18.0% | NORMAL
🔴 [MKCE_LID_04] Library Road           |   100% | CRITICAL
🔴 [MKCE_LID_05] Workshop Road          |   100% | CRITICAL
🟢 [MKCE_LID_06] Hostel Block Road      |     0% | NORMAL
🔴 [MKCE_LID_07] Hostel Ring Road       |  78.7% | CRITICAL
🔴 [MKCE_LID_08] Playground Perimeter Rd |   100% | CRITICAL
🟢 [MKCE_LID_09] Canteen Road           |  23.2% | NORMAL
🔴 [MKCE_LID_10] Back Gate Road         |  76.6% | CRITICAL

⏱ 11:54:35 ────────────────────────────────────────
🟢 [MKCE_LID_01] Main Gate Road         |  33.5% | NORMAL
🟡 [MKCE_LID_02] Academic Block Road    |  41.9% | WARNING
🟢 [MKCE_LID_03] Central Avenue         |  14.8% | NORMAL
🔴 [MKCE_LID_04] Library Road           |   100% | CRITICAL
🔴 [MKCE_LID_05] Workshop Road          |   100% | CRITICAL
🟢 [MKCE_LID_06] Hostel Block Road      |     0% | NORMAL
🔴 [MKCE_LID_07] Hostel Ring Road       |  83.2% | CRITICAL
🔴 [MKCE_LID_08] Playground Perimeter Rd |   100% | CRITICAL
🟢 [MKCE_LID_09] Canteen Road           |     0% | NORMAL
🔴 [MKCE_LID_10] Back Gate Road         |  80.2% | CRITICAL

⏱ 11:54:41 ────────────────────────────────────────
🟢 [MKCE_LID_01] Main Gate Road         |  34.6% | NORMAL
🟡 [MKCE_LID_02] Academic Block Road    |  41.9% | WARNING
🟢 [MKCE_LID_03] Central Avenue         |  10.8% | NORMAL
🔴 [MKCE_LID_04] Library Road           |   100% | CRITICAL
🔴 [MKCE_LID_05] Workshop Road          |   100% | CRITICAL
🟢 [MKCE_LID_06] Hostel Block Road      |     0% | NORMAL
🔴 [MKCE_LID_07] Hostel Ring Road       |  86.8% | CRITICAL
🔴 [MKCE_LID_08] Playground Perimeter Rd |   100% | CRITICAL
🟢 [MKCE_LID_09] Canteen Road           |     0% | NORMAL
🔴 [MKCE_LID_10] Back Gate Road         |  83.5% | CRITICAL

⏱ 11:54:46 ────────────────────────────────────────
🟢 [MKCE_LID_01] Main Gate Road         |  36.7% | NORMAL
🟡 [MKCE_LID_02] Academic Block Road    |  42.1% | WARNING
🟢 [MKCE_LID_03] Central Avenue         |   6.9% | NORMAL
🔴 [MKCE_LID_04] Library Road           |   100% | CRITICAL
🔴 [MKCE_LID_05] Workshop Road          |   100% | CRITICAL
🟢 [MKCE_LID_06] Hostel Block Road      |     0% | NORMAL
🔴 [MKCE_LID_07] Hostel Ring Road       |  89.8% | CRITICAL
🔴 [MKCE_LID_08] Playground Perimeter Rd |   100% | CRITICAL
🟢 [MKCE_LID_09] Canteen Road           |     0% | NORMAL
🔴 [MKCE_LID_10] Back Gate Road         |  86.6% | CRITICAL

⏱ 11:54:52 ────────────────────────────────────────
🟢 [MKCE_LID_01] Main Gate Road         |  38.7% | NORMAL
🟡 [MKCE_LID_02] Academic Block Road    |  42.9% | WARNING
🟢 [MKCE_LID_03] Central Avenue         |   3.1% | NORMAL
🔴 [MKCE_LID_04] Library Road           |   100% | CRITICAL
🔴 [MKCE_LID_05] Workshop Road          |   100% | CRITICAL
🟢 [MKCE_LID_06] Hostel Block Road      |     0% | NORMAL
🔴 [MKCE_LID_07] Hostel Ring Road       |  92.7% | CRITICAL
🔴 [MKCE_LID_08] Playground Perimeter Rd |   100% | CRITICAL
🟢 [MKCE_LID_09] Canteen Road           |     0% | NORMAL
🔴 [MKCE_LID_10] Back Gate Road         |  90.6% | CRITICAL

⏱ 11:54:57 ────────────────────────────────────────
🟡 [MKCE_LID_01] Main Gate Road         |  40.1% | WARNING
🟡 [MKCE_LID_02] Academic Block Road    |  43.6% | WARNING
🟢 [MKCE_LID_03] Central Avenue         |   0.1% | NORMAL
🔴 [MKCE_LID_04] Library Road           |   100% | CRITICAL
🔴 [MKCE_LID_05] Workshop Road          |   100% | CRITICAL
🟢 [MKCE_LID_06] Hostel Block Road      |     0% | NORMAL
🔴 [MKCE_LID_07] Hostel Ring Road       |  95.9% | CRITICAL
🔴 [MKCE_LID_08] Playground Perimeter Rd |   100% | CRITICAL
🟢 [MKCE_LID_09] Canteen Road           |     0% | NORMAL
🔴 [MKCE_LID_10] Back Gate Road         |  95.3% | CRITICAL

⏱ 11:55:02 ────────────────────────────────────────
🟡 [MKCE_LID_01] Main Gate Road         |  41.7% | WARNING
🟡 [MKCE_LID_02] Academic Block Road    |  44.2% | WARNING
🟢 [MKCE_LID_03] Central Avenue         |     0% | NORMAL
🔴 [MKCE_LID_04] Library Road           |   100% | CRITICAL
🔴 [MKCE_LID_05] Workshop Road          |   100% | CRITICAL
🟢 [MKCE_LID_06] Hostel Block Road      |     0% | NORMAL
🔴 [MKCE_LID_07] Hostel Ring Road       |   100% | CRITICAL
🔴 [MKCE_LID_08] Playground Perimeter Rd |   100% | CRITICAL
🟢 [MKCE_LID_09] Canteen Road           |     0% | NORMAL
🔴 [MKCE_LID_10] Back Gate Road         |   100% | CRITICAL

⏱ 11:55:08 ────────────────────────────────────────
🟡 [MKCE_LID_01] Main Gate Road         |  43.3% | WARNING
🟡 [MKCE_LID_02] Academic Block Road    |  45.2% | WARNING
🟢 [MKCE_LID_03] Central Avenue         |     0% | NORMAL
🔴 [MKCE_LID_04] Library Road           |   100% | CRITICAL
🔴 [MKCE_LID_05] Workshop Road          |   100% | CRITICAL
🟢 [MKCE_LID_06] Hostel Block Road      |     0% | NORMAL
🔴 [MKCE_LID_07] Hostel Ring Road       |   100% | CRITICAL
🔴 [MKCE_LID_08] Playground Perimeter Rd |   100% | CRITICAL
🟢 [MKCE_LID_09] Canteen Road           |     0% | NORMAL
🔴 [MKCE_LID_10] Back Gate Road         |   100% | CRITICAL

⏱ 11:55:13 ────────────────────────────────────────
🟡 [MKCE_LID_01] Main Gate Road         |  44.5% | WARNING
🟡 [MKCE_LID_02] Academic Block Road    |  46.5% | WARNING
🟢 [MKCE_LID_03] Central Avenue         |     0% | NORMAL
🔴 [MKCE_LID_04] Library Road           |   100% | CRITICAL
🔴 [MKCE_LID_05] Workshop Road          |   100% | CRITICAL
🟢 [MKCE_LID_06] Hostel Block Road      |     0% | NORMAL
🔴 [MKCE_LID_07] Hostel Ring Road       |   100% | CRITICAL
🔴 [MKCE_LID_08] Playground Perimeter Rd |   100% | CRITICAL
🟢 [MKCE_LID_09] Canteen Road           |     0% | NORMAL
🔴 [MKCE_LID_10] Back Gate Road         |   100% | CRITICAL

⏱ 11:55:17 ────────────────────────────────────────
🟡 [MKCE_LID_01] Main Gate Road         |  44.9% | WARNING
🟡 [MKCE_LID_02] Academic Block Road    |  47.5% | WARNING
🟢 [MKCE_LID_03] Central Avenue         |     0% | NORMAL
🔴 [MKCE_LID_04] Library Road           |   100% | CRITICAL
🔴 [MKCE_LID_05] Workshop Road          |   100% | CRITICAL
🟢 [MKCE_LID_06] Hostel Block Road      |     0% | NORMAL
🔴 [MKCE_LID_07] Hostel Ring Road       |   100% | CRITICAL
🔴 [MKCE_LID_08] Playground Perimeter Rd |   100% | CRITICAL
🟢 [MKCE_LID_09] Canteen Road           |    30% | NORMAL
🔴 [MKCE_LID_10] Back Gate Road         |   100% | CRITICAL

⏱ 11:55:22 ────────────────────────────────────────
🟡 [MKCE_LID_01] Main Gate Road         |  44.5% | WARNING
🟡 [MKCE_LID_02] Academic Block Road    |  48.7% | WARNING
🟢 [MKCE_LID_03] Central Avenue         |     0% | NORMAL
🔴 [MKCE_LID_04] Library Road           |   100% | CRITICAL
🔴 [MKCE_LID_05] Workshop Road          |   100% | CRITICAL
🟢 [MKCE_LID_06] Hostel Block Road      |     0% | NORMAL
🔴 [MKCE_LID_07] Hostel Ring Road       |   100% | CRITICAL
🔴 [MKCE_LID_08] Playground Perimeter Rd |   100% | CRITICAL
🟢 [MKCE_LID_09] Canteen Road           |  26.2% | NORMAL
🔴 [MKCE_LID_10] Back Gate Road         |   100% | CRITICAL

⏱ 11:55:29 ────────────────────────────────────────
🟡 [MKCE_LID_01] Main Gate Road         |  44.1% | WARNING
🟡 [MKCE_LID_02] Academic Block Road    |  50.6% | WARNING
🟢 [MKCE_LID_03] Central Avenue         |     0% | NORMAL
🔴 [MKCE_LID_04] Library Road           |   100% | CRITICAL
🔴 [MKCE_LID_05] Workshop Road          |   100% | CRITICAL
🟢 [MKCE_LID_06] Hostel Block Road      |     0% | NORMAL
🔴 [MKCE_LID_07] Hostel Ring Road       |   100% | CRITICAL
🔴 [MKCE_LID_08] Playground Perimeter Rd |   100% | CRITICAL
🟢 [MKCE_LID_09] Canteen Road           |  22.0% | NORMAL
🔴 [MKCE_LID_10] Back Gate Road         |   100% | CRITICAL

⏱ 11:55:36 ────────────────────────────────────────
🔴 [MKCE_LID_01] Main Gate Road         |  73.6% | CRITICAL
🟡 [MKCE_LID_02] Academic Block Road    |  52.7% | WARNING
🟢 [MKCE_LID_03] Central Avenue         |     0% | NORMAL
🔴 [MKCE_LID_04] Library Road           |   100% | CRITICAL
🔴 [MKCE_LID_05] Workshop Road          |   100% | CRITICAL
🟢 [MKCE_LID_06] Hostel Block Road      |     0% | NORMAL
🔴 [MKCE_LID_07] Hostel Ring Road       |   100% | CRITICAL
🔴 [MKCE_LID_08] Playground Perimeter Rd |   100% | CRITICAL
🟢 [MKCE_LID_09] Canteen Road           |  17.5% | NORMAL
🔴 [MKCE_LID_10] Back Gate Road         |   100% | CRITICAL

⏱ 11:55:43 ────────────────────────────────────────
🔴 [MKCE_LID_01] Main Gate Road         |  73.7% | CRITICAL
🟡 [MKCE_LID_02] Academic Block Road    |  54.9% | WARNING
🟢 [MKCE_LID_03] Central Avenue         |     0% | NORMAL
🔴 [MKCE_LID_04] Library Road           |   100% | CRITICAL
🔴 [MKCE_LID_05] Workshop Road          |   100% | CRITICAL
🟢 [MKCE_LID_06] Hostel Block Road      |     0% | NORMAL
🔴 [MKCE_LID_07] Hostel Ring Road       |   100% | CRITICAL
🔴 [MKCE_LID_08] Playground Perimeter Rd |   100% | CRITICAL
🟢 [MKCE_LID_09] Canteen Road           |  12.7% | NORMAL
🔴 [MKCE_LID_10] Back Gate Road         |   100% | CRITICAL

⏱ 11:55:51 ────────────────────────────────────────
🔴 [MKCE_LID_01] Main Gate Road         |  74.1% | CRITICAL
🟡 [MKCE_LID_02] Academic Block Road    |  56.3% | WARNING
🟢 [MKCE_LID_03] Central Avenue         |     0% | NORMAL
🔴 [MKCE_LID_04] Library Road           |   100% | CRITICAL
🔴 [MKCE_LID_05] Workshop Road          |   100% | CRITICAL
🟢 [MKCE_LID_06] Hostel Block Road      |     0% | NORMAL
🔴 [MKCE_LID_07] Hostel Ring Road       |   100% | CRITICAL
🔴 [MKCE_LID_08] Playground Perimeter Rd |   100% | CRITICAL
🟢 [MKCE_LID_09] Canteen Road           |   7.7% | NORMAL
🔴 [MKCE_LID_10] Back Gate Road         |   100% | CRITICAL

⏱ 11:55:57 ────────────────────────────────────────
🔴 [MKCE_LID_01] Main Gate Road         |  74.6% | CRITICAL
🟡 [MKCE_LID_02] Academic Block Road    |  57.4% | WARNING
🟢 [MKCE_LID_03] Central Avenue         |     0% | NORMAL
🔴 [MKCE_LID_04] Library Road           |   100% | CRITICAL
🔴 [MKCE_LID_05] Workshop Road          |   100% | CRITICAL
🟢 [MKCE_LID_06] Hostel Block Road      |     0% | NORMAL
🔴 [MKCE_LID_07] Hostel Ring Road       |   100% | CRITICAL
🔴 [MKCE_LID_08] Playground Perimeter Rd |   100% | CRITICAL
🟢 [MKCE_LID_09] Canteen Road           |   2.7% | NORMAL
🔴 [MKCE_LID_10] Back Gate Road         |   100% | CRITICAL

⏱ 11:56:03 ────────────────────────────────────────
🔴 [MKCE_LID_01] Main Gate Road         |  75.6% | CRITICAL
🟢 [MKCE_LID_02] Academic Block Road    |  27.8% | NORMAL
🟢 [MKCE_LID_03] Central Avenue         |     0% | NORMAL
🔴 [MKCE_LID_04] Library Road           |   100% | CRITICAL
🔴 [MKCE_LID_05] Workshop Road          |   100% | CRITICAL
🟢 [MKCE_LID_06] Hostel Block Road      |     0% | NORMAL
🔴 [MKCE_LID_07] Hostel Ring Road       |   100% | CRITICAL
🔴 [MKCE_LID_08] Playground Perimeter Rd |   100% | CRITICAL
🟢 [MKCE_LID_09] Canteen Road           |     0% | NORMAL
🔴 [MKCE_LID_10] Back Gate Road         |   100% | CRITICAL

⏱ 11:56:09 ────────────────────────────────────────
🔴 [MKCE_LID_01] Main Gate Road         |  75.6% | CRITICAL
🟢 [MKCE_LID_02] Academic Block Road    |  28.5% | NORMAL
🟢 [MKCE_LID_03] Central Avenue         |     0% | NORMAL
🔴 [MKCE_LID_04] Library Road           |   100% | CRITICAL
🔴 [MKCE_LID_05] Workshop Road          |   100% | CRITICAL
🟢 [MKCE_LID_06] Hostel Block Road      |     0% | NORMAL
🔴 [MKCE_LID_07] Hostel Ring Road       |   100% | CRITICAL
🔴 [MKCE_LID_08] Playground Perimeter Rd |   100% | CRITICAL
🟢 [MKCE_LID_09] Canteen Road           |     0% | NORMAL
🔴 [MKCE_LID_10] Back Gate Road         |   100% | CRITICAL

⏱ 11:56:14 ────────────────────────────────────────
🔴 [MKCE_LID_01] Main Gate Road         |  75.6% | CRITICAL
🟢 [MKCE_LID_02] Academic Block Road    |  28.6% | NORMAL
🟢 [MKCE_LID_03] Central Avenue         |     0% | NORMAL
🔴 [MKCE_LID_04] Library Road           |   100% | CRITICAL
🟡 [MKCE_LID_05] Workshop Road          |    70% | WARNING
🟢 [MKCE_LID_06] Hostel Block Road      |     0% | NORMAL
🔴 [MKCE_LID_07] Hostel Ring Road       |   100% | CRITICAL
🔴 [MKCE_LID_08] Playground Perimeter Rd |   100% | CRITICAL
🟢 [MKCE_LID_09] Canteen Road           |     0% | NORMAL
🔴 [MKCE_LID_10] Back Gate Road         |   100% | CRITICAL

⏱ 11:56:20 ────────────────────────────────────────
🔴 [MKCE_LID_01] Main Gate Road         |  75.1% | CRITICAL
🟢 [MKCE_LID_02] Academic Block Road    |  29.7% | NORMAL
🟢 [MKCE_LID_03] Central Avenue         |     0% | NORMAL
🔴 [MKCE_LID_04] Library Road           |   100% | CRITICAL
🔴 [MKCE_LID_05] Workshop Road          |  72.5% | CRITICAL
🟢 [MKCE_LID_06] Hostel Block Road      |     0% | NORMAL
🔴 [MKCE_LID_07] Hostel Ring Road       |   100% | CRITICAL
🔴 [MKCE_LID_08] Playground Perimeter Rd |   100% | CRITICAL
🟢 [MKCE_LID_09] Canteen Road           |     0% | NORMAL
🔴 [MKCE_LID_10] Back Gate Road         |   100% | CRITICAL

⏱ 11:56:26 ────────────────────────────────────────
🔴 [MKCE_LID_01] Main Gate Road         |  74.7% | CRITICAL
🟢 [MKCE_LID_02] Academic Block Road    |  31.8% | NORMAL
🟢 [MKCE_LID_03] Central Avenue         |     0% | NORMAL
🔴 [MKCE_LID_04] Library Road           |   100% | CRITICAL
🔴 [MKCE_LID_05] Workshop Road          |  75.0% | CRITICAL
🟢 [MKCE_LID_06] Hostel Block Road      |     0% | NORMAL
🔴 [MKCE_LID_07] Hostel Ring Road       |   100% | CRITICAL
🔴 [MKCE_LID_08] Playground Perimeter Rd |   100% | CRITICAL
🟢 [MKCE_LID_09] Canteen Road           |     0% | NORMAL
🔴 [MKCE_LID_10] Back Gate Road         |   100% | CRITICAL

⏱ 11:56:33 ────────────────────────────────────────
🔴 [MKCE_LID_01] Main Gate Road         |  75.0% | CRITICAL
🟢 [MKCE_LID_02] Academic Block Road    |  34.8% | NORMAL
🟢 [MKCE_LID_03] Central Avenue         |     0% | NORMAL
🔴 [MKCE_LID_04] Library Road           |   100% | CRITICAL
🔴 [MKCE_LID_05] Workshop Road          |  77.7% | CRITICAL
🟢 [MKCE_LID_06] Hostel Block Road      |     0% | NORMAL
🔴 [MKCE_LID_07] Hostel Ring Road       |   100% | CRITICAL
🟡 [MKCE_LID_08] Playground Perimeter Rd |    70% | WARNING
🟢 [MKCE_LID_09] Canteen Road           |     0% | NORMAL
🔴 [MKCE_LID_10] Back Gate Road         |   100% | CRITICAL

⏱ 11:56:38 ────────────────────────────────────────
🔴 [MKCE_LID_01] Main Gate Road         |  75.1% | CRITICAL
🟢 [MKCE_LID_02] Academic Block Road    |  38.0% | NORMAL
🟢 [MKCE_LID_03] Central Avenue         |     0% | NORMAL
🔴 [MKCE_LID_04] Library Road           |   100% | CRITICAL
🔴 [MKCE_LID_05] Workshop Road          |  80.5% | CRITICAL
🟢 [MKCE_LID_06] Hostel Block Road      |     0% | NORMAL
🔴 [MKCE_LID_07] Hostel Ring Road       |   100% | CRITICAL
🔴 [MKCE_LID_08] Playground Perimeter Rd |  72.9% | CRITICAL
🟢 [MKCE_LID_09] Canteen Road           |     0% | NORMAL
🔴 [MKCE_LID_10] Back Gate Road         |   100% | CRITICAL

⏱ 11:56:43 ────────────────────────────────────────
🔴 [MKCE_LID_01] Main Gate Road         |  75.3% | CRITICAL
🟡 [MKCE_LID_02] Academic Block Road    |  40.9% | WARNING
🟢 [MKCE_LID_03] Central Avenue         |     0% | NORMAL
🔴 [MKCE_LID_04] Library Road           |   100% | CRITICAL
🔴 [MKCE_LID_05] Workshop Road          |  84.1% | CRITICAL
🟢 [MKCE_LID_06] Hostel Block Road      |     0% | NORMAL
🔴 [MKCE_LID_07] Hostel Ring Road       |   100% | CRITICAL
🔴 [MKCE_LID_08] Playground Perimeter Rd |  76.5% | CRITICAL
🟢 [MKCE_LID_09] Canteen Road           |     0% | NORMAL
🔴 [MKCE_LID_10] Back Gate Road         |   100% | CRITICAL

⏱ 11:56:51 ────────────────────────────────────────
🔴 [MKCE_LID_01] Main Gate Road         |  74.9% | CRITICAL
🟡 [MKCE_LID_02] Academic Block Road    |  43.8% | WARNING
🟢 [MKCE_LID_03] Central Avenue         |     0% | NORMAL
🔴 [MKCE_LID_04] Library Road           |   100% | CRITICAL
🔴 [MKCE_LID_05] Workshop Road          |  87.3% | CRITICAL
🟢 [MKCE_LID_06] Hostel Block Road      |     0% | NORMAL
🔴 [MKCE_LID_07] Hostel Ring Road       |   100% | CRITICAL
🔴 [MKCE_LID_08] Playground Perimeter Rd |  79.2% | CRITICAL
🟢 [MKCE_LID_09] Canteen Road           |     0% | NORMAL
🔴 [MKCE_LID_10] Back Gate Road         |   100% | CRITICAL

⏱ 11:56:56 ────────────────────────────────────────
🔴 [MKCE_LID_01] Main Gate Road         |  75.0% | CRITICAL
🟡 [MKCE_LID_02] Academic Block Road    |  46.0% | WARNING
🟢 [MKCE_LID_03] Central Avenue         |     0% | NORMAL
🔴 [MKCE_LID_04] Library Road           |   100% | CRITICAL
🔴 [MKCE_LID_05] Workshop Road          |  90.4% | CRITICAL
🟢 [MKCE_LID_06] Hostel Block Road      |     0% | NORMAL
🔴 [MKCE_LID_07] Hostel Ring Road       |   100% | CRITICAL
🔴 [MKCE_LID_08] Playground Perimeter Rd |  81.1% | CRITICAL
🟢 [MKCE_LID_09] Canteen Road           |     0% | NORMAL
🔴 [MKCE_LID_10] Back Gate Road         |   100% | CRITICAL

⏱ 11:57:02 ────────────────────────────────────────
🔴 [MKCE_LID_01] Main Gate Road         |  75.6% | CRITICAL
🟡 [MKCE_LID_02] Academic Block Road    |  48.3% | WARNING
🟢 [MKCE_LID_03] Central Avenue         |     0% | NORMAL
🔴 [MKCE_LID_04] Library Road           |   100% | CRITICAL
🔴 [MKCE_LID_05] Workshop Road          |  93.4% | CRITICAL
🟢 [MKCE_LID_06] Hostel Block Road      |     0% | NORMAL
🔴 [MKCE_LID_07] Hostel Ring Road       |   100% | CRITICAL
🔴 [MKCE_LID_08] Playground Perimeter Rd |  83.8% | CRITICAL
🟢 [MKCE_LID_09] Canteen Road           |     0% | NORMAL
🔴 [MKCE_LID_10] Back Gate Road         |   100% | CRITICAL

⏱ 11:57:07 ────────────────────────────────────────
🔴 [MKCE_LID_01] Main Gate Road         |  75.2% | CRITICAL
🟡 [MKCE_LID_02] Academic Block Road    |  49.8% | WARNING
🟢 [MKCE_LID_03] Central Avenue         |     0% | NORMAL
🔴 [MKCE_LID_04] Library Road           |   100% | CRITICAL
🔴 [MKCE_LID_05] Workshop Road          |  96.2% | CRITICAL
🟢 [MKCE_LID_06] Hostel Block Road      |     0% | NORMAL
🔴 [MKCE_LID_07] Hostel Ring Road       |   100% | CRITICAL
🔴 [MKCE_LID_08] Playground Perimeter Rd |  87.2% | CRITICAL
🟢 [MKCE_LID_09] Canteen Road           |     0% | NORMAL
🔴 [MKCE_LID_10] Back Gate Road         |   100% | CRITICAL

⏱ 11:57:13 ────────────────────────────────────────
🔴 [MKCE_LID_01] Main Gate Road         |  74.7% | CRITICAL
🟡 [MKCE_LID_02] Academic Block Road    |  51.0% | WARNING
🟢 [MKCE_LID_03] Central Avenue         |     0% | NORMAL
🔴 [MKCE_LID_04] Library Road           |   100% | CRITICAL
🔴 [MKCE_LID_05] Workshop Road          |  99.3% | CRITICAL
🟢 [MKCE_LID_06] Hostel Block Road      |     0% | NORMAL
🔴 [MKCE_LID_07] Hostel Ring Road       |   100% | CRITICAL
🔴 [MKCE_LID_08] Playground Perimeter Rd |  90.2% | CRITICAL
🟢 [MKCE_LID_09] Canteen Road           |     0% | NORMAL
🔴 [MKCE_LID_10] Back Gate Road         |   100% | CRITICAL

⏱ 11:57:18 ────────────────────────────────────────
🔴 [MKCE_LID_01] Main Gate Road         |  74.7% | CRITICAL
🟡 [MKCE_LID_02] Academic Block Road    |  52.4% | WARNING
🟢 [MKCE_LID_03] Central Avenue         |     0% | NORMAL
🔴 [MKCE_LID_04] Library Road           |   100% | CRITICAL
🔴 [MKCE_LID_05] Workshop Road          |   100% | CRITICAL
🟢 [MKCE_LID_06] Hostel Block Road      |     0% | NORMAL
🔴 [MKCE_LID_07] Hostel Ring Road       |   100% | CRITICAL
🔴 [MKCE_LID_08] Playground Perimeter Rd |  93.3% | CRITICAL
🟢 [MKCE_LID_09] Canteen Road           |     0% | NORMAL
🔴 [MKCE_LID_10] Back Gate Road         |   100% | CRITICAL

⏱ 11:57:23 ────────────────────────────────────────
🔴 [MKCE_LID_01] Main Gate Road         |  75.3% | CRITICAL
🟡 [MKCE_LID_02] Academic Block Road    |  53.5% | WARNING
🟢 [MKCE_LID_03] Central Avenue         |     0% | NORMAL
🔴 [MKCE_LID_04] Library Road           |   100% | CRITICAL
🔴 [MKCE_LID_05] Workshop Road          |   100% | CRITICAL
🟢 [MKCE_LID_06] Hostel Block Road      |     0% | NORMAL
🟡 [MKCE_LID_07] Hostel Ring Road       |    70% | WARNING
🔴 [MKCE_LID_08] Playground Perimeter Rd |  97.0% | CRITICAL
🟢 [MKCE_LID_09] Canteen Road           |    30% | NORMAL
🔴 [MKCE_LID_10] Back Gate Road         |   100% | CRITICAL

⏱ 11:57:28 ────────────────────────────────────────
🔴 [MKCE_LID_01] Main Gate Road         |  75.9% | CRITICAL
🟡 [MKCE_LID_02] Academic Block Road    |  55.3% | WARNING
🟢 [MKCE_LID_03] Central Avenue         |     0% | NORMAL
🔴 [MKCE_LID_04] Library Road           |   100% | CRITICAL
🔴 [MKCE_LID_05] Workshop Road          |   100% | CRITICAL
🟢 [MKCE_LID_06] Hostel Block Road      |     0% | NORMAL
🔴 [MKCE_LID_07] Hostel Ring Road       |  73.0% | CRITICAL
🔴 [MKCE_LID_08] Playground Perimeter Rd |   100% | CRITICAL
🟢 [MKCE_LID_09] Canteen Road           |  28.8% | NORMAL
🔴 [MKCE_LID_10] Back Gate Road         |   100% | CRITICAL

⏱ 11:57:33 ────────────────────────────────────────
🟡 [MKCE_LID_01] Main Gate Road         |  47.2% | WARNING
🟡 [MKCE_LID_02] Academic Block Road    |  56.5% | WARNING
🟢 [MKCE_LID_03] Central Avenue         |     0% | NORMAL
🔴 [MKCE_LID_04] Library Road           |   100% | CRITICAL
🔴 [MKCE_LID_05] Workshop Road          |   100% | CRITICAL
🟢 [MKCE_LID_06] Hostel Block Road      |     0% | NORMAL
🟡 [MKCE_LID_07] Hostel Ring Road       |  45.3% | WARNING
🔴 [MKCE_LID_08] Playground Perimeter Rd |   100% | CRITICAL
🟢 [MKCE_LID_09] Canteen Road           |  28.0% | NORMAL
🔴 [MKCE_LID_10] Back Gate Road         |   100% | CRITICAL

⏱ 11:57:37 ────────────────────────────────────────
🟡 [MKCE_LID_01] Main Gate Road         |  49.2% | WARNING
🟡 [MKCE_LID_02] Academic Block Road    |  57.8% | WARNING
🟢 [MKCE_LID_03] Central Avenue         |     0% | NORMAL
🔴 [MKCE_LID_04] Library Road           |   100% | CRITICAL
🔴 [MKCE_LID_05] Workshop Road          |   100% | CRITICAL
🟢 [MKCE_LID_06] Hostel Block Road      |     0% | NORMAL
🟡 [MKCE_LID_07] Hostel Ring Road       |  47.1% | WARNING
🔴 [MKCE_LID_08] Playground Perimeter Rd |   100% | CRITICAL
🟢 [MKCE_LID_09] Canteen Road           |  27.9% | NORMAL
🔴 [MKCE_LID_10] Back Gate Road         |   100% | CRITICAL

⏱ 11:57:42 ────────────────────────────────────────
🟡 [MKCE_LID_01] Main Gate Road         |  50.8% | WARNING
🟡 [MKCE_LID_02] Academic Block Road    |  59.6% | WARNING
🟢 [MKCE_LID_03] Central Avenue         |     0% | NORMAL
🔴 [MKCE_LID_04] Library Road           |   100% | CRITICAL
🔴 [MKCE_LID_05] Workshop Road          |   100% | CRITICAL
🟢 [MKCE_LID_06] Hostel Block Road      |     0% | NORMAL
🟡 [MKCE_LID_07] Hostel Ring Road       |  49.7% | WARNING
🟡 [MKCE_LID_08] Playground Perimeter Rd |    70% | WARNING
🟢 [MKCE_LID_09] Canteen Road           |  28.3% | NORMAL
🔴 [MKCE_LID_10] Back Gate Road         |   100% | CRITICAL

⏱ 11:57:47 ────────────────────────────────────────
🟡 [MKCE_LID_01] Main Gate Road         |  51.7% | WARNING
🟡 [MKCE_LID_02] Academic Block Road    |  62.3% | WARNING
🟢 [MKCE_LID_03] Central Avenue         |     0% | NORMAL
🔴 [MKCE_LID_04] Library Road           |   100% | CRITICAL
🔴 [MKCE_LID_05] Workshop Road          |   100% | CRITICAL
🟢 [MKCE_LID_06] Hostel Block Road      |     0% | NORMAL
🟡 [MKCE_LID_07] Hostel Ring Road       |  52.5% | WARNING
🔴 [MKCE_LID_08] Playground Perimeter Rd |  72.4% | CRITICAL
🟢 [MKCE_LID_09] Canteen Road           |  28.1% | NORMAL
🔴 [MKCE_LID_10] Back Gate Road         |   100% | CRITICAL

⏱ 11:57:51 ────────────────────────────────────────
🟡 [MKCE_LID_01] Main Gate Road         |  52.3% | WARNING
🟡 [MKCE_LID_02] Academic Block Road    |  65.2% | WARNING
🟢 [MKCE_LID_03] Central Avenue         |     0% | NORMAL
🔴 [MKCE_LID_04] Library Road           |   100% | CRITICAL
🔴 [MKCE_LID_05] Workshop Road          |   100% | CRITICAL
🟢 [MKCE_LID_06] Hostel Block Road      |    30% | NORMAL
🟡 [MKCE_LID_07] Hostel Ring Road       |  54.3% | WARNING
🔴 [MKCE_LID_08] Playground Perimeter Rd |  73.9% | CRITICAL
🟢 [MKCE_LID_09] Canteen Road           |  27.2% | NORMAL
🔴 [MKCE_LID_10] Back Gate Road         |   100% | CRITICAL

⏱ 11:57:57 ────────────────────────────────────────
🟡 [MKCE_LID_01] Main Gate Road         |  53.2% | WARNING
🟡 [MKCE_LID_02] Academic Block Road    |  68.6% | WARNING
🟢 [MKCE_LID_03] Central Avenue         |     0% | NORMAL
🔴 [MKCE_LID_04] Library Road           |   100% | CRITICAL
🔴 [MKCE_LID_05] Workshop Road          |   100% | CRITICAL
🟢 [MKCE_LID_06] Hostel Block Road      |  25.5% | NORMAL
🟡 [MKCE_LID_07] Hostel Ring Road       |  57.1% | WARNING
🔴 [MKCE_LID_08] Playground Perimeter Rd |   100% | CRITICAL
🟢 [MKCE_LID_09] Canteen Road           |  26.2% | NORMAL
🔴 [MKCE_LID_10] Back Gate Road         |   100% | CRITICAL

⏱ 11:58:02 ────────────────────────────────────────
🟡 [MKCE_LID_01] Main Gate Road         |  54.9% | WARNING
🔴 [MKCE_LID_02] Academic Block Road    |  71.6% | CRITICAL
🟢 [MKCE_LID_03] Central Avenue         |     0% | NORMAL
🔴 [MKCE_LID_04] Library Road           |   100% | CRITICAL
🔴 [MKCE_LID_05] Workshop Road          |   100% | CRITICAL
🟢 [MKCE_LID_06] Hostel Block Road      |  21.9% | NORMAL
🟡 [MKCE_LID_07] Hostel Ring Road       |  59.3% | WARNING
🔴 [MKCE_LID_08] Playground Perimeter Rd |   100% | CRITICAL
🟢 [MKCE_LID_09] Canteen Road           |  24.7% | NORMAL
🔴 [MKCE_LID_10] Back Gate Road         |   100% | CRITICAL

⏱ 11:58:07 ────────────────────────────────────────
🟡 [MKCE_LID_01] Main Gate Road         |  55.6% | WARNING
🔴 [MKCE_LID_02] Academic Block Road    |  75.1% | CRITICAL
🟢 [MKCE_LID_03] Central Avenue         |     0% | NORMAL
🔴 [MKCE_LID_04] Library Road           |   100% | CRITICAL
🔴 [MKCE_LID_05] Workshop Road          |   100% | CRITICAL
🟢 [MKCE_LID_06] Hostel Block Road      |  18.5% | NORMAL
🟡 [MKCE_LID_07] Hostel Ring Road       |  61.1% | WARNING
🟡 [MKCE_LID_08] Playground Perimeter Rd |    70% | WARNING
🟢 [MKCE_LID_09] Canteen Road           |  23.8% | NORMAL
🔴 [MKCE_LID_10] Back Gate Road         |   100% | CRITICAL

⏱ 11:58:13 ────────────────────────────────────────
🟡 [MKCE_LID_01] Main Gate Road         |  55.9% | WARNING
🔴 [MKCE_LID_02] Academic Block Road    |  79.5% | CRITICAL
🟢 [MKCE_LID_03] Central Avenue         |     0% | NORMAL
🔴 [MKCE_LID_04] Library Road           |   100% | CRITICAL
🔴 [MKCE_LID_05] Workshop Road          |   100% | CRITICAL
🟢 [MKCE_LID_06] Hostel Block Road      |  15.2% | NORMAL
🟡 [MKCE_LID_07] Hostel Ring Road       |  62.4% | WARNING
🔴 [MKCE_LID_08] Playground Perimeter Rd |  70.5% | CRITICAL
🟢 [MKCE_LID_09] Canteen Road           |  23.3% | NORMAL
🔴 [MKCE_LID_10] Back Gate Road         |   100% | CRITICAL

⏱ 11:58:19 ────────────────────────────────────────
🟡 [MKCE_LID_01] Main Gate Road         |  56.1% | WARNING
🔴 [MKCE_LID_02] Academic Block Road    |  84.5% | CRITICAL
🟢 [MKCE_LID_03] Central Avenue         |   0.4% | NORMAL
🔴 [MKCE_LID_04] Library Road           |   100% | CRITICAL
🔴 [MKCE_LID_05] Workshop Road          |   100% | CRITICAL
🟢 [MKCE_LID_06] Hostel Block Road      |  11.5% | NORMAL
🟡 [MKCE_LID_07] Hostel Ring Road       |  63.2% | WARNING
🔴 [MKCE_LID_08] Playground Perimeter Rd |  70.5% | CRITICAL
🟢 [MKCE_LID_09] Canteen Road           |  23.2% | NORMAL
🔴 [MKCE_LID_10] Back Gate Road         |   100% | CRITICAL

⏱ 11:58:26 ────────────────────────────────────────
🟡 [MKCE_LID_01] Main Gate Road         |  57.3% | WARNING
🔴 [MKCE_LID_02] Academic Block Road    |  89.1% | CRITICAL
🟢 [MKCE_LID_03] Central Avenue         |   1.7% | NORMAL
🔴 [MKCE_LID_04] Library Road           |   100% | CRITICAL
🔴 [MKCE_LID_05] Workshop Road          |   100% | CRITICAL
🟢 [MKCE_LID_06] Hostel Block Road      |   7.8% | NORMAL
🟡 [MKCE_LID_07] Hostel Ring Road       |  64.2% | WARNING
🟡 [MKCE_LID_08] Playground Perimeter Rd |  69.7% | WARNING
🟢 [MKCE_LID_09] Canteen Road           |  23.8% | NORMAL
🔴 [MKCE_LID_10] Back Gate Road         |   100% | CRITICAL

⏱ 11:58:32 ────────────────────────────────────────
🟡 [MKCE_LID_01] Main Gate Road         |  58.4% | WARNING
🔴 [MKCE_LID_02] Academic Block Road    |  94.1% | CRITICAL
🟢 [MKCE_LID_03] Central Avenue         |   3.8% | NORMAL
🔴 [MKCE_LID_04] Library Road           |   100% | CRITICAL
🔴 [MKCE_LID_05] Workshop Road          |   100% | CRITICAL
🟢 [MKCE_LID_06] Hostel Block Road      |   3.7% | NORMAL
🟡 [MKCE_LID_07] Hostel Ring Road       |  65.5% | WARNING
🟡 [MKCE_LID_08] Playground Perimeter Rd |  69.8% | WARNING
🟢 [MKCE_LID_09] Canteen Road           |  23.4% | NORMAL
🔴 [MKCE_LID_10] Back Gate Road         |   100% | CRITICAL

⏱ 11:58:39 ────────────────────────────────────────
🟡 [MKCE_LID_01] Main Gate Road         |  59.0% | WARNING
🔴 [MKCE_LID_02] Academic Block Road    |  99.1% | CRITICAL
🟢 [MKCE_LID_03] Central Avenue         |   6.3% | NORMAL
🔴 [MKCE_LID_04] Library Road           |   100% | CRITICAL
🔴 [MKCE_LID_05] Workshop Road          |   100% | CRITICAL
🟢 [MKCE_LID_06] Hostel Block Road      |     0% | NORMAL
🟡 [MKCE_LID_07] Hostel Ring Road       |  66.5% | WARNING
🔴 [MKCE_LID_08] Playground Perimeter Rd |  70.2% | CRITICAL
🟢 [MKCE_LID_09] Canteen Road           |  23.5% | NORMAL
🔴 [MKCE_LID_10] Back Gate Road         |   100% | CRITICAL

⏱ 11:58:44 ────────────────────────────────────────
🟡 [MKCE_LID_01] Main Gate Road         |  59.7% | WARNING
🔴 [MKCE_LID_02] Academic Block Road    |   100% | CRITICAL
🟢 [MKCE_LID_03] Central Avenue         |   8.6% | NORMAL
🔴 [MKCE_LID_04] Library Road           |   100% | CRITICAL
🔴 [MKCE_LID_05] Workshop Road          |   100% | CRITICAL
🟢 [MKCE_LID_06] Hostel Block Road      |     0% | NORMAL
🟡 [MKCE_LID_07] Hostel Ring Road       |  68.4% | WARNING
🔴 [MKCE_LID_08] Playground Perimeter Rd |  71.5% | CRITICAL
🟢 [MKCE_LID_09] Canteen Road           |  23.6% | NORMAL
🔴 [MKCE_LID_10] Back Gate Road         |   100% | CRITICAL

⏱ 11:58:51 ────────────────────────────────────────
🟡 [MKCE_LID_01] Main Gate Road         |  60.3% | WARNING
🔴 [MKCE_LID_02] Academic Block Road    |   100% | CRITICAL
🟢 [MKCE_LID_03] Central Avenue         |  10.1% | NORMAL
🔴 [MKCE_LID_04] Library Road           |   100% | CRITICAL
🔴 [MKCE_LID_05] Workshop Road          |   100% | CRITICAL
🟢 [MKCE_LID_06] Hostel Block Road      |    30% | NORMAL
🔴 [MKCE_LID_07] Hostel Ring Road       |  71.0% | CRITICAL
🔴 [MKCE_LID_08] Playground Perimeter Rd |  73.6% | CRITICAL
🟢 [MKCE_LID_09] Canteen Road           |  24.4% | NORMAL
🔴 [MKCE_LID_10] Back Gate Road         |   100% | CRITICAL

⏱ 11:58:57 ────────────────────────────────────────
🟡 [MKCE_LID_01] Main Gate Road         |  60.2% | WARNING
🔴 [MKCE_LID_02] Academic Block Road    |   100% | CRITICAL
🟢 [MKCE_LID_03] Central Avenue         |  11.7% | NORMAL
🔴 [MKCE_LID_04] Library Road           |   100% | CRITICAL
🔴 [MKCE_LID_05] Workshop Road          |   100% | CRITICAL
🟢 [MKCE_LID_06] Hostel Block Road      |    25% | NORMAL
🔴 [MKCE_LID_07] Hostel Ring Road       |  72.7% | CRITICAL
🔴 [MKCE_LID_08] Playground Perimeter Rd |  75.9% | CRITICAL
🟢 [MKCE_LID_09] Canteen Road           |  24.8% | NORMAL
🔴 [MKCE_LID_10] Back Gate Road         |   100% | CRITICAL

⏱ 11:59:02 ────────────────────────────────────────
🟡 [MKCE_LID_01] Main Gate Road         |  61.0% | WARNING
🔴 [MKCE_LID_02] Academic Block Road    |   100% | CRITICAL
🟢 [MKCE_LID_03] Central Avenue         |  13.5% | NORMAL
🔴 [MKCE_LID_04] Library Road           |   100% | CRITICAL
🔴 [MKCE_LID_05] Workshop Road          |   100% | CRITICAL
🟢 [MKCE_LID_06] Hostel Block Road      |    20% | NORMAL
🔴 [MKCE_LID_07] Hostel Ring Road       |  75.2% | CRITICAL
🔴 [MKCE_LID_08] Playground Perimeter Rd |  78.9% | CRITICAL
🟢 [MKCE_LID_09] Canteen Road           |  26.0% | NORMAL
🔴 [MKCE_LID_10] Back Gate Road         |   100% | CRITICAL

⏱ 11:59:08 ────────────────────────────────────────
🟡 [MKCE_LID_01] Main Gate Road         |  62.0% | WARNING
🔴 [MKCE_LID_02] Academic Block Road    |   100% | CRITICAL
🟢 [MKCE_LID_03] Central Avenue         |  15.7% | NORMAL
🔴 [MKCE_LID_04] Library Road           |   100% | CRITICAL
🔴 [MKCE_LID_05] Workshop Road          |   100% | CRITICAL
🟢 [MKCE_LID_06] Hostel Block Road      |     0% | NORMAL
🔴 [MKCE_LID_07] Hostel Ring Road       |  77.7% | CRITICAL
🔴 [MKCE_LID_08] Playground Perimeter Rd |  82.2% | CRITICAL
🟢 [MKCE_LID_09] Canteen Road           |     0% | NORMAL
🔴 [MKCE_LID_10] Back Gate Road         |   100% | CRITICAL

⏱ 11:59:14 ────────────────────────────────────────
🔴 [MKCE_LID_01] Main Gate Road         |  93.8% | CRITICAL
🔴 [MKCE_LID_02] Academic Block Road    |   100% | CRITICAL
🟢 [MKCE_LID_03] Central Avenue         |  18.3% | NORMAL
🔴 [MKCE_LID_04] Library Road           |   100% | CRITICAL
🔴 [MKCE_LID_05] Workshop Road          |   100% | CRITICAL
🟢 [MKCE_LID_06] Hostel Block Road      |    30% | NORMAL
🔴 [MKCE_LID_07] Hostel Ring Road       |  80.6% | CRITICAL
🔴 [MKCE_LID_08] Playground Perimeter Rd |  86.1% | CRITICAL
🟢 [MKCE_LID_09] Canteen Road           |   1.6% | NORMAL
🔴 [MKCE_LID_10] Back Gate Road         |   100% | CRITICAL

⏱ 11:59:21 ────────────────────────────────────────
🔴 [MKCE_LID_01] Main Gate Road         |  95.3% | CRITICAL
🔴 [MKCE_LID_02] Academic Block Road    |   100% | CRITICAL
🟢 [MKCE_LID_03] Central Avenue         |  21.6% | NORMAL
🔴 [MKCE_LID_04] Library Road           |   100% | CRITICAL
🔴 [MKCE_LID_05] Workshop Road          |   100% | CRITICAL
🟢 [MKCE_LID_06] Hostel Block Road      |  25.0% | NORMAL
🔴 [MKCE_LID_07] Hostel Ring Road       |   100% | CRITICAL
🔴 [MKCE_LID_08] Playground Perimeter Rd |  89.3% | CRITICAL
🟢 [MKCE_LID_09] Canteen Road           |   2.6% | NORMAL
🔴 [MKCE_LID_10] Back Gate Road         |   100% | CRITICAL

⏱ 11:59:27 ────────────────────────────────────────
🔴 [MKCE_LID_01] Main Gate Road         |  96.1% | CRITICAL
🔴 [MKCE_LID_02] Academic Block Road    |   100% | CRITICAL
🟢 [MKCE_LID_03] Central Avenue         |  25.5% | NORMAL
🔴 [MKCE_LID_04] Library Road           |   100% | CRITICAL
🔴 [MKCE_LID_05] Workshop Road          |   100% | CRITICAL
🟢 [MKCE_LID_06] Hostel Block Road      |  20.0% | NORMAL
🔴 [MKCE_LID_07] Hostel Ring Road       |   100% | CRITICAL
🔴 [MKCE_LID_08] Playground Perimeter Rd |  91.9% | CRITICAL
🟢 [MKCE_LID_09] Canteen Road           |   4.0% | NORMAL
🔴 [MKCE_LID_10] Back Gate Road         |   100% | CRITICAL

⏱ 11:59:36 ────────────────────────────────────────
🔴 [MKCE_LID_01] Main Gate Road         |  97.3% | CRITICAL
🔴 [MKCE_LID_02] Academic Block Road    |   100% | CRITICAL
🟢 [MKCE_LID_03] Central Avenue         |  30.2% | NORMAL
🔴 [MKCE_LID_04] Library Road           |   100% | CRITICAL
🔴 [MKCE_LID_05] Workshop Road          |   100% | CRITICAL
🟢 [MKCE_LID_06] Hostel Block Road      |  15.0% | NORMAL
🔴 [MKCE_LID_07] Hostel Ring Road       |   100% | CRITICAL
🔴 [MKCE_LID_08] Playground Perimeter Rd |  95.0% | CRITICAL
🟢 [MKCE_LID_09] Canteen Road           |   5.0% | NORMAL
🔴 [MKCE_LID_10] Back Gate Road         |   100% | CRITICAL

⏱ 11:59:42 ────────────────────────────────────────
🔴 [MKCE_LID_01] Main Gate Road         |  97.6% | CRITICAL
🟡 [MKCE_LID_02] Academic Block Road    |    70% | WARNING
🟢 [MKCE_LID_03] Central Avenue         |  34.5% | NORMAL
🔴 [MKCE_LID_04] Library Road           |   100% | CRITICAL
🔴 [MKCE_LID_05] Workshop Road          |   100% | CRITICAL
🟢 [MKCE_LID_06] Hostel Block Road      |  10.6% | NORMAL
🟡 [MKCE_LID_07] Hostel Ring Road       |    70% | WARNING
🔴 [MKCE_LID_08] Playground Perimeter Rd |  99.1% | CRITICAL
🟢 [MKCE_LID_09] Canteen Road           |   6.3% | NORMAL
🔴 [MKCE_LID_10] Back Gate Road         |   100% | CRITICAL

⏱ 11:59:48 ────────────────────────────────────────
🔴 [MKCE_LID_01] Main Gate Road         |  98.9% | CRITICAL
🟡 [MKCE_LID_02] Academic Block Road    |  44.6% | WARNING
🟢 [MKCE_LID_03] Central Avenue         |  38.5% | NORMAL
🔴 [MKCE_LID_04] Library Road           |   100% | CRITICAL
🔴 [MKCE_LID_05] Workshop Road          |   100% | CRITICAL
🟢 [MKCE_LID_06] Hostel Block Road      |   6.6% | NORMAL
🔴 [MKCE_LID_07] Hostel Ring Road       |  70.7% | CRITICAL
🔴 [MKCE_LID_08] Playground Perimeter Rd |   100% | CRITICAL
🟢 [MKCE_LID_09] Canteen Road           |   6.7% | NORMAL
🔴 [MKCE_LID_10] Back Gate Road         |   100% | CRITICAL

⏱ 11:59:53 ────────────────────────────────────────
🔴 [MKCE_LID_01] Main Gate Road         |   100% | CRITICAL
🟡 [MKCE_LID_02] Academic Block Road    |  49.6% | WARNING
🟡 [MKCE_LID_03] Central Avenue         |  43.0% | WARNING
🔴 [MKCE_LID_04] Library Road           |   100% | CRITICAL
🔴 [MKCE_LID_05] Workshop Road          |   100% | CRITICAL
🟢 [MKCE_LID_06] Hostel Block Road      |   2.4% | NORMAL
🔴 [MKCE_LID_07] Hostel Ring Road       |  71.4% | CRITICAL
🔴 [MKCE_LID_08] Playground Perimeter Rd |   100% | CRITICAL
🟢 [MKCE_LID_09] Canteen Road           |   7.0% | NORMAL
🔴 [MKCE_LID_10] Back Gate Road         |   100% | CRITICAL

⏱ 11:59:59 ────────────────────────────────────────
🔴 [MKCE_LID_01] Main Gate Road         |   100% | CRITICAL
🟢 [MKCE_LID_02] Academic Block Road    |  23.9% | NORMAL
🟡 [MKCE_LID_03] Central Avenue         |  48.0% | WARNING
🔴 [MKCE_LID_04] Library Road           |   100% | CRITICAL
🔴 [MKCE_LID_05] Workshop Road          |   100% | CRITICAL
🟢 [MKCE_LID_06] Hostel Block Road      |     0% | NORMAL
🔴 [MKCE_LID_07] Hostel Ring Road       |  71.6% | CRITICAL
🔴 [MKCE_LID_08] Playground Perimeter Rd |   100% | CRITICAL
🟢 [MKCE_LID_09] Canteen Road           |   6.8% | NORMAL
🔴 [MKCE_LID_10] Back Gate Road         |   100% | CRITICAL

⏱ 12:00:06 ────────────────────────────────────────
🔴 [MKCE_LID_01] Main Gate Road         |   100% | CRITICAL
🟢 [MKCE_LID_02] Academic Block Road    |  27.5% | NORMAL
🟡 [MKCE_LID_03] Central Avenue         |  53.0% | WARNING
🔴 [MKCE_LID_04] Library Road           |   100% | CRITICAL
🔴 [MKCE_LID_05] Workshop Road          |   100% | CRITICAL
🟢 [MKCE_LID_06] Hostel Block Road      |     0% | NORMAL
🔴 [MKCE_LID_07] Hostel Ring Road       |  71.2% | CRITICAL
🔴 [MKCE_LID_08] Playground Perimeter Rd |   100% | CRITICAL
🟢 [MKCE_LID_09] Canteen Road           |   7.0% | NORMAL
🔴 [MKCE_LID_10] Back Gate Road         |   100% | CRITICAL

⏱ 12:00:12 ────────────────────────────────────────
🔴 [MKCE_LID_01] Main Gate Road         |   100% | CRITICAL
🟢 [MKCE_LID_02] Academic Block Road    |  31.4% | NORMAL
🔴 [MKCE_LID_03] Central Avenue         |  87.7% | CRITICAL
🔴 [MKCE_LID_04] Library Road           |   100% | CRITICAL
🔴 [MKCE_LID_05] Workshop Road          |   100% | CRITICAL
🟢 [MKCE_LID_06] Hostel Block Road      |     0% | NORMAL
🔴 [MKCE_LID_07] Hostel Ring Road       |  71.8% | CRITICAL
🔴 [MKCE_LID_08] Playground Perimeter Rd |   100% | CRITICAL
🟢 [MKCE_LID_09] Canteen Road           |   6.8% | NORMAL
🔴 [MKCE_LID_10] Back Gate Road         |   100% | CRITICAL

⏱ 12:00:17 ────────────────────────────────────────
🔴 [MKCE_LID_01] Main Gate Road         |   100% | CRITICAL
🟢 [MKCE_LID_02] Academic Block Road    |  34.4% | NORMAL
🔴 [MKCE_LID_03] Central Avenue         |  92.7% | CRITICAL
🔴 [MKCE_LID_04] Library Road           |   100% | CRITICAL
🔴 [MKCE_LID_05] Workshop Road          |   100% | CRITICAL
🟢 [MKCE_LID_06] Hostel Block Road      |     0% | NORMAL
🔴 [MKCE_LID_07] Hostel Ring Road       |  73.2% | CRITICAL
🔴 [MKCE_LID_08] Playground Perimeter Rd |   100% | CRITICAL
🟢 [MKCE_LID_09] Canteen Road           |   6.1% | NORMAL
🔴 [MKCE_LID_10] Back Gate Road         |   100% | CRITICAL

⏱ 12:00:24 ────────────────────────────────────────
🔴 [MKCE_LID_01] Main Gate Road         |   100% | CRITICAL
🟢 [MKCE_LID_02] Academic Block Road    |  38.0% | NORMAL
🔴 [MKCE_LID_03] Central Avenue         |  97.6% | CRITICAL
🔴 [MKCE_LID_04] Library Road           |   100% | CRITICAL
🔴 [MKCE_LID_05] Workshop Road          |   100% | CRITICAL
🟢 [MKCE_LID_06] Hostel Block Road      |     0% | NORMAL
🔴 [MKCE_LID_07] Hostel Ring Road       |  75.0% | CRITICAL
🔴 [MKCE_LID_08] Playground Perimeter Rd |   100% | CRITICAL
🟢 [MKCE_LID_09] Canteen Road           |   5.5% | NORMAL
🔴 [MKCE_LID_10] Back Gate Road         |   100% | CRITICAL

⏱ 12:00:30 ────────────────────────────────────────
🔴 [MKCE_LID_01] Main Gate Road         |   100% | CRITICAL
🟡 [MKCE_LID_02] Academic Block Road    |  40.9% | WARNING
🔴 [MKCE_LID_03] Central Avenue         |   100% | CRITICAL
🔴 [MKCE_LID_04] Library Road           |   100% | CRITICAL
🔴 [MKCE_LID_05] Workshop Road          |   100% | CRITICAL
🟢 [MKCE_LID_06] Hostel Block Road      |    30% | NORMAL
🔴 [MKCE_LID_07] Hostel Ring Road       |  76.8% | CRITICAL
🔴 [MKCE_LID_08] Playground Perimeter Rd |   100% | CRITICAL
🟢 [MKCE_LID_09] Canteen Road           |   4.3% | NORMAL
🔴 [MKCE_LID_10] Back Gate Road         |   100% | CRITICAL

⏱ 12:00:36 ────────────────────────────────────────
🔴 [MKCE_LID_01] Main Gate Road         |   100% | CRITICAL
🟡 [MKCE_LID_02] Academic Block Road    |  43.6% | WARNING
🔴 [MKCE_LID_03] Central Avenue         |   100% | CRITICAL
🔴 [MKCE_LID_04] Library Road           |   100% | CRITICAL
🔴 [MKCE_LID_05] Workshop Road          |   100% | CRITICAL
🟢 [MKCE_LID_06] Hostel Block Road      |  28.2% | NORMAL
🔴 [MKCE_LID_07] Hostel Ring Road       |  77.8% | CRITICAL
🔴 [MKCE_LID_08] Playground Perimeter Rd |   100% | CRITICAL
🟢 [MKCE_LID_09] Canteen Road           |   2.2% | NORMAL
🔴 [MKCE_LID_10] Back Gate Road         |   100% | CRITICAL

⏱ 12:00:42 ────────────────────────────────────────
🔴 [MKCE_LID_01] Main Gate Road         |   100% | CRITICAL
🟡 [MKCE_LID_02] Academic Block Road    |  47.3% | WARNING
🔴 [MKCE_LID_03] Central Avenue         |   100% | CRITICAL
🔴 [MKCE_LID_04] Library Road           |   100% | CRITICAL
🔴 [MKCE_LID_05] Workshop Road          |   100% | CRITICAL
🟢 [MKCE_LID_06] Hostel Block Road      |  27.2% | NORMAL
🔴 [MKCE_LID_07] Hostel Ring Road       |  79.8% | CRITICAL
🔴 [MKCE_LID_08] Playground Perimeter Rd |   100% | CRITICAL
🟢 [MKCE_LID_09] Canteen Road           |   0.8% | NORMAL
🔴 [MKCE_LID_10] Back Gate Road         |   100% | CRITICAL

⏱ 12:00:49 ────────────────────────────────────────
🔴 [MKCE_LID_01] Main Gate Road         |   100% | CRITICAL
🟡 [MKCE_LID_02] Academic Block Road    |  51.2% | WARNING
🔴 [MKCE_LID_03] Central Avenue         |   100% | CRITICAL
🔴 [MKCE_LID_04] Library Road           |   100% | CRITICAL
🔴 [MKCE_LID_05] Workshop Road          |   100% | CRITICAL
🟢 [MKCE_LID_06] Hostel Block Road      |  25.5% | NORMAL
🔴 [MKCE_LID_07] Hostel Ring Road       |  81.6% | CRITICAL
🔴 [MKCE_LID_08] Playground Perimeter Rd |   100% | CRITICAL
🟢 [MKCE_LID_09] Canteen Road           |     0% | NORMAL
🔴 [MKCE_LID_10] Back Gate Road         |   100% | CRITICAL

⏱ 12:00:57 ────────────────────────────────────────
🔴 [MKCE_LID_01] Main Gate Road         |   100% | CRITICAL
🟡 [MKCE_LID_02] Academic Block Road    |  54.7% | WARNING
🔴 [MKCE_LID_03] Central Avenue         |   100% | CRITICAL
🔴 [MKCE_LID_04] Library Road           |   100% | CRITICAL
🔴 [MKCE_LID_05] Workshop Road          |   100% | CRITICAL
🟢 [MKCE_LID_06] Hostel Block Road      |  23.6% | NORMAL
🔴 [MKCE_LID_07] Hostel Ring Road       |  83.7% | CRITICAL
🔴 [MKCE_LID_08] Playground Perimeter Rd |   100% | CRITICAL
🟢 [MKCE_LID_09] Canteen Road           |     0% | NORMAL
🔴 [MKCE_LID_10] Back Gate Road         |   100% | CRITICAL

⏱ 12:01:07 ────────────────────────────────────────
🔴 [MKCE_LID_01] Main Gate Road         |   100% | CRITICAL
🟡 [MKCE_LID_02] Academic Block Road    |  58.5% | WARNING
🔴 [MKCE_LID_03] Central Avenue         |   100% | CRITICAL
🔴 [MKCE_LID_04] Library Road           |   100% | CRITICAL
🔴 [MKCE_LID_05] Workshop Road          |   100% | CRITICAL
🟢 [MKCE_LID_06] Hostel Block Road      |  22.0% | NORMAL
🔴 [MKCE_LID_07] Hostel Ring Road       |  86.0% | CRITICAL
🔴 [MKCE_LID_08] Playground Perimeter Rd |   100% | CRITICAL
🟢 [MKCE_LID_09] Canteen Road           |     0% | NORMAL
🔴 [MKCE_LID_10] Back Gate Road         |   100% | CRITICAL

⏱ 12:01:16 ────────────────────────────────────────
🔴 [MKCE_LID_01] Main Gate Road         |   100% | CRITICAL
🟡 [MKCE_LID_02] Academic Block Road    |  61.5% | WARNING
🔴 [MKCE_LID_03] Central Avenue         |   100% | CRITICAL
🔴 [MKCE_LID_04] Library Road           |   100% | CRITICAL
🔴 [MKCE_LID_05] Workshop Road          |   100% | CRITICAL
🟢 [MKCE_LID_06] Hostel Block Road      |  19.8% | NORMAL
🔴 [MKCE_LID_07] Hostel Ring Road       |  88.0% | CRITICAL
🔴 [MKCE_LID_08] Playground Perimeter Rd |   100% | CRITICAL
🟢 [MKCE_LID_09] Canteen Road           |     0% | NORMAL
🔴 [MKCE_LID_10] Back Gate Road         |   100% | CRITICAL

⏱ 12:01:24 ────────────────────────────────────────
🔴 [MKCE_LID_01] Main Gate Road         |   100% | CRITICAL
🟡 [MKCE_LID_02] Academic Block Road    |  63.9% | WARNING
🔴 [MKCE_LID_03] Central Avenue         |   100% | CRITICAL
🔴 [MKCE_LID_04] Library Road           |   100% | CRITICAL
🔴 [MKCE_LID_05] Workshop Road          |  99.5% | CRITICAL
🟢 [MKCE_LID_06] Hostel Block Road      |  17.5% | NORMAL
🔴 [MKCE_LID_07] Hostel Ring Road       |  90.3% | CRITICAL
🔴 [MKCE_LID_08] Playground Perimeter Rd |   100% | CRITICAL
🟢 [MKCE_LID_09] Canteen Road           |     0% | NORMAL
🔴 [MKCE_LID_10] Back Gate Road         |   100% | CRITICAL

⏱ 12:01:30 ────────────────────────────────────────
🔴 [MKCE_LID_01] Main Gate Road         |   100% | CRITICAL
🟢 [MKCE_LID_02] Academic Block Road    |  36.4% | NORMAL
🔴 [MKCE_LID_03] Central Avenue         |   100% | CRITICAL
🔴 [MKCE_LID_04] Library Road           |   100% | CRITICAL
🔴 [MKCE_LID_05] Workshop Road          |  98.4% | CRITICAL
🟢 [MKCE_LID_06] Hostel Block Road      |  15.5% | NORMAL
🔴 [MKCE_LID_07] Hostel Ring Road       |  93.0% | CRITICAL
🔴 [MKCE_LID_08] Playground Perimeter Rd |   100% | CRITICAL
🟢 [MKCE_LID_09] Canteen Road           |     0% | NORMAL
🔴 [MKCE_LID_10] Back Gate Road         |   100% | CRITICAL

⏱ 12:01:36 ────────────────────────────────────────
🔴 [MKCE_LID_01] Main Gate Road         |   100% | CRITICAL
🟢 [MKCE_LID_02] Academic Block Road    |  39.3% | NORMAL
🔴 [MKCE_LID_03] Central Avenue         |   100% | CRITICAL
🔴 [MKCE_LID_04] Library Road           |   100% | CRITICAL
🔴 [MKCE_LID_05] Workshop Road          |  98.0% | CRITICAL
🟢 [MKCE_LID_06] Hostel Block Road      |  12.5% | NORMAL
🔴 [MKCE_LID_07] Hostel Ring Road       |  96.0% | CRITICAL
🔴 [MKCE_LID_08] Playground Perimeter Rd |   100% | CRITICAL
🟢 [MKCE_LID_09] Canteen Road           |     0% | NORMAL
🔴 [MKCE_LID_10] Back Gate Road         |   100% | CRITICAL

⏱ 12:01:42 ────────────────────────────────────────
🔴 [MKCE_LID_01] Main Gate Road         |   100% | CRITICAL
🟡 [MKCE_LID_02] Academic Block Road    |  42.9% | WARNING
🔴 [MKCE_LID_03] Central Avenue         |   100% | CRITICAL
🔴 [MKCE_LID_04] Library Road           |   100% | CRITICAL
🔴 [MKCE_LID_05] Workshop Road          |  97.8% | CRITICAL
🟢 [MKCE_LID_06] Hostel Block Road      |   9.5% | NORMAL
🔴 [MKCE_LID_07] Hostel Ring Road       |  99.9% | CRITICAL
🔴 [MKCE_LID_08] Playground Perimeter Rd |   100% | CRITICAL
🟢 [MKCE_LID_09] Canteen Road           |     0% | NORMAL
🔴 [MKCE_LID_10] Back Gate Road         |   100% | CRITICAL

⏱ 12:01:48 ────────────────────────────────────────
🔴 [MKCE_LID_01] Main Gate Road         |   100% | CRITICAL
🟡 [MKCE_LID_02] Academic Block Road    |  45.6% | WARNING
🔴 [MKCE_LID_03] Central Avenue         |   100% | CRITICAL
🔴 [MKCE_LID_04] Library Road           |   100% | CRITICAL
🔴 [MKCE_LID_05] Workshop Road          |  97.3% | CRITICAL
🟢 [MKCE_LID_06] Hostel Block Road      |   6.6% | NORMAL
🔴 [MKCE_LID_07] Hostel Ring Road       |   100% | CRITICAL
🔴 [MKCE_LID_08] Playground Perimeter Rd |   100% | CRITICAL
🟢 [MKCE_LID_09] Canteen Road           |     0% | NORMAL
🔴 [MKCE_LID_10] Back Gate Road         |   100% | CRITICAL

⏱ 12:01:54 ────────────────────────────────────────
🔴 [MKCE_LID_01] Main Gate Road         |   100% | CRITICAL
🟡 [MKCE_LID_02] Academic Block Road    |  49.2% | WARNING
🔴 [MKCE_LID_03] Central Avenue         |   100% | CRITICAL
🔴 [MKCE_LID_04] Library Road           |   100% | CRITICAL
🔴 [MKCE_LID_05] Workshop Road          |  96.7% | CRITICAL
🟢 [MKCE_LID_06] Hostel Block Road      |   3.0% | NORMAL
🔴 [MKCE_LID_07] Hostel Ring Road       |   100% | CRITICAL
🔴 [MKCE_LID_08] Playground Perimeter Rd |   100% | CRITICAL
🟢 [MKCE_LID_09] Canteen Road           |     0% | NORMAL
🔴 [MKCE_LID_10] Back Gate Road         |   100% | CRITICAL

⏱ 12:02:01 ────────────────────────────────────────
🔴 [MKCE_LID_01] Main Gate Road         |   100% | CRITICAL
🟡 [MKCE_LID_02] Academic Block Road    |  52.1% | WARNING
🔴 [MKCE_LID_03] Central Avenue         |   100% | CRITICAL
🔴 [MKCE_LID_04] Library Road           |   100% | CRITICAL
🔴 [MKCE_LID_05] Workshop Road          |  96.8% | CRITICAL
🟢 [MKCE_LID_06] Hostel Block Road      |     0% | NORMAL
🔴 [MKCE_LID_07] Hostel Ring Road       |   100% | CRITICAL
🔴 [MKCE_LID_08] Playground Perimeter Rd |   100% | CRITICAL
🟢 [MKCE_LID_09] Canteen Road           |     0% | NORMAL
🔴 [MKCE_LID_10] Back Gate Road         |   100% | CRITICAL

⏱ 12:02:07 ────────────────────────────────────────
🔴 [MKCE_LID_01] Main Gate Road         |   100% | CRITICAL
🟡 [MKCE_LID_02] Academic Block Road    |  55.4% | WARNING
🔴 [MKCE_LID_03] Central Avenue         |   100% | CRITICAL
🔴 [MKCE_LID_04] Library Road           |   100% | CRITICAL
🔴 [MKCE_LID_05] Workshop Road          |  97.1% | CRITICAL
🟢 [MKCE_LID_06] Hostel Block Road      |     0% | NORMAL
🔴 [MKCE_LID_07] Hostel Ring Road       |   100% | CRITICAL
🔴 [MKCE_LID_08] Playground Perimeter Rd |   100% | CRITICAL
🟢 [MKCE_LID_09] Canteen Road           |     0% | NORMAL
🔴 [MKCE_LID_10] Back Gate Road         |   100% | CRITICAL

⏱ 12:02:13 ────────────────────────────────────────
🔴 [MKCE_LID_01] Main Gate Road         |   100% | CRITICAL
🟡 [MKCE_LID_02] Academic Block Road    |  58.0% | WARNING
🔴 [MKCE_LID_03] Central Avenue         |   100% | CRITICAL
🔴 [MKCE_LID_04] Library Road           |   100% | CRITICAL
🔴 [MKCE_LID_05] Workshop Road          |  97.7% | CRITICAL
🟢 [MKCE_LID_06] Hostel Block Road      |     0% | NORMAL
🔴 [MKCE_LID_07] Hostel Ring Road       |   100% | CRITICAL
🔴 [MKCE_LID_08] Playground Perimeter Rd |   100% | CRITICAL
🟢 [MKCE_LID_09] Canteen Road           |   0.0% | NORMAL
🔴 [MKCE_LID_10] Back Gate Road         |   100% | CRITICAL

⏱ 12:02:19 ────────────────────────────────────────
🔴 [MKCE_LID_01] Main Gate Road         |   100% | CRITICAL
🟡 [MKCE_LID_02] Academic Block Road    |  61.3% | WARNING
🔴 [MKCE_LID_03] Central Avenue         |   100% | CRITICAL
🔴 [MKCE_LID_04] Library Road           |   100% | CRITICAL
🔴 [MKCE_LID_05] Workshop Road          |  98.6% | CRITICAL
🟢 [MKCE_LID_06] Hostel Block Road      |     0% | NORMAL
🔴 [MKCE_LID_07] Hostel Ring Road       |   100% | CRITICAL
🔴 [MKCE_LID_08] Playground Perimeter Rd |   100% | CRITICAL
🟢 [MKCE_LID_09] Canteen Road           |   0.4% | NORMAL
🔴 [MKCE_LID_10] Back Gate Road         |   100% | CRITICAL

⏱ 12:02:26 ────────────────────────────────────────
🔴 [MKCE_LID_01] Main Gate Road         |   100% | CRITICAL
🟡 [MKCE_LID_02] Academic Block Road    |  65.5% | WARNING
🔴 [MKCE_LID_03] Central Avenue         |   100% | CRITICAL
🔴 [MKCE_LID_04] Library Road           |   100% | CRITICAL
🔴 [MKCE_LID_05] Workshop Road          |   100% | CRITICAL
🟢 [MKCE_LID_06] Hostel Block Road      |     0% | NORMAL
🔴 [MKCE_LID_07] Hostel Ring Road       |   100% | CRITICAL
🔴 [MKCE_LID_08] Playground Perimeter Rd |   100% | CRITICAL
🟢 [MKCE_LID_09] Canteen Road           |   0.2% | NORMAL
🔴 [MKCE_LID_10] Back Gate Road         |   100% | CRITICAL

⏱ 12:02:32 ────────────────────────────────────────
🔴 [MKCE_LID_01] Main Gate Road         |   100% | CRITICAL
🔴 [MKCE_LID_02] Academic Block Road    |  70.3% | CRITICAL
🔴 [MKCE_LID_03] Central Avenue         |   100% | CRITICAL
🔴 [MKCE_LID_04] Library Road           |   100% | CRITICAL
🔴 [MKCE_LID_05] Workshop Road          |   100% | CRITICAL
🟢 [MKCE_LID_06] Hostel Block Road      |     0% | NORMAL
🔴 [MKCE_LID_07] Hostel Ring Road       |   100% | CRITICAL
🔴 [MKCE_LID_08] Playground Perimeter Rd |  99.6% | CRITICAL
🟢 [MKCE_LID_09] Canteen Road           |   0.3% | NORMAL
🔴 [MKCE_LID_10] Back Gate Road         |   100% | CRITICAL

⏱ 12:02:39 ────────────────────────────────────────
🔴 [MKCE_LID_01] Main Gate Road         |   100% | CRITICAL
🔴 [MKCE_LID_02] Academic Block Road    |  75.0% | CRITICAL
🔴 [MKCE_LID_03] Central Avenue         |   100% | CRITICAL
🔴 [MKCE_LID_04] Library Road           |   100% | CRITICAL
🔴 [MKCE_LID_05] Workshop Road          |   100% | CRITICAL
🟢 [MKCE_LID_06] Hostel Block Road      |     0% | NORMAL
🔴 [MKCE_LID_07] Hostel Ring Road       |   100% | CRITICAL
🔴 [MKCE_LID_08] Playground Perimeter Rd |  98.9% | CRITICAL
🟢 [MKCE_LID_09] Canteen Road           |     0% | NORMAL
🔴 [MKCE_LID_10] Back Gate Road         |   100% | CRITICAL

⏱ 12:02:47 ────────────────────────────────────────
🔴 [MKCE_LID_01] Main Gate Road         |   100% | CRITICAL
🔴 [MKCE_LID_02] Academic Block Road    |  80.0% | CRITICAL
🔴 [MKCE_LID_03] Central Avenue         |   100% | CRITICAL
🔴 [MKCE_LID_04] Library Road           |   100% | CRITICAL
🔴 [MKCE_LID_05] Workshop Road          |   100% | CRITICAL
🟢 [MKCE_LID_06] Hostel Block Road      |     0% | NORMAL
🔴 [MKCE_LID_07] Hostel Ring Road       |   100% | CRITICAL
🔴 [MKCE_LID_08] Playground Perimeter Rd |  97.9% | CRITICAL
🟢 [MKCE_LID_09] Canteen Road           |     0% | NORMAL
🔴 [MKCE_LID_10] Back Gate Road         |   100% | CRITICAL

⏱ 12:02:53 ────────────────────────────────────────
🔴 [MKCE_LID_01] Main Gate Road         |   100% | CRITICAL
🔴 [MKCE_LID_02] Academic Block Road    |  84.2% | CRITICAL
🔴 [MKCE_LID_03] Central Avenue         |   100% | CRITICAL
🔴 [MKCE_LID_04] Library Road           |   100% | CRITICAL
🔴 [MKCE_LID_05] Workshop Road          |   100% | CRITICAL
🟢 [MKCE_LID_06] Hostel Block Road      |     0% | NORMAL
🔴 [MKCE_LID_07] Hostel Ring Road       |   100% | CRITICAL
🔴 [MKCE_LID_08] Playground Perimeter Rd |  96.7% | CRITICAL
🟢 [MKCE_LID_09] Canteen Road           |   0.6% | NORMAL
🔴 [MKCE_LID_10] Back Gate Road         |  99.8% | CRITICAL

⏱ 12:03:00 ────────────────────────────────────────
🔴 [MKCE_LID_01] Main Gate Road         |   100% | CRITICAL
🔴 [MKCE_LID_02] Academic Block Road    |  89.2% | CRITICAL
🔴 [MKCE_LID_03] Central Avenue         |   100% | CRITICAL
🔴 [MKCE_LID_04] Library Road           |   100% | CRITICAL
🟡 [MKCE_LID_05] Workshop Road          |    70% | WARNING
🟢 [MKCE_LID_06] Hostel Block Road      |     0% | NORMAL
🔴 [MKCE_LID_07] Hostel Ring Road       |   100% | CRITICAL
🔴 [MKCE_LID_08] Playground Perimeter Rd |  94.9% | CRITICAL
🟢 [MKCE_LID_09] Canteen Road           |   1.3% | NORMAL
🔴 [MKCE_LID_10] Back Gate Road         |  99.7% | CRITICAL

⏱ 12:03:07 ────────────────────────────────────────
🔴 [MKCE_LID_01] Main Gate Road         |   100% | CRITICAL
🔴 [MKCE_LID_02] Academic Block Road    |  94.1% | CRITICAL
🔴 [MKCE_LID_03] Central Avenue         |   100% | CRITICAL
🔴 [MKCE_LID_04] Library Road           |   100% | CRITICAL
🔴 [MKCE_LID_05] Workshop Road          |   100% | CRITICAL
🟢 [MKCE_LID_06] Hostel Block Road      |     0% | NORMAL
🔴 [MKCE_LID_07] Hostel Ring Road       |   100% | CRITICAL
🔴 [MKCE_LID_08] Playground Perimeter Rd |  93.9% | CRITICAL
🟢 [MKCE_LID_09] Canteen Road           |   2.4% | NORMAL
🔴 [MKCE_LID_10] Back Gate Road         | 100.0% | CRITICAL

⏱ 12:03:15 ────────────────────────────────────────
🔴 [MKCE_LID_01] Main Gate Road         |   100% | CRITICAL
🔴 [MKCE_LID_02] Academic Block Road    |  99.1% | CRITICAL
🔴 [MKCE_LID_03] Central Avenue         |   100% | CRITICAL
🔴 [MKCE_LID_04] Library Road           |   100% | CRITICAL
🔴 [MKCE_LID_05] Workshop Road          |   100% | CRITICAL
🟢 [MKCE_LID_06] Hostel Block Road      |     0% | NORMAL
🔴 [MKCE_LID_07] Hostel Ring Road       |   100% | CRITICAL
🔴 [MKCE_LID_08] Playground Perimeter Rd |  93.0% | CRITICAL
🟢 [MKCE_LID_09] Canteen Road           |   2.9% | NORMAL
🔴 [MKCE_LID_10] Back Gate Road         |  99.9% | CRITICAL

⏱ 12:03:21 ────────────────────────────────────────
🔴 [MKCE_LID_01] Main Gate Road         |   100% | CRITICAL
🔴 [MKCE_LID_02] Academic Block Road    |   100% | CRITICAL
🔴 [MKCE_LID_03] Central Avenue         |   100% | CRITICAL
🔴 [MKCE_LID_04] Library Road           |   100% | CRITICAL
🔴 [MKCE_LID_05] Workshop Road          |   100% | CRITICAL
🟢 [MKCE_LID_06] Hostel Block Road      |     0% | NORMAL
🔴 [MKCE_LID_07] Hostel Ring Road       |   100% | CRITICAL
🔴 [MKCE_LID_08] Playground Perimeter Rd |  92.8% | CRITICAL
🟢 [MKCE_LID_09] Canteen Road           |  33.1% | NORMAL
🔴 [MKCE_LID_10] Back Gate Road         |  99.6% | CRITICAL

⏱ 12:03:26 ────────────────────────────────────────
🔴 [MKCE_LID_01] Main Gate Road         |   100% | CRITICAL
🔴 [MKCE_LID_02] Academic Block Road    |   100% | CRITICAL
🔴 [MKCE_LID_03] Central Avenue         |   100% | CRITICAL
🔴 [MKCE_LID_04] Library Road           |   100% | CRITICAL
🔴 [MKCE_LID_05] Workshop Road          |   100% | CRITICAL
🟢 [MKCE_LID_06] Hostel Block Road      |     0% | NORMAL
🔴 [MKCE_LID_07] Hostel Ring Road       |   100% | CRITICAL
🔴 [MKCE_LID_08] Playground Perimeter Rd |  93.2% | CRITICAL
🟢 [MKCE_LID_09] Canteen Road           |  34.1% | NORMAL
🔴 [MKCE_LID_10] Back Gate Road         |  99.0% | CRITICAL

⏱ 12:03:33 ────────────────────────────────────────
🔴 [MKCE_LID_01] Main Gate Road         |   100% | CRITICAL
🔴 [MKCE_LID_02] Academic Block Road    |   100% | CRITICAL
🔴 [MKCE_LID_03] Central Avenue         |   100% | CRITICAL
🔴 [MKCE_LID_04] Library Road           |   100% | CRITICAL
🔴 [MKCE_LID_05] Workshop Road          |   100% | CRITICAL
🟢 [MKCE_LID_06] Hostel Block Road      |     0% | NORMAL
🔴 [MKCE_LID_07] Hostel Ring Road       |   100% | CRITICAL
🔴 [MKCE_LID_08] Playground Perimeter Rd |  93.2% | CRITICAL
🟢 [MKCE_LID_09] Canteen Road           |  35.5% | NORMAL
🔴 [MKCE_LID_10] Back Gate Road         |  97.5% | CRITICAL

⏱ 12:03:39 ────────────────────────────────────────
🔴 [MKCE_LID_01] Main Gate Road         |   100% | CRITICAL
🔴 [MKCE_LID_02] Academic Block Road    |   100% | CRITICAL
🔴 [MKCE_LID_03] Central Avenue         |   100% | CRITICAL
🔴 [MKCE_LID_04] Library Road           |   100% | CRITICAL
🔴 [MKCE_LID_05] Workshop Road          |  99.8% | CRITICAL
🟢 [MKCE_LID_06] Hostel Block Road      |     0% | NORMAL
🔴 [MKCE_LID_07] Hostel Ring Road       |   100% | CRITICAL
🔴 [MKCE_LID_08] Playground Perimeter Rd |  92.6% | CRITICAL
🟢 [MKCE_LID_09] Canteen Road           |  36.8% | NORMAL
🔴 [MKCE_LID_10] Back Gate Road         |  95.2% | CRITICAL

⏱ 12:03:45 ────────────────────────────────────────
🔴 [MKCE_LID_01] Main Gate Road         |   100% | CRITICAL
🔴 [MKCE_LID_02] Academic Block Road    |   100% | CRITICAL
🔴 [MKCE_LID_03] Central Avenue         |   100% | CRITICAL
🔴 [MKCE_LID_04] Library Road           |   100% | CRITICAL
🔴 [MKCE_LID_05] Workshop Road          |   100% | CRITICAL
🟢 [MKCE_LID_06] Hostel Block Road      |     0% | NORMAL
🔴 [MKCE_LID_07] Hostel Ring Road       |   100% | CRITICAL
🔴 [MKCE_LID_08] Playground Perimeter Rd |  92.7% | CRITICAL
🟢 [MKCE_LID_09] Canteen Road           |  37.5% | NORMAL
🔴 [MKCE_LID_10] Back Gate Road         |  92.1% | CRITICAL

⏱ 12:03:52 ────────────────────────────────────────
🔴 [MKCE_LID_01] Main Gate Road         |   100% | CRITICAL
🔴 [MKCE_LID_02] Academic Block Road    |   100% | CRITICAL
🔴 [MKCE_LID_03] Central Avenue         |   100% | CRITICAL
🔴 [MKCE_LID_04] Library Road           |   100% | CRITICAL
🔴 [MKCE_LID_05] Workshop Road          |   100% | CRITICAL
🟢 [MKCE_LID_06] Hostel Block Road      |     0% | NORMAL
🔴 [MKCE_LID_07] Hostel Ring Road       |   100% | CRITICAL
🔴 [MKCE_LID_08] Playground Perimeter Rd |   100% | CRITICAL
🟢 [MKCE_LID_09] Canteen Road           |  38.1% | NORMAL
🔴 [MKCE_LID_10] Back Gate Road         |  89.9% | CRITICAL

⏱ 12:03:58 ────────────────────────────────────────
🔴 [MKCE_LID_01] Main Gate Road         |   100% | CRITICAL
🔴 [MKCE_LID_02] Academic Block Road    |   100% | CRITICAL
🔴 [MKCE_LID_03] Central Avenue         |   100% | CRITICAL
🔴 [MKCE_LID_04] Library Road           |   100% | CRITICAL
🔴 [MKCE_LID_05] Workshop Road          |   100% | CRITICAL
🟢 [MKCE_LID_06] Hostel Block Road      |     0% | NORMAL
🔴 [MKCE_LID_07] Hostel Ring Road       |   100% | CRITICAL
🔴 [MKCE_LID_08] Playground Perimeter Rd |   100% | CRITICAL
🟢 [MKCE_LID_09] Canteen Road           |  38.2% | NORMAL
🔴 [MKCE_LID_10] Back Gate Road         |  87.4% | CRITICAL

⏱ 12:04:05 ────────────────────────────────────────
🔴 [MKCE_LID_01] Main Gate Road         |   100% | CRITICAL
🔴 [MKCE_LID_02] Academic Block Road    |   100% | CRITICAL
🔴 [MKCE_LID_03] Central Avenue         |   100% | CRITICAL
🔴 [MKCE_LID_04] Library Road           |   100% | CRITICAL
🔴 [MKCE_LID_05] Workshop Road          |   100% | CRITICAL
🟢 [MKCE_LID_06] Hostel Block Road      |     0% | NORMAL
🔴 [MKCE_LID_07] Hostel Ring Road       |   100% | CRITICAL
🔴 [MKCE_LID_08] Playground Perimeter Rd |  99.9% | CRITICAL
🟢 [MKCE_LID_09] Canteen Road           |  38.9% | NORMAL
🔴 [MKCE_LID_10] Back Gate Road         |  84.5% | CRITICAL

⏱ 12:04:11 ────────────────────────────────────────
🔴 [MKCE_LID_01] Main Gate Road         |   100% | CRITICAL
🔴 [MKCE_LID_02] Academic Block Road    |   100% | CRITICAL
🔴 [MKCE_LID_03] Central Avenue         |   100% | CRITICAL
🔴 [MKCE_LID_04] Library Road           |   100% | CRITICAL
🔴 [MKCE_LID_05] Workshop Road          |  99.9% | CRITICAL
🟢 [MKCE_LID_06] Hostel Block Road      |     0% | NORMAL
🔴 [MKCE_LID_07] Hostel Ring Road       |   100% | CRITICAL
🟡 [MKCE_LID_08] Playground Perimeter Rd |    70% | WARNING
🟢 [MKCE_LID_09] Canteen Road           |  39.4% | NORMAL
🔴 [MKCE_LID_10] Back Gate Road         |  82.5% | CRITICAL

⏱ 12:04:20 ────────────────────────────────────────
🔴 [MKCE_LID_01] Main Gate Road         |   100% | CRITICAL
🔴 [MKCE_LID_02] Academic Block Road    |   100% | CRITICAL
🔴 [MKCE_LID_03] Central Avenue         |   100% | CRITICAL
🔴 [MKCE_LID_04] Library Road           |   100% | CRITICAL
🔴 [MKCE_LID_05] Workshop Road          |  99.3% | CRITICAL
🟢 [MKCE_LID_06] Hostel Block Road      |     0% | NORMAL
🔴 [MKCE_LID_07] Hostel Ring Road       |   100% | CRITICAL
🔴 [MKCE_LID_08] Playground Perimeter Rd |  70.5% | CRITICAL
🟢 [MKCE_LID_09] Canteen Road           |  39.5% | NORMAL
🔴 [MKCE_LID_10] Back Gate Road         |  81.5% | CRITICAL

⏱ 12:04:28 ────────────────────────────────────────
🔴 [MKCE_LID_01] Main Gate Road         |   100% | CRITICAL
🔴 [MKCE_LID_02] Academic Block Road    |   100% | CRITICAL
🔴 [MKCE_LID_03] Central Avenue         |   100% | CRITICAL
🔴 [MKCE_LID_04] Library Road           |   100% | CRITICAL
🔴 [MKCE_LID_05] Workshop Road          |  99.0% | CRITICAL
🟢 [MKCE_LID_06] Hostel Block Road      |     0% | NORMAL
🔴 [MKCE_LID_07] Hostel Ring Road       |   100% | CRITICAL
🔴 [MKCE_LID_08] Playground Perimeter Rd |  70.8% | CRITICAL
🟡 [MKCE_LID_09] Canteen Road           |  40.1% | WARNING
🔴 [MKCE_LID_10] Back Gate Road         |  80.7% | CRITICAL

⏱ 12:04:36 ────────────────────────────────────────
🔴 [MKCE_LID_01] Main Gate Road         |   100% | CRITICAL
🔴 [MKCE_LID_02] Academic Block Road    |   100% | CRITICAL
🔴 [MKCE_LID_03] Central Avenue         |   100% | CRITICAL
🔴 [MKCE_LID_04] Library Road           |   100% | CRITICAL
🔴 [MKCE_LID_05] Workshop Road          |  98.5% | CRITICAL
🟢 [MKCE_LID_06] Hostel Block Road      |     0% | NORMAL
🔴 [MKCE_LID_07] Hostel Ring Road       |   100% | CRITICAL
🔴 [MKCE_LID_08] Playground Perimeter Rd |  72.2% | CRITICAL
🟡 [MKCE_LID_09] Canteen Road           |  40.2% | WARNING
🔴 [MKCE_LID_10] Back Gate Road         |  80.6% | CRITICAL

⏱ 12:04:42 ────────────────────────────────────────
🔴 [MKCE_LID_01] Main Gate Road         |   100% | CRITICAL
🔴 [MKCE_LID_02] Academic Block Road    |   100% | CRITICAL
🔴 [MKCE_LID_03] Central Avenue         |   100% | CRITICAL
🔴 [MKCE_LID_04] Library Road           |   100% | CRITICAL
🔴 [MKCE_LID_05] Workshop Road          |  98.4% | CRITICAL
🟢 [MKCE_LID_06] Hostel Block Road      |     0% | NORMAL
🔴 [MKCE_LID_07] Hostel Ring Road       |   100% | CRITICAL
🔴 [MKCE_LID_08] Playground Perimeter Rd |  74.0% | CRITICAL
🟡 [MKCE_LID_09] Canteen Road           |  41.1% | WARNING
🔴 [MKCE_LID_10] Back Gate Road         |  81.1% | CRITICAL

⏱ 12:04:50 ────────────────────────────────────────
🔴 [MKCE_LID_01] Main Gate Road         |   100% | CRITICAL
🔴 [MKCE_LID_02] Academic Block Road    |   100% | CRITICAL
🔴 [MKCE_LID_03] Central Avenue         |   100% | CRITICAL
🔴 [MKCE_LID_04] Library Road           |   100% | CRITICAL
🟡 [MKCE_LID_05] Workshop Road          |  67.4% | WARNING
🟢 [MKCE_LID_06] Hostel Block Road      |     0% | NORMAL
🔴 [MKCE_LID_07] Hostel Ring Road       |   100% | CRITICAL
🔴 [MKCE_LID_08] Playground Perimeter Rd |  76.5% | CRITICAL
🟡 [MKCE_LID_09] Canteen Road           |  41.7% | WARNING
🔴 [MKCE_LID_10] Back Gate Road         |  80.8% | CRITICAL

⏱ 12:04:57 ────────────────────────────────────────
🔴 [MKCE_LID_01] Main Gate Road         |   100% | CRITICAL
🔴 [MKCE_LID_02] Academic Block Road    |   100% | CRITICAL
🔴 [MKCE_LID_03] Central Avenue         |   100% | CRITICAL
🔴 [MKCE_LID_04] Library Road           |   100% | CRITICAL
🟡 [MKCE_LID_05] Workshop Road          |  67.3% | WARNING
🟢 [MKCE_LID_06] Hostel Block Road      |     0% | NORMAL
🔴 [MKCE_LID_07] Hostel Ring Road       |   100% | CRITICAL
🔴 [MKCE_LID_08] Playground Perimeter Rd |  78.9% | CRITICAL
🟡 [MKCE_LID_09] Canteen Road           |  41.7% | WARNING
🔴 [MKCE_LID_10] Back Gate Road         |  80.9% | CRITICAL

⏱ 12:05:03 ────────────────────────────────────────
🔴 [MKCE_LID_01] Main Gate Road         |   100% | CRITICAL
🔴 [MKCE_LID_02] Academic Block Road    |   100% | CRITICAL
🔴 [MKCE_LID_03] Central Avenue         |   100% | CRITICAL
🔴 [MKCE_LID_04] Library Road           |   100% | CRITICAL
🟡 [MKCE_LID_05] Workshop Road          |  67.0% | WARNING
🟢 [MKCE_LID_06] Hostel Block Road      |     0% | NORMAL
🔴 [MKCE_LID_07] Hostel Ring Road       |   100% | CRITICAL
🔴 [MKCE_LID_08] Playground Perimeter Rd |  81.7% | CRITICAL
🟡 [MKCE_LID_09] Canteen Road           |  42.2% | WARNING
🔴 [MKCE_LID_10] Back Gate Road         |  80.9% | CRITICAL

⏱ 12:05:10 ────────────────────────────────────────
🔴 [MKCE_LID_01] Main Gate Road         |   100% | CRITICAL
🔴 [MKCE_LID_02] Academic Block Road    |   100% | CRITICAL
🔴 [MKCE_LID_03] Central Avenue         |   100% | CRITICAL
🔴 [MKCE_LID_04] Library Road           |   100% | CRITICAL
🟡 [MKCE_LID_05] Workshop Road          |  66.5% | WARNING
🟢 [MKCE_LID_06] Hostel Block Road      |   0.1% | NORMAL
🔴 [MKCE_LID_07] Hostel Ring Road       |   100% | CRITICAL
🔴 [MKCE_LID_08] Playground Perimeter Rd |  84.7% | CRITICAL
🟡 [MKCE_LID_09] Canteen Road           |  43.0% | WARNING
🔴 [MKCE_LID_10] Back Gate Road         |  82.0% | CRITICAL

⏱ 12:05:18 ────────────────────────────────────────
🔴 [MKCE_LID_01] Main Gate Road         |   100% | CRITICAL
🔴 [MKCE_LID_02] Academic Block Road    |   100% | CRITICAL
🔴 [MKCE_LID_03] Central Avenue         |  99.8% | CRITICAL
🔴 [MKCE_LID_04] Library Road           |   100% | CRITICAL
🟡 [MKCE_LID_05] Workshop Road          |  66.4% | WARNING
🟢 [MKCE_LID_06] Hostel Block Road      |     0% | NORMAL
🔴 [MKCE_LID_07] Hostel Ring Road       |   100% | CRITICAL
🔴 [MKCE_LID_08] Playground Perimeter Rd |  87.7% | CRITICAL
🟡 [MKCE_LID_09] Canteen Road           |  44.5% | WARNING
🔴 [MKCE_LID_10] Back Gate Road         |  83.2% | CRITICAL

⏱ 12:05:24 ────────────────────────────────────────
🔴 [MKCE_LID_01] Main Gate Road         |   100% | CRITICAL
🔴 [MKCE_LID_02] Academic Block Road    |   100% | CRITICAL
🔴 [MKCE_LID_03] Central Avenue         |  98.9% | CRITICAL
🔴 [MKCE_LID_04] Library Road           |   100% | CRITICAL
🟡 [MKCE_LID_05] Workshop Road          |  65.7% | WARNING
🟢 [MKCE_LID_06] Hostel Block Road      |     0% | NORMAL
🔴 [MKCE_LID_07] Hostel Ring Road       |   100% | CRITICAL
🔴 [MKCE_LID_08] Playground Perimeter Rd |  90.4% | CRITICAL
🟡 [MKCE_LID_09] Canteen Road           |  46.3% | WARNING
🔴 [MKCE_LID_10] Back Gate Road         |  84.3% | CRITICAL

⏱ 12:05:33 ────────────────────────────────────────
🔴 [MKCE_LID_01] Main Gate Road         |   100% | CRITICAL
🔴 [MKCE_LID_02] Academic Block Road    |   100% | CRITICAL
🔴 [MKCE_LID_03] Central Avenue         |  97.3% | CRITICAL
🔴 [MKCE_LID_04] Library Road           |   100% | CRITICAL
🟡 [MKCE_LID_05] Workshop Road          |  64.2% | WARNING
🟢 [MKCE_LID_06] Hostel Block Road      |   0.4% | NORMAL
🔴 [MKCE_LID_07] Hostel Ring Road       |   100% | CRITICAL
🔴 [MKCE_LID_08] Playground Perimeter Rd |  94.0% | CRITICAL
🟡 [MKCE_LID_09] Canteen Road           |  47.4% | WARNING
🔴 [MKCE_LID_10] Back Gate Road         |  85.0% | CRITICAL

⏱ 12:05:40 ────────────────────────────────────────
🔴 [MKCE_LID_01] Main Gate Road         |   100% | CRITICAL
🔴 [MKCE_LID_02] Academic Block Road    |   100% | CRITICAL
🔴 [MKCE_LID_03] Central Avenue         |  96.0% | CRITICAL
🔴 [MKCE_LID_04] Library Road           |   100% | CRITICAL
🟡 [MKCE_LID_05] Workshop Road          |  62.5% | WARNING
🟢 [MKCE_LID_06] Hostel Block Road      |   1.1% | NORMAL
🔴 [MKCE_LID_07] Hostel Ring Road       |   100% | CRITICAL
🔴 [MKCE_LID_08] Playground Perimeter Rd |  97.9% | CRITICAL
🟡 [MKCE_LID_09] Canteen Road           |  48.2% | WARNING
🔴 [MKCE_LID_10] Back Gate Road         |  86.3% | CRITICAL

⏱ 12:05:46 ────────────────────────────────────────
🔴 [MKCE_LID_01] Main Gate Road         |   100% | CRITICAL
🔴 [MKCE_LID_02] Academic Block Road    |   100% | CRITICAL
🔴 [MKCE_LID_03] Central Avenue         |  95.3% | CRITICAL
🔴 [MKCE_LID_04] Library Road           |   100% | CRITICAL
🟡 [MKCE_LID_05] Workshop Road          |  61.4% | WARNING
🟢 [MKCE_LID_06] Hostel Block Road      |   2.5% | NORMAL
🔴 [MKCE_LID_07] Hostel Ring Road       |   100% | CRITICAL
🔴 [MKCE_LID_08] Playground Perimeter Rd |   100% | CRITICAL
🟡 [MKCE_LID_09] Canteen Road           |  48.9% | WARNING
🔴 [MKCE_LID_10] Back Gate Road         |  88.1% | CRITICAL

⏱ 12:05:52 ────────────────────────────────────────
🔴 [MKCE_LID_01] Main Gate Road         |   100% | CRITICAL
🔴 [MKCE_LID_02] Academic Block Road    |   100% | CRITICAL
🔴 [MKCE_LID_03] Central Avenue         |  94.4% | CRITICAL
🔴 [MKCE_LID_04] Library Road           |   100% | CRITICAL
🟡 [MKCE_LID_05] Workshop Road          |  59.7% | WARNING
🟢 [MKCE_LID_06] Hostel Block Road      |   4.5% | NORMAL
🔴 [MKCE_LID_07] Hostel Ring Road       |   100% | CRITICAL
🔴 [MKCE_LID_08] Playground Perimeter Rd |   100% | CRITICAL
🔴 [MKCE_LID_09] Canteen Road           |  80.0% | CRITICAL
🔴 [MKCE_LID_10] Back Gate Road         |  89.8% | CRITICAL

⏱ 12:06:00 ────────────────────────────────────────
🔴 [MKCE_LID_01] Main Gate Road         |   100% | CRITICAL
🔴 [MKCE_LID_02] Academic Block Road    |   100% | CRITICAL
🔴 [MKCE_LID_03] Central Avenue         |  92.9% | CRITICAL
🔴 [MKCE_LID_04] Library Road           |   100% | CRITICAL
🟡 [MKCE_LID_05] Workshop Road          |  58.8% | WARNING
🟢 [MKCE_LID_06] Hostel Block Road      |   7.3% | NORMAL
🔴 [MKCE_LID_07] Hostel Ring Road       |   100% | CRITICAL
🔴 [MKCE_LID_08] Playground Perimeter Rd |   100% | CRITICAL
🔴 [MKCE_LID_09] Canteen Road           |  81.3% | CRITICAL
🔴 [MKCE_LID_10] Back Gate Road         |  90.7% | CRITICAL

⏱ 12:06:07 ────────────────────────────────────────
🔴 [MKCE_LID_01] Main Gate Road         |   100% | CRITICAL
🔴 [MKCE_LID_02] Academic Block Road    |   100% | CRITICAL
🔴 [MKCE_LID_03] Central Avenue         |  91.0% | CRITICAL
🔴 [MKCE_LID_04] Library Road           |   100% | CRITICAL
🟡 [MKCE_LID_05] Workshop Road          |  57.8% | WARNING
🟢 [MKCE_LID_06] Hostel Block Road      |     0% | NORMAL
🔴 [MKCE_LID_07] Hostel Ring Road       |   100% | CRITICAL
🔴 [MKCE_LID_08] Playground Perimeter Rd |   100% | CRITICAL
🔴 [MKCE_LID_09] Canteen Road           |  82.5% | CRITICAL
🔴 [MKCE_LID_10] Back Gate Road         |  91.0% | CRITICAL

⏱ 12:06:15 ────────────────────────────────────────
🔴 [MKCE_LID_01] Main Gate Road         |   100% | CRITICAL
🔴 [MKCE_LID_02] Academic Block Road    |   100% | CRITICAL
🔴 [MKCE_LID_03] Central Avenue         |  89.1% | CRITICAL
🔴 [MKCE_LID_04] Library Road           |   100% | CRITICAL
🟡 [MKCE_LID_05] Workshop Road          |  57.6% | WARNING
🟢 [MKCE_LID_06] Hostel Block Road      |   4.0% | NORMAL
🔴 [MKCE_LID_07] Hostel Ring Road       |   100% | CRITICAL
🔴 [MKCE_LID_08] Playground Perimeter Rd |   100% | CRITICAL
🔴 [MKCE_LID_09] Canteen Road           |   100% | CRITICAL
🔴 [MKCE_LID_10] Back Gate Road         |  91.1% | CRITICAL

⏱ 12:06:22 ────────────────────────────────────────
🔴 [MKCE_LID_01] Main Gate Road         |   100% | CRITICAL
🔴 [MKCE_LID_02] Academic Block Road    |   100% | CRITICAL
🔴 [MKCE_LID_03] Central Avenue         |  86.8% | CRITICAL
🔴 [MKCE_LID_04] Library Road           |   100% | CRITICAL
🟡 [MKCE_LID_05] Workshop Road          |  58.0% | WARNING
🟢 [MKCE_LID_06] Hostel Block Road      |   7.7% | NORMAL
🔴 [MKCE_LID_07] Hostel Ring Road       |   100% | CRITICAL
🔴 [MKCE_LID_08] Playground Perimeter Rd |   100% | CRITICAL
🔴 [MKCE_LID_09] Canteen Road           |   100% | CRITICAL
🔴 [MKCE_LID_10] Back Gate Road         |  90.4% | CRITICAL

⏱ 12:06:30 ────────────────────────────────────────
🔴 [MKCE_LID_01] Main Gate Road         |   100% | CRITICAL
🔴 [MKCE_LID_02] Academic Block Road    |   100% | CRITICAL
🔴 [MKCE_LID_03] Central Avenue         |  84.2% | CRITICAL
🔴 [MKCE_LID_04] Library Road           |   100% | CRITICAL
🟡 [MKCE_LID_05] Workshop Road          |  59.3% | WARNING
🟢 [MKCE_LID_06] Hostel Block Road      |  11.9% | NORMAL
🔴 [MKCE_LID_07] Hostel Ring Road       |   100% | CRITICAL
🔴 [MKCE_LID_08] Playground Perimeter Rd |   100% | CRITICAL
🔴 [MKCE_LID_09] Canteen Road           |   100% | CRITICAL
🔴 [MKCE_LID_10] Back Gate Road         |  89.8% | CRITICAL

⏱ 12:06:39 ────────────────────────────────────────
🔴 [MKCE_LID_01] Main Gate Road         |   100% | CRITICAL
🔴 [MKCE_LID_02] Academic Block Road    |   100% | CRITICAL
🔴 [MKCE_LID_03] Central Avenue         |  80.8% | CRITICAL
🔴 [MKCE_LID_04] Library Road           |   100% | CRITICAL
🟡 [MKCE_LID_05] Workshop Road          |  60.1% | WARNING
🟢 [MKCE_LID_06] Hostel Block Road      |  16.9% | NORMAL
🔴 [MKCE_LID_07] Hostel Ring Road       |   100% | CRITICAL
🔴 [MKCE_LID_08] Playground Perimeter Rd |   100% | CRITICAL
🔴 [MKCE_LID_09] Canteen Road           |   100% | CRITICAL
🔴 [MKCE_LID_10] Back Gate Road         |  88.4% | CRITICAL

⏱ 12:06:45 ────────────────────────────────────────
🔴 [MKCE_LID_01] Main Gate Road         |   100% | CRITICAL
🔴 [MKCE_LID_02] Academic Block Road    |   100% | CRITICAL
🔴 [MKCE_LID_03] Central Avenue         |  76.7% | CRITICAL
🔴 [MKCE_LID_04] Library Road           |   100% | CRITICAL
🔴 [MKCE_LID_05] Workshop Road          |  91.7% | CRITICAL
🟢 [MKCE_LID_06] Hostel Block Road      |  21.9% | NORMAL
🔴 [MKCE_LID_07] Hostel Ring Road       |   100% | CRITICAL
🔴 [MKCE_LID_08] Playground Perimeter Rd |   100% | CRITICAL
🔴 [MKCE_LID_09] Canteen Road           |   100% | CRITICAL
🔴 [MKCE_LID_10] Back Gate Road         |  87.7% | CRITICAL

⏱ 12:06:54 ────────────────────────────────────────
🔴 [MKCE_LID_01] Main Gate Road         |   100% | CRITICAL
🔴 [MKCE_LID_02] Academic Block Road    |   100% | CRITICAL
🔴 [MKCE_LID_03] Central Avenue         |  73.5% | CRITICAL
🔴 [MKCE_LID_04] Library Road           |   100% | CRITICAL
🔴 [MKCE_LID_05] Workshop Road          |  92.8% | CRITICAL
🟢 [MKCE_LID_06] Hostel Block Road      |  26.0% | NORMAL
🔴 [MKCE_LID_07] Hostel Ring Road       |   100% | CRITICAL
🔴 [MKCE_LID_08] Playground Perimeter Rd |   100% | CRITICAL
🔴 [MKCE_LID_09] Canteen Road           |   100% | CRITICAL
🔴 [MKCE_LID_10] Back Gate Road         |  87.3% | CRITICAL

⏱ 12:07:03 ────────────────────────────────────────
🔴 [MKCE_LID_01] Main Gate Road         |   100% | CRITICAL
🔴 [MKCE_LID_02] Academic Block Road    |   100% | CRITICAL
🔴 [MKCE_LID_03] Central Avenue         |  71.0% | CRITICAL
🔴 [MKCE_LID_04] Library Road           |   100% | CRITICAL
🔴 [MKCE_LID_05] Workshop Road          |  94.6% | CRITICAL
🟢 [MKCE_LID_06] Hostel Block Road      |  31.0% | NORMAL
🔴 [MKCE_LID_07] Hostel Ring Road       |   100% | CRITICAL
🔴 [MKCE_LID_08] Playground Perimeter Rd |   100% | CRITICAL
🔴 [MKCE_LID_09] Canteen Road           |   100% | CRITICAL
🔴 [MKCE_LID_10] Back Gate Road         |  86.5% | CRITICAL

⏱ 12:07:10 ────────────────────────────────────────
🟡 [MKCE_LID_01] Main Gate Road         |    70% | WARNING
🔴 [MKCE_LID_02] Academic Block Road    |   100% | CRITICAL
🟡 [MKCE_LID_03] Central Avenue         |  68.1% | WARNING
🔴 [MKCE_LID_04] Library Road           |   100% | CRITICAL
🔴 [MKCE_LID_05] Workshop Road          |  96.6% | CRITICAL
🟢 [MKCE_LID_06] Hostel Block Road      |  36.0% | NORMAL
🔴 [MKCE_LID_07] Hostel Ring Road       |   100% | CRITICAL
🔴 [MKCE_LID_08] Playground Perimeter Rd |   100% | CRITICAL
🟡 [MKCE_LID_09] Canteen Road           |    70% | WARNING
🔴 [MKCE_LID_10] Back Gate Road         |  85.0% | CRITICAL

⏱ 12:07:15 ────────────────────────────────────────
🔴 [MKCE_LID_01] Main Gate Road         |  75.0% | CRITICAL
🔴 [MKCE_LID_02] Academic Block Road    |   100% | CRITICAL
🟡 [MKCE_LID_03] Central Avenue         |  64.7% | WARNING
🔴 [MKCE_LID_04] Library Road           |   100% | CRITICAL
🔴 [MKCE_LID_05] Workshop Road          |  98.0% | CRITICAL
🟡 [MKCE_LID_06] Hostel Block Road      |  41.0% | WARNING
🔴 [MKCE_LID_07] Hostel Ring Road       |   100% | CRITICAL
🔴 [MKCE_LID_08] Playground Perimeter Rd |   100% | CRITICAL
🔴 [MKCE_LID_09] Canteen Road           |  73.3% | CRITICAL
🔴 [MKCE_LID_10] Back Gate Road         |  83.4% | CRITICAL

⏱ 12:07:23 ────────────────────────────────────────
🔴 [MKCE_LID_01] Main Gate Road         |  79.3% | CRITICAL
🔴 [MKCE_LID_02] Academic Block Road    |   100% | CRITICAL
🟡 [MKCE_LID_03] Central Avenue         |  61.4% | WARNING
🔴 [MKCE_LID_04] Library Road           |   100% | CRITICAL
🔴 [MKCE_LID_05] Workshop Road          |  99.3% | CRITICAL
🟡 [MKCE_LID_06] Hostel Block Road      |  46.0% | WARNING
🔴 [MKCE_LID_07] Hostel Ring Road       |   100% | CRITICAL
🔴 [MKCE_LID_08] Playground Perimeter Rd |   100% | CRITICAL
🔴 [MKCE_LID_09] Canteen Road           |  75.8% | CRITICAL
🔴 [MKCE_LID_10] Back Gate Road         |  82.6% | CRITICAL

⏱ 12:07:31 ────────────────────────────────────────
🔴 [MKCE_LID_01] Main Gate Road         |  83.4% | CRITICAL
🔴 [MKCE_LID_02] Academic Block Road    |   100% | CRITICAL
🟡 [MKCE_LID_03] Central Avenue         |  58.8% | WARNING
🔴 [MKCE_LID_04] Library Road           |   100% | CRITICAL
🔴 [MKCE_LID_05] Workshop Road          |  99.6% | CRITICAL
🟡 [MKCE_LID_06] Hostel Block Road      |  51.0% | WARNING
🔴 [MKCE_LID_07] Hostel Ring Road       |   100% | CRITICAL
🔴 [MKCE_LID_08] Playground Perimeter Rd |   100% | CRITICAL
🔴 [MKCE_LID_09] Canteen Road           |  78.4% | CRITICAL
🔴 [MKCE_LID_10] Back Gate Road         |  82.8% | CRITICAL

⏱ 12:07:37 ────────────────────────────────────────
🔴 [MKCE_LID_01] Main Gate Road         |  87.8% | CRITICAL
🔴 [MKCE_LID_02] Academic Block Road    |   100% | CRITICAL
🟡 [MKCE_LID_03] Central Avenue         |  56.9% | WARNING
🔴 [MKCE_LID_04] Library Road           |   100% | CRITICAL
🔴 [MKCE_LID_05] Workshop Road          |   100% | CRITICAL
🟡 [MKCE_LID_06] Hostel Block Road      |  55.7% | WARNING
🔴 [MKCE_LID_07] Hostel Ring Road       |   100% | CRITICAL
🔴 [MKCE_LID_08] Playground Perimeter Rd |   100% | CRITICAL
🔴 [MKCE_LID_09] Canteen Road           |  80.2% | CRITICAL
🔴 [MKCE_LID_10] Back Gate Road         |  83.6% | CRITICAL

⏱ 12:07:45 ────────────────────────────────────────
🔴 [MKCE_LID_01] Main Gate Road         |  92.5% | CRITICAL
🔴 [MKCE_LID_02] Academic Block Road    |   100% | CRITICAL
🟡 [MKCE_LID_03] Central Avenue         |  55.0% | WARNING
🔴 [MKCE_LID_04] Library Road           |   100% | CRITICAL
🔴 [MKCE_LID_05] Workshop Road          |   100% | CRITICAL
🟡 [MKCE_LID_06] Hostel Block Road      |  60.4% | WARNING
🔴 [MKCE_LID_07] Hostel Ring Road       |   100% | CRITICAL
🔴 [MKCE_LID_08] Playground Perimeter Rd |   100% | CRITICAL
🔴 [MKCE_LID_09] Canteen Road           |  82.7% | CRITICAL
🔴 [MKCE_LID_10] Back Gate Road         |  84.2% | CRITICAL

⏱ 12:07:52 ────────────────────────────────────────
🔴 [MKCE_LID_01] Main Gate Road         |  97.5% | CRITICAL
🔴 [MKCE_LID_02] Academic Block Road    |   100% | CRITICAL
🟡 [MKCE_LID_03] Central Avenue         |  52.4% | WARNING
🔴 [MKCE_LID_04] Library Road           |   100% | CRITICAL
🔴 [MKCE_LID_05] Workshop Road          |   100% | CRITICAL
🟡 [MKCE_LID_06] Hostel Block Road      |  64.4% | WARNING
🔴 [MKCE_LID_07] Hostel Ring Road       |   100% | CRITICAL
🔴 [MKCE_LID_08] Playground Perimeter Rd |   100% | CRITICAL
🔴 [MKCE_LID_09] Canteen Road           |  85.4% | CRITICAL
🔴 [MKCE_LID_10] Back Gate Road         |  85.3% | CRITICAL

⏱ 12:08:00 ────────────────────────────────────────
🔴 [MKCE_LID_01] Main Gate Road         |   100% | CRITICAL
🔴 [MKCE_LID_02] Academic Block Road    |   100% | CRITICAL
🟡 [MKCE_LID_03] Central Avenue         |  50.2% | WARNING
🔴 [MKCE_LID_04] Library Road           |   100% | CRITICAL
🔴 [MKCE_LID_05] Workshop Road          |   100% | CRITICAL
🟡 [MKCE_LID_06] Hostel Block Road      |  67.7% | WARNING
🔴 [MKCE_LID_07] Hostel Ring Road       |   100% | CRITICAL
🔴 [MKCE_LID_08] Playground Perimeter Rd |   100% | CRITICAL
🔴 [MKCE_LID_09] Canteen Road           |  88.8% | CRITICAL
🔴 [MKCE_LID_10] Back Gate Road         |  86.7% | CRITICAL

⏱ 12:08:07 ────────────────────────────────────────
🔴 [MKCE_LID_01] Main Gate Road         |   100% | CRITICAL
🔴 [MKCE_LID_02] Academic Block Road    |   100% | CRITICAL
🟡 [MKCE_LID_03] Central Avenue         |  47.0% | WARNING
🔴 [MKCE_LID_04] Library Road           |   100% | CRITICAL
🔴 [MKCE_LID_05] Workshop Road          |  99.8% | CRITICAL
🔴 [MKCE_LID_06] Hostel Block Road      |  71.6% | CRITICAL
🔴 [MKCE_LID_07] Hostel Ring Road       |   100% | CRITICAL
🔴 [MKCE_LID_08] Playground Perimeter Rd |   100% | CRITICAL
🔴 [MKCE_LID_09] Canteen Road           |  93.1% | CRITICAL
🔴 [MKCE_LID_10] Back Gate Road         |  88.3% | CRITICAL

⏱ 12:08:14 ────────────────────────────────────────
🔴 [MKCE_LID_01] Main Gate Road         |   100% | CRITICAL
🔴 [MKCE_LID_02] Academic Block Road    |   100% | CRITICAL
🟡 [MKCE_LID_03] Central Avenue         |  44.8% | WARNING
🔴 [MKCE_LID_04] Library Road           |   100% | CRITICAL
🔴 [MKCE_LID_05] Workshop Road          |  99.9% | CRITICAL
🔴 [MKCE_LID_06] Hostel Block Road      |  74.5% | CRITICAL
🔴 [MKCE_LID_07] Hostel Ring Road       |   100% | CRITICAL
🔴 [MKCE_LID_08] Playground Perimeter Rd |   100% | CRITICAL
🔴 [MKCE_LID_09] Canteen Road           |  96.6% | CRITICAL
🔴 [MKCE_LID_10] Back Gate Road         |  90.2% | CRITICAL

⏱ 12:08:20 ────────────────────────────────────────
🔴 [MKCE_LID_01] Main Gate Road         |   100% | CRITICAL
🔴 [MKCE_LID_02] Academic Block Road    |   100% | CRITICAL
🟡 [MKCE_LID_03] Central Avenue         |  43.1% | WARNING
🔴 [MKCE_LID_04] Library Road           |   100% | CRITICAL
🔴 [MKCE_LID_05] Workshop Road          |  99.6% | CRITICAL
🔴 [MKCE_LID_06] Hostel Block Road      |  77.6% | CRITICAL
🔴 [MKCE_LID_07] Hostel Ring Road       |   100% | CRITICAL
🔴 [MKCE_LID_08] Playground Perimeter Rd |   100% | CRITICAL
🔴 [MKCE_LID_09] Canteen Road           |  99.2% | CRITICAL
🔴 [MKCE_LID_10] Back Gate Road         |  92.8% | CRITICAL

⏱ 12:08:29 ────────────────────────────────────────
🔴 [MKCE_LID_01] Main Gate Road         |   100% | CRITICAL
🔴 [MKCE_LID_02] Academic Block Road    |   100% | CRITICAL
🟡 [MKCE_LID_03] Central Avenue         |  41.7% | WARNING
🟡 [MKCE_LID_04] Library Road           |    70% | WARNING
🔴 [MKCE_LID_05] Workshop Road          |  99.2% | CRITICAL
🔴 [MKCE_LID_06] Hostel Block Road      |  81.0% | CRITICAL
🔴 [MKCE_LID_07] Hostel Ring Road       |   100% | CRITICAL
🔴 [MKCE_LID_08] Playground Perimeter Rd |   100% | CRITICAL
🔴 [MKCE_LID_09] Canteen Road           |   100% | CRITICAL
🔴 [MKCE_LID_10] Back Gate Road         |  95.5% | CRITICAL

⏱ 12:08:35 ────────────────────────────────────────
🔴 [MKCE_LID_01] Main Gate Road         |   100% | CRITICAL
🔴 [MKCE_LID_02] Academic Block Road    |   100% | CRITICAL
🔴 [MKCE_LID_03] Central Avenue         |  71.2% | CRITICAL
🔴 [MKCE_LID_04] Library Road           |  72.2% | CRITICAL
🔴 [MKCE_LID_05] Workshop Road          |   100% | CRITICAL
🟡 [MKCE_LID_06] Hostel Block Road      |  53.6% | WARNING
🔴 [MKCE_LID_07] Hostel Ring Road       |   100% | CRITICAL
🔴 [MKCE_LID_08] Playground Perimeter Rd |   100% | CRITICAL
🔴 [MKCE_LID_09] Canteen Road           |   100% | CRITICAL
🔴 [MKCE_LID_10] Back Gate Road         |  98.9% | CRITICAL

⏱ 12:08:42 ────────────────────────────────────────
🔴 [MKCE_LID_01] Main Gate Road         |   100% | CRITICAL
🟡 [MKCE_LID_02] Academic Block Road    |    70% | WARNING
🟡 [MKCE_LID_03] Central Avenue         |  69.7% | WARNING
🔴 [MKCE_LID_04] Library Road           |  75.3% | CRITICAL
🔴 [MKCE_LID_05] Workshop Road          |  99.1% | CRITICAL
🟡 [MKCE_LID_06] Hostel Block Road      |  56.4% | WARNING
🔴 [MKCE_LID_07] Hostel Ring Road       |   100% | CRITICAL
🔴 [MKCE_LID_08] Playground Perimeter Rd |   100% | CRITICAL
🔴 [MKCE_LID_09] Canteen Road           |   100% | CRITICAL
🔴 [MKCE_LID_10] Back Gate Road         |   100% | CRITICAL

⏱ 12:08:47 ────────────────────────────────────────
🔴 [MKCE_LID_01] Main Gate Road         |   100% | CRITICAL
🔴 [MKCE_LID_02] Academic Block Road    |  73.7% | CRITICAL
🟡 [MKCE_LID_03] Central Avenue         |  68.4% | WARNING
🔴 [MKCE_LID_04] Library Road           |  79.1% | CRITICAL
🔴 [MKCE_LID_05] Workshop Road          |  98.2% | CRITICAL
🟡 [MKCE_LID_06] Hostel Block Road      |  58.7% | WARNING
🔴 [MKCE_LID_07] Hostel Ring Road       |   100% | CRITICAL
🔴 [MKCE_LID_08] Playground Perimeter Rd |   100% | CRITICAL
🔴 [MKCE_LID_09] Canteen Road           |   100% | CRITICAL
🔴 [MKCE_LID_10] Back Gate Road         |   100% | CRITICAL

⏱ 12:08:54 ────────────────────────────────────────
🔴 [MKCE_LID_01] Main Gate Road         |   100% | CRITICAL
🔴 [MKCE_LID_02] Academic Block Road    |   100% | CRITICAL
🟡 [MKCE_LID_03] Central Avenue         |  66.1% | WARNING
🔴 [MKCE_LID_04] Library Road           |  83.0% | CRITICAL
🔴 [MKCE_LID_05] Workshop Road          |  96.4% | CRITICAL
🟡 [MKCE_LID_06] Hostel Block Road      |  61.8% | WARNING
🔴 [MKCE_LID_07] Hostel Ring Road       |   100% | CRITICAL
🔴 [MKCE_LID_08] Playground Perimeter Rd |   100% | CRITICAL
🔴 [MKCE_LID_09] Canteen Road           |   100% | CRITICAL
🔴 [MKCE_LID_10] Back Gate Road         |   100% | CRITICAL

⏱ 12:09:00 ────────────────────────────────────────
🔴 [MKCE_LID_01] Main Gate Road         |   100% | CRITICAL
🔴 [MKCE_LID_02] Academic Block Road    |   100% | CRITICAL
🟡 [MKCE_LID_03] Central Avenue         |  64.3% | WARNING
🔴 [MKCE_LID_04] Library Road           |  87.5% | CRITICAL
🔴 [MKCE_LID_05] Workshop Road          |  94.2% | CRITICAL
🟡 [MKCE_LID_06] Hostel Block Road      |  64.2% | WARNING
🔴 [MKCE_LID_07] Hostel Ring Road       |   100% | CRITICAL
🔴 [MKCE_LID_08] Playground Perimeter Rd |   100% | CRITICAL
🔴 [MKCE_LID_09] Canteen Road           |   100% | CRITICAL
🔴 [MKCE_LID_10] Back Gate Road         |   100% | CRITICAL

⏱ 12:09:06 ────────────────────────────────────────